"name","category","source","concept","formula","input_data","signal_direction","rationale","normalization","limitation","related_existing"
"opening_gap_reversal","early_bar","Brooks","Gap reversal (Ch6)","let p=close[T-1]; g=(O0-p)/p; u=max(0,O0-min(L0,L1))/(g*p+1e-8) if g>0.002 else 0; d=max(0,max(H0,H1)-O0)/(-g*p+1e-8) if g<-0.002 else 0; r=u-d","OHLC bars[0..1]; prev daily close","Negative; high=fade gap up; low=fade gap down","Institutional absorption at open; mean-revert to VWAP by 14:30","Bounded [-1,1]","Unreliable thin-volume sessions; >=2 bars","gap_pct;yesterday_gap_pct;early_return"
"spike_exhaustion_ratio","early_bar","Brooks","Spike then weak channel","body=abs(C-O)/(H-L+1e-8); spike=max(body0,body1); ch=mean(body_i i=2..D); r=spike/(ch+1e-8)-1","OHLC bars[0..D]","Negative when positive; high=unsustainable spike","Aggressive open without follow-through leaves supply/demand vacuum","Divide by early_realized_vol or ATR(20)","Sensitive to outliers; fails in genuine trend starts","bar_body_rng_i;path_length;early_return"
"barbed_wire_intensity","early_bar","Brooks","Tight overlapping bars with tails","seq=longest >=3 bars where H_i<=H_{i-1}+eps and L_i>=L_{i-1}-eps; doji=sum(abs(O-C)<0.2*(H-L+1e-8) for b in seq); tail=mean((H-max(O,C)+min(O,C)-L)/(H-L+1e-8) for b in seq); r=len(seq)*doji*tail/(D+1)","OHLC bars[0..D]","Negative; high=equilibrium; low-volatility drift","Overlapping bars + long tails + small bodies = indecision; range stays tight","Already [0,1]","Rare high-vol days; >=3 bars needed","cl_pos_in_range;early_realized_vol;bar_body_rng_i"
"wedge_open_flag","early_bar","Brooks","Three-push wedge (High3/Low3)","ph=i where H_i>H_{i-1} and H_i>H_{i+1}; pl=i where L_i<L_{i-1} and L_i<L_{i+1}; r=-1 if 3 ph descending else +1 if 3 pl ascending else 0","OHLC bars[0..D]","Positive; detected wedge flag predicts trend resumption","Three-push wedges = mechanical pullback; fade gets stopped out; afternoon acceleration","Discrete [-1,0,+1]","Unreliable <5 bars; nested wedges fail","early_return;bar_body_rng_i;cl_pos_in_range"
"inside_bar_compression","early_bar","Brooks","Consecutive inside bars (ii/iii)","inside=bars where H_i<=H_{i-1} and L_i>=L_{i-1}; r=1-mean(H-L for i in inside)/mean(H-L for all)","OHLC bars[0..D]","Volatility conditioner; high compression = larger afternoon range","Inside bars = coiling; coil break sweeps opening-range extremes before settling","Already [0,1]","Directional sign needs interaction with breakout direction","early_realized_vol;path_length;vol_slope"
"volume_climax_exhaustion","early_bar","Brooks","Climax volume on reversal bar","ev=sma_vol_daily[T-1]/48; vr=max(V_i/ev); pb=argmax(vr); rev=1-2*abs(C_pb-(H_pb+L_pb)/2)/(H_pb-L_pb+1e-8); r=max(vr-1,0)*rev","OHLCV bars[0..D]; Index daily volume T-1","Negative; high=volume climax + reversal = mean-revert","One-sided flow exhausts quickly; equilibrium creates session-wide range","Winsorize 99th then min-max [0,1]","Sensitive to rebalance/corporate action days","vol_ratio;vol_slope;vol_clustered_ratio"
"twenty_gap_bars_regime","day_level","Brooks","20-EMA gap-bar streak (Ch13)","e=ema(close_daily,20,T-252..T-1); bull=count consecutive close>e ending T-1; bear=count consecutive close<e ending T-1; r=(bull-bear)/20 clip [-1,1]","Daily Index OHLC T-252..T-1","Positive; long streak = dip-buying floor; short streak = fade","Prolonged separation builds institutional trend-following adds; floor persists intraday","Divided by 20; winsorized [-1,1]","Slow-changing; near-zero variance flat markets; >=60 days history","sma_dists;rsi"
"measured_move_proximity","day_level","Brooks","Measured move target proximity (Ch7)","H=last swing high (2-bar pivot) before T-2; L=last swing low before T-2; if last leg up: tgt=H+(H-L) else tgt=L-(L-H); r=clip((close[T-1]-tgt)/atr_daily(14),-2,2)","Daily Index OHLC T-252..T-1","Negative when r>1 overshoot; positive when r<-1 undershoot","Algorithmic profit-taking at measured targets; trend pauses/pullbacks spill into next day","Divided by 14-day ATR; winsorized [-2,2]","Swing detection noisy; needs clear recent leg","bollinger_pct_b;rsi;realized_vol_20d"
"first_bar_sentiment","early_bar","Generic","First bar direction","r=sign(C0-O0)","OHLC bar0 only","Contextual; positive = bullish open bias; negative = bearish","First bar captures overnight sentiment and initial auction imbalance","Already [-1,0,+1]","Weak standalone; needs conditioning","early_return;gap_pct"
"opening_range_size","early_bar","Generic","First bar range normalized","r=(H0-L0)/prev_c","OHLC bar0; prev daily close","Positive; larger range = higher uncertainty/volatility regime","Opening range reflects overnight information absorption and liquidity provision","Divided by prior close","Wide in high-vol events; narrow in low-vol","early_range"
"or_fill_ratio","early_bar","Generic","Close position within opening range","r=(C_D-L0)/(H0-L0+1e-8) where or_low=L0 or_high=H0","OHLC bars[0..D]","Contextual; near 1 = strong bullish; near 0 = strong bearish","Where price closes relative to opening auction range indicates conviction","Already [0,1]","Depends on range width; narrow ranges meaningless","cl_pos_in_range"
"intraday_bullish_fvg","early_bar","Generic/FVG","Bullish Fair Value Gap","r=max(0,max(L_{i-1}-H_{i-2} for i in [2..D]))","OHLC bars[0..D]","Positive; larger gap = stronger supply-demand imbalance","Unfilled bullish gap = institutional demand exceeded supply; price tends to retest/retrace","Min-max scale across training days","Requires >=3 bars; gaps may fill intraday","gap_pct"
"intraday_bearish_fvg","early_bar","Generic/FVG","Bearish Fair Value Gap","r=max(0,max(L_{i-2}-H_{i-1} for i in [2..D]))","OHLC bars[0..D]","Negative; larger gap = stronger bearish imbalance","Unfilled bearish gap = institutional supply excess; price tends to retest upside","Min-max scale across training days","Requires >=3 bars; gaps may fill intraday","gap_pct"
"inside_bar_failure_bull","early_bar","Generic/IB","Inside bar breakout above (failure)","r=sum(1 for i in [0..D-2] where H_i<=H_{i-1} and L_i>=L_{i-1} and H_{i+1}>H_i and C_{i+1}>L_i)","OHLC bars[0..D]","Positive; count of failed inside bars to upside","Inside bar = balance; failure to upside signals absorption of selling; continuation up","Integer count; cap at 3","Low-frequency; choppy markets produce many false failures","inside_bar_compression"
"inside_bar_failure_bear","early_bar","Generic/IB","Inside bar breakout below (failure)","r=sum(1 for i in [0..D-2] where H_i<=H_{i-1} and L_i>=L_{i-1} and L_{i+1}<L_i and C_{i+1}<H_i)","OHLC bars[0..D]","Negative; count of failed inside bars to downside","Failure breakdown signals absorption of buying; continuation down","Integer count; cap at 3","Low-frequency; choppy markets produce many false failures","inside_bar_compression"
"early_bullish_hammer","early_bar","Generic/Chao","Bullish hammer in opening bars","body=abs(C-O); lower=min(O,C)-L; upper=H-max(O,C); r=max(lower/(body+1e-8) for i in [0..D] if lower>2*body and upper<body and C>O)","OHLC bars[0..D]","Positive; hammer = buying rejection at lows; afternoon bounce","Long lower shadow shows limit bids absorbing selling pressure near session low","Winsorize 99th then [0,1]","Requires significant range; weak in strong downtrends","lower_shadow_rejection;upper_shadow_rejection"
"early_bearish_shooting_star","early_bar","Generic/Chao","Bearish shooting star in opening bars","body=abs(C-O); upper=H-max(O,C); lower=min(O,C)-L; r=max(upper/(body+1e-8) for i in [0..D] if upper>2*body and lower<body and C<O)","OHLC bars[0..D]","Negative; star = selling rejection at highs; afternoon fade","Long upper shadow shows limit offers absorbing buying pressure near session high","Winsorize 99th then [0,1]","Requires significant range; weak in strong uptrends","upper_shadow_rejection;lower_shadow_rejection"
"early_doji_count","early_bar","Generic/Chao","Doji bars in opening session","r=sum(1 for i in [0..D] if abs(C-O)<0.1*(H-L+1e-8))","OHLC bars[0..D]","Negative; more dojis = indecision; narrow range drift","Doji bars reflect equilibrium; high doji count = no net commitment; mean-reversion","Already count; divide by (D+1) for ratio","Rare in high-volatility regimes","cl_pos_in_range;bar_body_rng_i"
"consecutive_up_closes","early_bar","Generic","Max consecutive up closes","up=0; r=max(up_i where up_i=(C_i>C_{i-1})?nz(up_{i-1})+1:0 for i in [0..D]) with up0=1","OHLC bars[0..D]","Positive; long streak = momentum continuation into afternoon","Consecutive up closes indicate sustained buying pressure; trend-following algos add longs","Divide by (D+1) for ratio","Weak standalone; needs trend regime filter","early_return;path_length"
"consecutive_down_closes","early_bar","Generic","Max consecutive down closes","dn=0; r=max(dn_i where dn_i=(C_i<C_{i-1})?nz(dn_{i-1})+1:0 for i in [0..D]) with dn0=1","OHLC bars[0..D]","Negative; long streak = momentum continuation down","Consecutive down closes indicate sustained selling; trend-following algos add shorts","Divide by (D+1) for ratio","Weak standalone; needs trend regime filter","early_return;path_length"
"shark_32_signal","early_bar","Generic/E9","Expanding highs+lows (Shark-32)","r=1 if exists i in [0..D-2] where L_{i+2}<L_{i+1}<L_i and H_{i+2}>H_{i+1}>H_i else 0","OHLC bars[0..D]","Binary; breakout of locked pattern high/low predicts direction","Three-bar expanding volatility pattern defines key support/resistance for breakout","Already [0,1]","Requires >=3 bars; false breaks in chop","wedge_open_flag;range_expansion_ratio"
"volume_surge_max","early_bar","Generic/HPotter","Max volume vs expected","ev=sma_vol_daily[T-1]/48; r=max(V_i/(ev+1e-8) for i in [0..D])","OHLCV bars[0..D]; Index daily volume T-1","Positive; large surge = strong commitment; expect follow-through","Volume surge signals institutional participation; direction depends on price action","Min-max [0,1] after winsorize","Index rebalance days distort volume","vol_ratio;vol_clustered_ratio"
"volume_dryup_ratio","early_bar","Generic/HPotter","Low volume bar fraction","ev=sma_vol_daily[T-1]/48; r=sum(1 for i in [0..D] if V_i<ev)/(D+1)","OHLCV bars[0..D]; Index daily volume T-1","Negative; high dryup = low participation; range likely to persist","Low volume bars show lack of institutional interest; price drifts without direction","Already [0,1]","Thin sessions inflate ratio","vol_slope;vol_ratio"
"pullback_ratio","early_bar","Generic","Pullback from opening high","hh=max(H_i i=[0..D]); ll=min(L_i i=[0..D]); r=(hh-C_D)/(hh-ll+1e-8)","OHLC bars[0..D]","Negative; high pullback = fading opening strength","If opening high was aggressive, pullback shows rejection; lower afternoon return likely","Already [0,1]","Meaningless if hh≈ll","early_range;cl_pos_in_range"
"rally_ratio","early_bar","Generic","Rally from opening low","hh=max(H_i i=[0..D]); ll=min(L_i i=[0..D]); r=(C_D-ll)/(hh-ll+1e-8)","OHLC bars[0..D]","Positive; high rally = strong bid; expect continued upside","Opening low acted as support; buyers absorbed selling and pushed higher","Already [0,1]","Meaningless if hh≈ll","early_range;cl_pos_in_range"
"range_expansion_ratio","early_bar","Generic","Range expansion beyond first bar","r=(max(H_i)-min(L_i))/(H0-L0+1e-8)","OHLC bars[0..D]","Positive; large expansion = trending conviction; expect direction persistence","Bar-by-bar range expansion shows escalating commitment in one direction","Divide by (D+1) for per-bar scaling","Sensitive to single outlier bar","early_range;path_length"
"volume_concentration","early_bar","Generic","Top-3 volume share","r=sum(sorted(V,reverse=True)[0:3])/sum(V_i for i in [0..D])","OHLCV bars[0..D]","Negative; high concentration = one-sided burst then exhaustion","Front-loaded volume shows aggressive entry but limited follow-through capacity","Already [0,1]","Low total volume distorts ratio","vol_clustered_ratio;volume_surge_max"
"close_vs_open_range","early_bar","Generic","Decision close vs first bar range","r=(C_D-O0)/(H0-L0+1e-8)","OHLC bars[0..D]","Positive = above first bar midpoint; Negative = below","Relative position encodes whether opening momentum carried through or faded","Already roughly [-1,+1]","Wide first bar range reduces sensitivity","first_bar_sentiment;or_fill_ratio"
"vwap_deviation_max","early_bar","Generic","Max close deviation from VWAP","vwap_i=cumsum(C_j*V_j j=0..i)/cumsum(V_j j=0..i); r=max(abs(C_i-vwap_i))/(max(H_i)-min(L_i)+1e-8)","OHLCV bars[0..D]","Negative; large deviation = likely revert to VWAP by close","VWAP acts as intraday magnet; large early deviation tends to mean-revert by 14:30","Winsorize 99th then [0,1]","Requires volume data; unreliable illiquid sessions","vwap;vol_slope"
"net_volume_flow","early_bar","Generic","Volume-weighted directional flow","r=sum((C_i-O_i)/(H_i-L_i+1e-8)*V_i for i in [0..D])","OHLCV bars[0..D]","Positive = net buying; Negative = net selling","Signed volume flow captures which side absorbed opening imbalance","Divide by sum(V_i) for ratio","Sign flips with bar close location","volume_concentration;vol_ratio"
"orb_breakout_sentiment","early_bar","Generic/ORB","Opening range breakout direction","hh=max(H_i i=[0..D]); ll=min(L_i i=[0..D]); r=sign(C_D-hh) if C_D>hh else sign(C_D-ll) if C_D<ll else 0","OHLC bars[0..D]","Contextual; sign indicates breakout direction (or range-bound)","Breakout of first-bar range confirms opening auction direction; trend persists","Discrete [-1,0,+1]","Narrow ranges produce whipsaws; combine with volume filter","opening_range_size;early_return"
"consecutive_bullish_engulfing","early_bar","Generic/Chao","Consecutive bullish engulfing bars","r=max(0,sum(1 for i in [1..D] where C_i>O_i and C_i>O_{i-1} and O_i<C_{i-1})) cap 3","OHLC bars[0..D]","Positive; multiple engulfing = strong absorption; expect continued upside","Each bullish engulfing = aggressive bid absorbing prior supply; stacked engulfs = powerful","Cap at 3; min-max [0,1]","Rare in strong downtrends; choppy markets produce many small engulfs","early_bullish_hammer;spike_exhaustion_ratio"
"consecutive_bearish_engulfing","early_bar","Generic/Chao","Consecutive bearish engulfing bars","r=max(0,sum(1 for i in [1..D] where C_i<O_i and C_i<O_{i-1} and O_i>C_{i-1})) cap 3","OHLC bars[0..D]","Negative; multiple bearish engulfing = strong supply absorption","Each bearish engulfing = aggressive offer absorbing prior demand; stacked engulfs = powerful downside","Cap at 3; min-max [0,1]","Rare in strong uptrends; choppy markets produce many small engulfs","early_bearish_shooting_star;spike_exhaustion_ratio"
"early_body_momentum","early_bar","Generic","Sum of signed body ratios","body_i=(C_i-O_i)/(H_i-L_i+1e-8); r=sum(body_i for i in [0..D])","OHLC bars[0..D]","Positive = net bullish bodies; Negative = net bearish bodies","Cumulative body direction measures commitment strength in opening session","Already continuous; winsorize 95th","Neutralized in wide range bars; combine with volume","bar_body_rng_i;early_return"
"vwap_slope_intraday","early_bar","Generic/VWAP","VWAP slope across opening bars","vwap_i=cumsum(C_j*V_j j=0..i)/cumsum(V_j j=0..i); r=regression_slope(vwap_i index=[0..D])","OHLCV bars[0..D]","Positive slope = rising VWAP; bullish; Negative = falling VWAP; bearish","VWAP slope reflects where volume-weighted value is heading intraday","Divide by ATR(5m) for stationarity","Requires volume; noisy first 2 bars","vwap_deviation_max;vol_ratio"
"vwap_cross_count","early_bar","Generic/VWAP","Price crossing VWAP frequency","vwap_i as above; r=sum(1 for i in [0..D] where (C_i>vwap_i)!=(C_{i-1}>vwap_{i-1}))","OHLCV bars[0..D]","Negative; high cross count = chop around VWAP; low conviction","Frequent VWAP crossings show no consensus; price oscillates around value","Divide by (D+1) for ratio","Requires volume; high in very volatile sessions","vwap_deviation_max;inside_bar_compression"
"volume_percentile_rank","early_bar","Generic/HPotter","Bar volume percentile (20-bar lookback)","ev_hist=sorted(V_{T-1} j=[1..20]); r=percentile_rank(V_i, ev_hist) for peak bar i=argmax(V)","OHLCV bars[0..D]; Index daily volume T-21..T-1","Positive; high percentile = institutional participation","Relative volume context distinguishes normal surge from exceptional commitment","Already [0,1]","Sparse history distorts percentile; need >=20 days","volume_surge_max;vol_clustered_ratio"
"upper_shadow_rejection","early_bar","Generic/Chao","Max upper shadow ratio","r=max((H_i-max(O_i,C_i))/(H_i-L_i+1e-8) for i in [0..D])","OHLC bars[0..D]","Negative; long upper shadow = rejection of highs; fade","Upper shadow shows aggressive selling above body; limits accepted but rejected","Winsorize 99th then [0,1]","Weak in strong uptrends where upper shadows are pullbacks","early_bearish_shooting_star;bar_body_rng_i"
"lower_shadow_rejection","early_bar","Generic/Chao","Max lower shadow ratio","r=max((min(O_i,C_i)-L_i)/(H_i-L_i+1e-8) for i in [0..D])","OHLC bars[0..D]","Positive; long lower shadow = rejection of lows; bounce","Lower shadow shows aggressive buying below body; dip-bids absorb selling","Winsorize 99th then [0,1]","Weak in strong downtrends where lower shadows are rallies","early_bullish_hammer;bar_body_rng_i"
"trend_bar_dominance","early_bar","Generic","Fraction of trend bars","tb=sum(1 for i in [0..D] if (C_i>O_i and (C_i-L_i)/(H_i-L_i+1e-8)>0.7) or (C_i<O_i and (H_i-C_i)/(H_i-L+1e-8)>0.7)); r=tb/(D+1)","OHLC bars[0..D]","Positive for bullish trend bars; Negative for bearish","Trend bars show one-sided conviction; dominance indicates direction persistence","Already [0,1]","Threshold 0.7 arbitrary; test sensitivity","bar_body_rng_i;path_length"
"open_efficiency","early_bar","Generic","How much of bar range filled from open","eff_i=abs(C_i-O_i)/(H_i-L_i+1e-8); r=mean(eff_i for i in [0..D])","OHLC bars[0..D]","Positive = efficient trend bars; Negative = reversal bars","High efficiency = directional bars; low efficiency = indecision/reversal bars","Already [0,1]","Meaningless with zero ranges","bar_body_rng_i;early_doji_count"
"late_bar_momentum","early_bar","Generic","Last 2 bars momentum vs opening","r=sum((C_i-O_i)/(H_i-L_i+1e-8) for i in [D-1..D]) - sum((C_i-O_i)/(H_i-L_i+1e-8) for i in [0..1])","OHLC bars[0..D]","Positive = accelerating bullish; Negative = accelerating bearish","Momentum shift into decision bar shows where conviction is building at decision time","Winsorize 95th then scale","Requires >=4 bars (D>=3)","early_body_momentum;consecutive_up_closes"
"volume_price_corr","early_bar","Generic/HPotter","Volume-price correlation opening bars","r=corr(V_i, abs(C_i-O_i)/(H_i-L_i+1e-8) for i in [0..D])","OHLCV bars[0..D]","Positive = volume confirms direction; Negative = volume divergence","High correlation = institutional participation aligned with price; divergence = exhaustion","Already [-1,+1]","Unstable with few bars; needs >=5 bars","volume_concentration;body_ratio_series"
"range_expansion_final_bar","early_bar","Generic","Final bar range vs average","r=(H_D-L_D)/(mean(H_i-L_i i=[0..D-1])+1e-8)-1","OHLC bars[0..D]","Positive = expanding into decision; Negative = contracting","Decision bar range expansion shows escalation; contraction shows resolution","Winsorize 95th","Single bar can distort ratio","range_expansion_ratio;early_range"
"consecutive_lower_lows","early_bar","Generic/Chao","Count of consecutive lower lows","ll=0; r=max(ll_i where ll_i=(L_i<L_{i-1})?nz(ll_{i-1})+1:0 for i in [0..D]) with ll0=1","OHLC bars[0..D]","Negative; long streak = bearish momentum","Consecutive lower lows = sustained aggressive selling; trend-following shorts add","Divide by (D+1) for ratio","Needs trend filter; weak standalone","early_return;consecutive_down_closes"
"consecutive_higher_highs","early_bar","Generic/Chao","Count of consecutive higher highs","hh=0; r=max(hh_i where hh_i=(H_i>H_{i-1})?nz(hh_{i-1})+1:0 for i in [0..D]) with hh0=1","OHLC bars[0..D]","Positive; long streak = bullish momentum","Consecutive higher highs = sustained aggressive buying; trend-following longs add","Divide by (D+1) for ratio","Needs trend filter; weak standalone","early_return;consecutive_up_closes"
"vwap_deviation_decision_bar","early_bar","Generic/VWAP","Decision bar close vs VWAP","vwap_D=cumsum(C_j*V_j j=0..D)/cumsum(V_j j=0..D); r=(C_D-vwap_D)/(max(H_D,L_D)-min(H_D,L_D)+1e-8)","OHLCV bars[0..D]","Positive = close above VWAP; Negative = below","Decision bar position relative to VWAP captures final-minute institutional positioning","Winsorize [-1,+1]","Requires volume; unreliable first 2 bars","vwap_deviation_max;close_vs_open_range"
"volume_per_bar_regime","early_bar","Generic","Sum volume vs expected daily fraction","r=sum(V_i for i in [0..D])/(sma_vol_daily[T-1]/48+1e-8) - (D+1)/48","OHLCV bars[0..D]; Index daily volume T-1","Positive = above-average volume in opening bars","Above-expected volume in opening bars signals institutional commitment early","Winsorize 95th","Distorted by special trading days","volume_dryup_ratio;volume_surge_max"
"decision_bar_reversal_signal","early_bar","Generic","Decision bar reversal from prior bar","r=sign(C_D-O_D)*(1 if ((C_D>O_D and L_D<L_{D-1}) or (C_D<O_D and H_D>H_{D-1})) else 0)","OHLC bars[0..D]","Positive = bullish reversal at decision; Negative = bearish reversal","Reversal at decision bar shows last-minute conviction shift; predicts afternoon continuation","Already [-1,0,+1]","Weak if D very small; false in chop","late_bar_momentum;spike_exhaustion_ratio"
"opening_range_position","early_bar","Generic/ORB","Close within opening range","hh=max(H_i i=[0..D]); ll=min(L_i i=[0..D]); r=(C_D-ll)/(hh-ll+1e-8)","OHLC bars[0..D]","Positive near 1 = strong bullish; near 0 = strong bearish","Position within opening range at decision encodes auction outcome conviction","Already [0,1]","Narrow ranges meaningless; combine with volume","or_fill_ratio;cl_pos_in_range"
"first_bar_body_ratio","early_bar","Generic","First bar body relative to range","r=abs(O0-C0)/(H0-L0+1e-8)","OHLC bar0 only","Positive = strong directional first bar; 0 = doji","Large first bar body shows strong overnight conviction; doji = uncertainty","Already [0,1]","Doji bars lose information","first_bar_sentiment;early_doji_count"
"consecutive_same_close_dir","early_bar","Generic","Max consecutive closes same direction","up=0; dn=0; r=max(max(up_i where up_i=(C_i>C_{i-1})?nz(up_{i-1})+1:0), max(dn_i where dn_i=(C_i<C_{i-1})?nz(dn_{i-1})+1:0))","OHLC bars[0..D]","Positive for up streak; Negative for down streak","Long streaks show sustained directional momentum; trend-following algorithms participate","Divide by (D+1) for ratio","Needs regime context","consecutive_up_closes;consecutive_down_closes"
"volume_trend_intraday","early_bar","Generic","Volume increasing or decreasing","r=regression_slope(V_i index=[0..D])/(mean(V_i)+1e-8)","OHLCV bars[0..D]","Positive = rising volume; Negative = falling volume","Rising volume in opening bars = growing participation; falling = fading interest","Divide by mean for ratio","Sensitive to outliers; winsorize","volume_per_bar_regime;vol_slope"
"pullback_depth_ratio","early_bar","Generic","Depth of pullback from opening high","hh=max(H_i i=[0..D]); ll=min(L_i i=[0..D]); r=(hh-max(C_D,H_D))/(hh-ll+1e-8)","OHLC bars[0..D]","Negative; deep pullback = rejection of opening high","Deep pullback shows selling absorption after opening high; fades afternoon","Already [0,1]","Meaningless if hh≈ll","pullback_ratio;rally_ratio"
"range_compression_ratio","early_bar","Generic","Opening bar range vs recent ATR","r=(H0-L0)/atr_index_5m(20,T-1)","OHLC bar0; Index ATR T-1","Positive; wide range = high vol regime","Normalizing opening range by recent ATR puts volatility in context","Winsorize 95th","ATR computation adds complexity","opening_range_size;early_realized_vol"
"close_above_open_count","early_bar","Generic","Count of bars closing above open","r=sum(1 for i in [0..D] if C_i>O_i)","OHLC bars[0..D]","Positive; ratio above 0.5 = bullish bias","Ratio of up-close bars measures buying pressure throughout opening session","Divide by (D+1) for ratio","Reversed bars reduce count value","early_body_momentum;trend_bar_dominance"
"high_low_sequence_momentum","early_bar","Generic","Momentum from high/low sequence","r=(sum(C_i-O_i for i in [0..D]))/(sum(abs(C_i-O_i)+1e-8 for i in [0..D]))","OHLC bars[0..D]","Continuous [-1,+1] = net momentum direction","Net signed momentum relative to absolute action measures conviction direction","Already bounded roughly [-1,+1]","Zero when perfect reversal","early_body_momentum;open_efficiency"
"intraday_slope","early_bar","Generic","Linear regression slope of closes","r=regression_slope(C_i index=[0..D])/(mean(C_i)+1e-8)","OHLC bars[0..D]","Positive slope = rising closes; Negative = falling closes","Slope captures trend direction and strength of intraday price trajectory","Divide by mean price for % scale","Unstable with <5 bars","early_return;path_length"
"opening_momentum_score","early_bar","Generic","Composite opening momentum","r=mean(sign(C_i-O_i)*(abs(C_i-O_i)/(H_i-L_i+1e-8)) for i in [0..D])","OHLC bars[0..D]","Continuous [-1,+1]","Combines direction and strength of each bar into single opening conviction score","Already [-1,+1]","Sensitive to first bar outlier","first_bar_sentiment;early_body_momentum"
"decision_bar_body","early_bar","Generic","Decision bar body ratio","r=abs(C_D-O_D)/(H_D-L_D+1e-8)","OHLC bar D only","Positive = strong directional close at decision","Large body at decision shows clear last-minute positioning; small body = uncertainty","Already [0,1]","Zero body = doji","close_vs_open_range;open_efficiency"
"volume_weighted_price_position","early_bar","Generic","VWAP relative to opening range","vwap_D=cumsum(C_j*V_j j=0..D)/cumsum(V_j j=0..D); r=(vwap_D-ll)/(hh-ll+1e-8) where hh=max(H_i) ll=min(L_i)","OHLCV bars[0..D]","Contextual; above midpoint = bullish value area","Volume-weighted value location relative to opening range shows institutional anchor","Already [0,1]","Requires volume; noisy first bars","vwap_deviation_decision_bar;or_fill_ratio"
"trend_exhaustion_early","early_bar","Generic","Early trend exhaustion","streak=max(consecutive_up_closes, consecutive_down_closes); r=max(0, 1 - abs(early_body_momentum)*streak/(D+1))","Derived from early_bar features","Negative; high = strong trend intact; low = exhaustion","When high momentum does not produce long streaks, trend is weak/exhausting","Already [0,1]","Multiply of two features","early_body_momentum;consecutive_up_closes"
"consolidation_bars_count","early_bar","Generic","Count of inside bars in opening","r=sum(1 for i in [1..D] where H_i<=H_{i-1} and L_i>=L_{i-1})","OHLC bars[0..D]","Zero count = trending; high count = consolidation","More inside bars = tighter coiling; predicts larger eventual breakout direction","Divide by (D+1) for ratio","Low count in trending markets","inside_bar_compression;inside_bar_failure_bull"
"breakout_strength_ratio","early_bar","Generic","Breakout beyond opening range","hh=max(H_i i=[0..D]); ll=min(L_i i=[0..D]); r=(C_D-hh)/(hh-ll+1e-8) if C_D>hh else (C_D-ll)/(hh-ll+1e-8) if C_D<ll else 0","OHLC bars[0..D]","Continuous; positive = upside breakout strength; negative = downside","Strength of breakout beyond opening range predicts momentum persistence","Winsorize 95th then scale","False breakouts in chop","orb_breakout_sentiment;range_expansion_ratio"
"momentum_divergence","early_bar","Generic","Price momentum vs volume trend","price_mom=intraday_slope; vol_mom=volume_trend_intraday; r=sign(price_mom)*sign(-vol_mom) if abs(vol_mom)>threshold else 0","Derived early_bar features","Negative = divergence (bad); Positive = confirmation","Price moving without volume support = divergence = likely reversal/fade","Discrete [-1,0,+1]","Threshold selection needed","volume_price_corr;intraday_slope"
"session_high_proximity","early_bar","Generic","Close proximity to session high","r=(C_D-hh)/(hh-ll+1e-8) where hh=hh_i ll=ll_i","OHLC bars[0..D]","Positive near 1 = near session high","Closing near high shows strong bid absorption; supports upside continuation","Already [0,1]","Weak if D small or range narrow","pullback_ratio;rally_ratio"
"session_low_proximity","early_bar","Generic","Close proximity to session low","r=(C_D-ll)/(hh-ll+1e-8) where hh=hh_i ll=ll_i","OHLC bars[0..D]","Negative near 0 = near session low","Closing near low shows strong offer absorption; supports downside continuation","Already [0,1]","Weak if D small or range narrow","pullback_ratio;rally_ratio"
"opening_direction_stability","early_bar","Generic","Stability of opening direction","r=1 - std(sign(C_i-O_i) for i in [0..D])","OHLC bars[0..D]","High = stable direction; Low = flipping","Stable direction in opening bars = clear market bias; unstable = indecision","Already [0,1]","Zero when perfect flips","early_body_momentum;consecutive_up_closes"
"vwap_reversion_strength","early_bar","Generic/VWAP","VWAP reversion magnitude","vwap_D=cumsum(C_j*V_j j=0..D)/cumsum(V_j j=0..D); r=(C_D-vwap_D)/(atr_index_5m(14,T-1)+1e-8)","OHLCV bars[0..D]; Index ATR T-1","Negative = reverted; Positive = extended from VWAP","Distance from VWAP in ATR units; large deviation tends to revert toward close","Winsorize [-1,+1]","Requires volume + ATR","vwap_deviation_decision_bar;early_realized_vol"
"momentum_strength_intraday","early_bar","Generic","Normalized price momentum","r=(C_D-C0)/(C0+1e-8)/(atr_index_5m(20,T-1)+1e-8)","OHLC bars[0..D]; Index ATR T-1","Positive = bullish momentum; Negative = bearish","Momentum normalized by ATR captures strength independent of volatility regime","Winsorize 95th","Backward-looking ATR","intraday_slope;early_return"
"volatility_regime_intraday","early_bar","Generic","Opening vol vs recent vol","r=mean((H_i-L_i) for i in [0..D])/(atr_index_5m(14,T-1)+1e-8)","OHLC bars[0..D]; Index ATR T-1","Positive = elevated vol; Negative = suppressed vol","Relative vol conditions how much conviction/participation to expect","Winsorize 95th","ATR adds complexity","early_realized_vol;range_expansion_ratio"
"trend_strength_intraday","early_bar","Generic","Directional consistency of bars","r=sum(sign(C_i-O_i) for i in [0..D])/(D+1)","OHLC bars[0..D]","Continuous [-1,+1]","More bars same direction = stronger trend; high positive = consistent buying","Already [-1,+1] roughly","Zero when mixed","early_body_momentum;trend_bar_dominance"
"price_position_range","early_bar","Generic","Close position in current day's range","hh=max(H_i i=[0..D]); ll=min(L_i i=[0..D]); r=(C_D-ll)/(hh-ll+1e-8)","OHLC bars[0..D]","Contextual; near 1 = near high; near 0 = near low","Position in range at decision time encodes where value/bids/offers stand","Already [0,1]","Independent of opening direction","cl_pos_in_range;session_high_proximity"
"open_to_current_return","early_bar","Generic","Return from open to decision close","r=(C_D-O0)/(O0+1e-8)","OHLC bars[0..D]","Continuous; positive = above open; negative = below","Captures cumulative drift from opening price; simple but powerful","Divide by ATR for stationarity","Needs ATR normalization","opening_range_position;first_bar_sentiment"
"bar_size_trend","early_bar","Generic","Range expansion or contraction","r=regression_slope((H_i-L_i) index=[0..D])/(mean(H_i-L_i)+1e-8)","OHLC bars[0..D]","Positive = expanding bars; Negative = contracting","Expanding bars show escalating volatility; contracting = resolution/coiling","Divide by mean for ratio","Noisy with few bars","range_expansion_ratio;early_range"
"body_size_trend","early_bar","Generic","Body expansion or contraction","r=regression_slope(abs(C_i-O_i) index=[0..D])/(mean(abs(C_i-O_i)+1e-8))","OHLC bars[0..D]","Positive = growing bodies; Negative = shrinking bodies","Growing bodies = stronger directional commitment; shrinking = indecision widening","Divide by mean for ratio","Zero bodies problematic","open_efficiency;trend_bar_dominance"
"volume_acceleration","early_bar","Generic","Volume change acceleration","r=(mean(V_{D-1..D})-mean(V_{0..1}))/(mean(V_i)+1e-8)","OHLCV bars[0..D]","Positive = volume accelerating toward decision","Rising volume into decision = building institutional commitment late","Winsorize 95th","Outlier sensitive","volume_trend_intraday;volume_per_bar_regime"
"pullback_depth_max","early_bar","Generic","Max pullback from opening high","hh=max(H_i i=[0..D]); r=(hh-min(C_i))/(hh-ll+1e-8) where ll=min(L_i)","OHLC bars[0..D]","Negative; deep pullback = strong rejection","Deep pullback from opening high shows aggressive selling absorption","Already [0,1]","Meaningless if hh≈ll","pullback_ratio;rally_ratio"
"rally_strength_max","early_bar","Generic","Max rally from opening low","ll=min(L_i i=[0..D]); r=(max(C_i)-ll)/(hh-ll+1e-8) where hh=max(H_i)","OHLC bars[0..D]","Positive; strong rally = aggressive buying","Strong rally from opening low shows aggressive demand absorption","Already [0,1]","Meaningless if hh≈ll","pullback_ratio;rally_ratio"
"intraday_autocorr","early_bar","Generic","Lag-1 return autocorrelation","r=corr((C_i-C_{i-1})/(C_{i-1}+1e-8), (C_{i+1}-C_i)/(C_i+1e-8) for i=[0..D-2])","OHLC bars[0..D]","Positive = trend persistence; Negative = mean-reversion","Positive autocorr = trending; negative = choppy/mean-reverting regime","Already [-1,+1]","Unstable with <5 bars","intraday_slope;high_low_sequence_momentum"
"trend_adherence","early_bar","Generic","Fraction bars following bar n-1 direction","r=sum(1 for i in [1..D] if sign(C_i-O_i)==sign(C_{i-1}-O_{i-1}))/(D)","OHLC bars[0..D]","High = trend persistence; Low = choppy","Higher adherence = clearer trend; low adherence = whipsaw regime","Already [0,1]","Zero if all bars flip","trend_strength_intraday;early_body_momentum"
"upper_wick_dominance","early_bar","Generic","Max upper wick / max lower wick","r=max(H_i-max(O_i,C_i))/max(min(O_i,C_i)-L_i+1e-8) over bars where max>min+1e-8","OHLC bars[0..D]","High = rejection of highs; Low = rejection of lows","Relative tail dominance shows which side is rejecting prices more aggressively","Winsorize 95th","Zero division when no lower wicks","upper_shadow_rejection;lower_shadow_rejection"
"early_trend_hhi","early_bar","Generic","Herfindahl of bar directions","signs=[sign(C_i-O_i) for i in [0..D]]; r=sum((count(s)/len(signs))^2 for s in {+1,-1})","OHLC bars[0..D]","High (near 1) = all bars same direction; Low (0.5) = mixed","Concentration of direction measures regime clarity; HHI near 1 = strong trend","Already [0.5,1]","0.5 = perfectly mixed","trend_strength_intraday;consecutive_up_closes"
"decision_bar_range_rank","early_bar","Generic","Decision bar range rank in opening","r=rank((H_D-L_D) in [(H_i-L_i) for i in [0..D]])/(D+1)","OHLC bars[0..D]","High = decision bar has largest range","Largest range at decision = escalation; smallest = resolution","Already [0,1]","Many ties with small D","range_expansion_final_bar;early_range"
"consecutive_down_closes_strength","early_bar","Generic","Max consecutive down closes ratio","dn=0; r=max(dn_i where dn_i=(C_i<C_{i-1})?nz(dn_{i-1})+1:0 for i in [0..D])/(D+1) with dn0=1","OHLC bars[0..D]","Negative; long streak = momentum continuation","Normalized by length to compare strength across different D","Already [0,1]","Weak standalone","consecutive_down_closes;consecutive_up_closes"
"consecutive_up_closes_strength","early_bar","Generic","Max consecutive up closes ratio","up=0; r=max(up_i where up_i=(C_i>C_{i-1})?nz(up_{i-1})+1:0 for i in [0..D])/(D+1) with up0=1","OHLC bars[0..D]","Positive; long streak = momentum continuation","Normalized by length to compare strength across different D","Already [0,1]","Weak standalone","consecutive_up_closes;consecutive_down_closes"
"volume_regime_shift","early_bar","Generic/HPotter","Volume vs prior day same bar","r=(sum(V_i for i in [0..D]) - sma_vol_recent[same_bars])/(sma_vol_recent[same_bars]+1e-8)","OHLCV bars[0..D]; Index recent same-bar volume","Positive = above-normal volume regime","Comparing to prior N days same opening-bar volume detects regime change","Winsorize 95th","Needs 10+ days history","volume_per_bar_regime;volume_surge_max"
"rsi_opening","early_bar","Generic","RSI on opening bars","up=mean(max(C_i-O_i,0) for i in [0..D]); dn=mean(max(O_i-C_i,0) for i in [0..D]); r=100-100/(1+up/(dn+1e-8))","OHLC bars[0..D]","Contextual; >70 overbought; <30 oversold","RSI captures momentum exhaustion in opening session; extreme values predict fade","Already [0,100]; min-max to [0,1]","Unstable with few bars","early_body_momentum;consecutive_up_closes"
"stoch_opening","early_bar","Generic","Stochastic in opening bars","hh=max(H_i); ll=min(L_i); r=100*(C_D-ll)/(hh-ll+1e-8)","OHLC bars[0..D]","Contextual; >80 overbought; <20 oversold","Stochastic measures close position in opening range; extreme = exhaustion","Already [0,100]; min-max to [0,1]","Zero range problematic","cl_pos_in_range;early_range"
"adx_opening","early_bar","Generic","ADX-like trend strength opening","up_move=max(H_i-L_{i-1},0); dn_move=max(L_{i-1}-H_i,0); atr=mean(max(H_i-L_i,max(abs(H_i-C_i),abs(L_i-C_i))) for i); +dm=mean(up_move); -dm=mean(dn_move); dx=100*abs(+dm-(-dm))/(+dm+(-dm)+1e-8); r=mean(dx)","OHLC bars[0..D]","Continuous [0,100]; high = strong trend","ADX measures whether opening session is trending or ranging; >25 = trend","Already [0,100]; min-max to [0,1],"Needs >=14 bars; D usually small","trend_strength_intraday;early_realized_vol"
"yesterday_range_ratio","day_level","Generic","Yesterday range normalized","r=(high_daily[T-1]-low_daily[T-1])/close_daily[T-1]","Daily OHLC T-1","Positive; wide range = high vol event","Yesterday range reflects prior session uncertainty; wide range = volatile regime","Divide by close","Corporate actions distort ranges","early_realized_vol;atr_20d"
"yesterday_body_ratio","day_level","Generic","Yesterday body ratio","r=abs(close_daily[T-1]-open_daily[T-1])/(high_daily[T-1]-low_daily[T-1]+1e-8)","Daily OHLC T-1","Contextual; close to 1 = strong directional day","Strong body yesterday = strong conviction; doji = indecision carries over","Already [0,1]","Zero/doji days","bar_body_rng_i;gap_pct"
"yesterday_volume_ratio","day_level","Generic","Yesterday volume vs recent avg","r=volume_daily[T-1]/sma_volume_daily(20,T-1)+1e-8","Daily volume T-1; 20-day volume history","Positive = above-average volume day","Above-average volume yesterday = institutional activity; may affect today's open","Winsorize 95th","Rebalance/index events","vol_ratio;volume_surge_max"
"yesterday_return","day_level","Generic","Yesterday return","r=(close_daily[T-1]-close_daily[T-2])/close_daily[T-2]","Daily OHLC T-2..T-1","Continuous; positive = up day; negative = down day","Prior day return sets baseline expectation; mean-reversion or continuation effects","Divide by atr_daily for stationarity","Momentum vs reversal regime","gap_pct;yesterday_gap_pct"
"yesterday_gap","day_level","Generic","Yesterday gap from prior day","r=(open_daily[T-1]-close_daily[T-2])/close_daily[T-2]","Daily OHLC T-2..T-1","Continuous; positive = gap up; negative = gap down","Yesterday gap indicates overnight sentiment; large gaps often partially fill today","Winsorize 95th","Weekend gaps","gap_pct;yesterday_gap_pct"
"yesterday_close_position","day_level","Generic","Yesterday close in range","r=(close_daily[T-1]-low_daily[T-1])/(high_daily[T-1]-low_daily[T-1]+1e-8)","Daily OHLC T-1","Contextual; near 1 = closed at high; near 0 = closed at low","Closing near high/low indicates end-of-day conviction; affects overnight positioning","Already [0,1]","Equal high/low problematic","cl_pos_in_range;bar_body_rng_i"
"sma_distance_5d","day_level","Generic","Distance from 5-day SMA","r=(close_daily[T-1]-sma_daily(5,T-1))/sma_daily(5,T-1)+1e-8","Daily close T-252..T-1","Positive = above SMA; Negative = below","Price relative to short-term SMA indicates short-term trend direction","Winsorize 95th","Slow-changing in flat markets","sma_dists;sma20_d"
"sma_distance_20d","day_level","Generic","Distance from 20-day SMA","r=(close_daily[T-1]-sma_daily(20,T-1))/sma_daily(20,T-1)+1e-8","Daily close T-252..T-1","Positive = above SMA; Negative = below","Medium-term trend context; >20d SMA = bull regime; below = bear","Winsorize 95th","Lagging in fast markets","sma_dists;sma20_d"
"sma_distance_60d","day_level","Generic","Distance from 60-day SMA","r=(close_daily[T-1]-sma_daily(60,T-1))/sma_daily(60,T-1)+1e-8","Daily close T-252..T-1","Positive = above SMA; Negative = below","Long-term trend filter; avoids counter-trend entries in strong trends","Winsorize 95th","Very slow","sma_dists;sma60_d"
"volatility_percentile_20d","day_level","Generic","Current vol vs 20-day percentile","r=percentile_rank(atr_daily(14,T-1), atr_daily(14,T-20..T-1))","Daily ATR T-20..T-1","Continuous [0,1]; high = elevated vol","Relative vol context conditions how much conviction to expect in opening bars","Already [0,1]","Requires 20+ days","early_realized_vol;realized_vol_20d"
"volume_percentile_20d","day_level","Generic","Current volume vs 20-day percentile","r=percentile_rank(volume_daily[T-1], volume_daily(T-20..T-1))","Daily volume T-20..T-1","Continuous [0,1]; high = high participation","Relative volume context distinguishes normal from exceptional participation","Already [0,1]","Requires 20+ days","vol_ratio;yesterday_volume_ratio"
"yesterday_intraday_close_position","yesterday","Generic/early_bar","Yesterday decision bar close in range","r=(C_{yesterday,D}-L0_y)/(H0_y-L0_y+1e-8)","OHLC bars[0..D] for T-1","Contextual; near 1 = bullish carry-over; near 0 = bearish","Yesterday's closing position in its opening range predicts overnight positioning","Already [0,1]","Dependent on yesterday D","yesterday_close_position;or_fill_ratio"
"yesterday_gap_reversal","yesterday","Generic/Brooks","Yesterday gap reversal intensity","let p=T-2 close; g=(O0_{T-1}-p)/p; u=max(0,O0-min(L0,L1)_{T-1})/(g*p+1e-8) if g>0.002 else 0; d=max(0,max(H0,H1)_{T-1}-O0)/(-g*p+1e-8) if g<-0.002 else 0; r=u-d","OHLC bars[0..D] for T-1; prior close","Continuous [-1,1]; mirrors opening_gap_reversal but for yesterday","Yesterday gap reversal captured how prior day absorbed overnight imbalance","Bounded [-1,1]","Same as opening_gap_reversal but lagged","opening_gap_reversal;yesterday_gap"
"yesterday_spike_exhaustion","yesterday","Generic/Brooks","Yesterday spike exhaustion ratio","body=abs(C-O)/(H-L+1e-8); spike=max(body0,body1)_{T-1}; ch=mean(body_i i=2..D)_{T-1}; r=spike/(ch+1e-8)-1","OHLC bars[0..D] for T-1","Positive = exhausted spike yesterday; Negative = strong channel","Yesterday's exhaustion/follow-through condition sets up today's regime","Divide by atr for stationarity","Sensitive to outliers","spike_exhaustion_ratio;yesterday_body_ratio"
"yearly_high_distance","day_level","Generic","Distance from 52-week high","r=(close_daily[T-1]-max(high_daily[T-252..T-1]))/(atr_daily(14,T-1)+1e-8)","Daily OHLC T-252..T-1","Negative = near high; more negative = closer","Proximity to yearly high affects profit-taking behavior and trend strength","Winsorize [-2,2]","Requires 252 days","sma_distance_20d;measured_move_proximity"
"yearly_low_distance","day_level","Generic","Distance from 52-week low","r=(close_daily[T-1]-min(low_daily[T-252..T-1]))/(atr_daily(14,T-1)+1e-8)","Daily OHLC T-252..T-1","Positive = far from low; negative = near low","Proximity to yearly low affects dip-buying and support strength","Winsorize [-2,2]","Requires 252 days","sma_distance_20d;measured_move_proximity"
"vwap_touch_count","early_bar","Generic/VWAP","Price touches VWAP count","vwap_i=cumsum(C_j*V_j j=0..i)/cumsum(V_j j=0..i); r=sum(1 for i in [0..D] if min(L_i,C_i)<=vwap_i and max(H_i,C_i)>=vwap_i)","OHLCV bars[0..D]","High = mean-reversion around VWAP; Low = trending away","Frequent VWAP touches show price gravitating to value; predicts range expansion/reversion","Divide by (D+1) for ratio","Requires volume","vwap_deviation_max;vwap_cross_count"
"early_bullish_engulfing_count","early_bar","Generic/Chao","Bullish engulfing bars count","r=sum(1 for i in [1..D] where C_i>O_i and C_i>O_{i-1} and O_i<C_{i-1} and C_{i-1}<O_{i-1})","OHLC bars[0..D]","Positive; count indicates absorption strength","Bullish engulfing = aggressive bid absorbing prior supply; stacked = strong","Cap at 3; divide by (D+1)","Rare in strong downtrends","consecutive_bullish_engulfing;early_bullish_hammer"
"early_bearish_engulfing_count","early_bar","Generic/Chao","Bearish engulfing bars count","r=sum(1 for i in [1..D] where C_i<O_i and C_i<O_{i-1} and O_i>C_{i-1} and C_{i-1}>O_{i-1})","OHLC bars[0..D]","Negative; count indicates absorption strength","Bearish engulfing = aggressive offer absorbing prior demand; stacked = strong downside","Cap at 3; divide by (D+1)","Rare in strong uptrends","consecutive_bearish_engulfing;early_bearish_shooting_star"
"gap_fill_ratio","early_bar","Generic/FVG","Gap fill within opening session","r=sum(1 for i in [2..D] where gap_exists and fill_occurred)/(count gaps + 1e-8)","OHLC bars[0..D]","Negative; high fill ratio = mean-revert regime","Markets with frequent gap fills reward fade strategies over breakout strategies","Already [0,1]","Few gaps produce unstable ratio","opening_gap_reversal;intraday_bullish_fvg"
"close_to_high_ratio","early_bar","Generic","Close vs session high","hh=max(H_i i=[0..D]); r=(C_D-hh)/(hh-ll+1e-8) where ll=min(L_i)","OHLC bars[0..D]","Near 1 = closed near high = bullish","Close near high shows buyers won last-minute auction; predicts continued upside","Already [0,1]","Weak if hh≈ll","session_high_proximity;pullback_ratio"
"close_to_low_ratio","early_bar","Generic","Close vs session low","ll=min(L_i i=[0..D]); r=(C_D-ll)/(hh-ll+1e-8) where hh=max(H_i)","OHLC bars[0..D]","Near 0 = closed near low = bearish","Close near low shows sellers won last-minute auction; predicts continued downside","Already [0,1]","Weak if hh≈ll","session_low_proximity;pullback_ratio"
"opening_auction_imbalance","early_bar","Generic","Buy-sell imbalance from auction","r=sum((C_i-O_i)/(H_i-L_i+1e-8)*V_i for i in [0..D])/(sum(V_i)+1e-8)","OHLCV bars[0..D]","Continuous [-1,+1]; positive = net buying","Volume-weighted imbalance captures which side dominated opening auction","Already roughly [-1,+1]","Requires volume","net_volume_flow;volume_weighted_price_position"
"early_trend_consistency","early_bar","Generic","Consistency of trend direction","signs=[sign(C_i-C_{i-1}) for i in [1..D]]; positive=sum(1 for s in signs if s>0); negative=sum(1 for s in signs if s<0); r=max(positive,negative)/len(signs)","OHLC bars[0..D]","Continuous [0,1]; high = consistent trend","Consistent return direction shows trend; mixed shows chop/range","Already [0,1]","Zero when all zero returns","trend_adherence;intraday_autocorr"
"volume_surge_direction","early_bar","Generic/HPotter","Volume surge with direction","ev=sma_vol_daily[T-1]/48; peak=argmax(V_i); r=sign(C_peak-O_peak)*max(V_peak/(ev+1e-8)-1,0)","OHLCV bars[0..D]; Index daily volume T-1","Positive = bullish surge; Negative = bearish surge","Volume surge aligned with price direction shows institutional commitment","Winsorize 95th then [-1,+1]","Index rebalance days","volume_surge_max;volume_climax_exhaustion"
