Minute,Prefix,K1,K2,DTE,Credit,Margin,Exp Return,Ann Return,Action
2026-02-26 09:30:00,[510500.XSHG],8.75,9.0,27,0.25,0.25,0.48%,6.49%,Sell 510500.XSHG-2603C-8.75; Buy 510500.XSHG-2603C-9.0; Sell 510500.XSHG-2603P-9.0; Buy 510500.XSHG-2603P-8.75
2026-02-26 09:30:00,[510050.XSHG],2.9,3.1,27,0.20,0.20,0.25%,3.38%,Sell 510050.XSHG-2603C-2.9; Buy 510050.XSHG-2603C-3.1; Sell 510050.XSHG-2603P-3.1; Buy 510050.XSHG-2603P-2.9
2026-02-26 09:30:00,[510300.XSHG],4.5,4.6,27,0.10,0.10,0.10%,1.35%,Sell 510300.XSHG-2603C-4.5; Buy 510300.XSHG-2603C-4.6; Sell 510300.XSHG-2603P-4.6; Buy 510300.XSHG-2603P-4.5
2026-02-26 09:31:00,[510300.XSHG],4.5,4.7,27,0.20,0.20,0.10%,1.35%,Sell 510300.XSHG-2603C-4.5; Buy 510300.XSHG-2603C-4.7; Sell 510300.XSHG-2603P-4.7; Buy 510300.XSHG-2603P-4.5
2026-02-26 09:32:00,[510300.XSHG],4.5,4.7,27,0.20,0.20,0.35%,4.73%,Sell 510300.XSHG-2603C-4.5; Buy 510300.XSHG-2603C-4.7; Sell 510300.XSHG-2603P-4.7; Buy 510300.XSHG-2603P-4.5
2026-02-26 09:32:00,[510500.XSHG],7.75,8.25,27,0.50,0.50,0.28%,3.79%,Sell 510500.XSHG-2603C-7.75; Buy 510500.XSHG-2603C-8.25; Sell 510500.XSHG-2603P-8.25; Buy 510500.XSHG-2603P-7.75
2026-02-26 09:33:00,,,,,,,,,
2026-02-26 09:34:00,[510050.XSHG],3.0,3.1,55,0.10,0.10,2.70%,17.92%,Sell 510050.XSHG-2604C-3.0; Buy 510050.XSHG-2604C-3.1; Sell 510050.XSHG-2604P-3.1; Buy 510050.XSHG-2604P-3.0
2026-02-26 09:34:00,[510050.XSHG],2.9,3.0,27,0.10,0.10,0.40%,5.41%,Sell 510050.XSHG-2603C-2.9; Buy 510050.XSHG-2603C-3.0; Sell 510050.XSHG-2603P-3.0; Buy 510050.XSHG-2603P-2.9
2026-02-26 09:34:00,[510300.XSHG],4.5,4.7,27,0.20,0.20,0.20%,2.70%,Sell 510300.XSHG-2603C-4.5; Buy 510300.XSHG-2603C-4.7; Sell 510300.XSHG-2603P-4.7; Buy 510300.XSHG-2603P-4.5
2026-02-26 09:35:00,[510050.XSHG],3.0,3.1,55,0.10,0.10,3.50%,23.23%,Sell 510050.XSHG-2604C-3.0; Buy 510050.XSHG-2604C-3.1; Sell 510050.XSHG-2604P-3.1; Buy 510050.XSHG-2604P-3.0
2026-02-26 09:35:00,[510300.XSHG],4.5,4.7,27,0.20,0.20,0.35%,4.73%,Sell 510300.XSHG-2603C-4.5; Buy 510300.XSHG-2603C-4.7; Sell 510300.XSHG-2603P-4.7; Buy 510300.XSHG-2603P-4.5
2026-02-26 09:35:00,[510500.XSHG],7.75,8.0,27,0.25,0.25,0.08%,1.08%,Sell 510500.XSHG-2603C-7.75; Buy 510500.XSHG-2603C-8.0; Sell 510500.XSHG-2603P-8.0; Buy 510500.XSHG-2603P-7.75
2026-02-26 09:36:00,[510500.XSHG],8.0,8.25,27,0.25,0.25,0.84%,11.36%,Sell 510500.XSHG-2603C-8.0; Buy 510500.XSHG-2603C-8.25; Sell 510500.XSHG-2603P-8.25; Buy 510500.XSHG-2603P-8.0
2026-02-26 09:36:00,[510300.XSHG],4.5,4.7,27,0.20,0.20,0.40%,5.41%,Sell 510300.XSHG-2603C-4.5; Buy 510300.XSHG-2603C-4.7; Sell 510300.XSHG-2603P-4.7; Buy 510300.XSHG-2603P-4.5
2026-02-26 09:37:00,,,,,,,,,
2026-02-26 09:38:00,,,,,,,,,
2026-02-26 09:39:00,[510500.XSHG],8.0,8.25,27,0.25,0.25,0.08%,1.08%,Sell 510500.XSHG-2603C-8.0; Buy 510500.XSHG-2603C-8.25; Sell 510500.XSHG-2603P-8.25; Buy 510500.XSHG-2603P-8.0
2026-02-26 09:40:00,[510300.XSHG],4.5,4.7,27,0.20,0.20,0.05%,0.68%,Sell 510300.XSHG-2603C-4.5; Buy 510300.XSHG-2603C-4.7; Sell 510300.XSHG-2603P-4.7; Buy 510300.XSHG-2603P-4.5
2026-02-26 09:41:00,[510300.XSHG],4.5,4.7,27,0.20,0.20,0.15%,2.03%,Sell 510300.XSHG-2603C-4.5; Buy 510300.XSHG-2603C-4.7; Sell 510300.XSHG-2603P-4.7; Buy 510300.XSHG-2603P-4.5
2026-02-26 09:42:00,[510300.XSHG],4.5,4.7,27,0.20,0.20,0.25%,3.38%,Sell 510300.XSHG-2603C-4.5; Buy 510300.XSHG-2603C-4.7; Sell 510300.XSHG-2603P-4.7; Buy 510300.XSHG-2603P-4.5
2026-02-26 09:43:00,[510300.XSHG],4.5,4.7,27,0.20,0.20,0.10%,1.35%,Sell 510300.XSHG-2603C-4.5; Buy 510300.XSHG-2603C-4.7; Sell 510300.XSHG-2603P-4.7; Buy 510300.XSHG-2603P-4.5
2026-02-26 09:44:00,[510300.XSHG],4.5,4.776,27,0.28,0.28,0.11%,1.47%,Sell 510300.XSHG-2603C-4.5; Buy 510300.XSHG-2603C-4.776; Sell 510300.XSHG-2603P-4.776; Buy 510300.XSHG-2603P-4.5
2026-02-26 09:45:00,[510300.XSHG],4.5,4.7,27,0.20,0.20,0.25%,3.38%,Sell 510300.XSHG-2603C-4.5; Buy 510300.XSHG-2603C-4.7; Sell 510300.XSHG-2603P-4.7; Buy 510300.XSHG-2603P-4.5
2026-02-26 09:46:00,[510300.XSHG],4.5,4.7,27,0.20,0.20,0.30%,4.06%,Sell 510300.XSHG-2603C-4.5; Buy 510300.XSHG-2603C-4.7; Sell 510300.XSHG-2603P-4.7; Buy 510300.XSHG-2603P-4.5
2026-02-26 09:47:00,[510300.XSHG],4.5,4.7,27,0.20,0.20,0.05%,0.68%,Sell 510300.XSHG-2603C-4.5; Buy 510300.XSHG-2603C-4.7; Sell 510300.XSHG-2603P-4.7; Buy 510300.XSHG-2603P-4.5
2026-02-26 09:48:00,[510300.XSHG],4.5,4.7,27,0.20,0.20,0.25%,3.38%,Sell 510300.XSHG-2603C-4.5; Buy 510300.XSHG-2603C-4.7; Sell 510300.XSHG-2603P-4.7; Buy 510300.XSHG-2603P-4.5
2026-02-26 09:48:00,[510500.XSHG],8.0,8.25,27,0.25,0.25,0.20%,2.70%,Sell 510500.XSHG-2603C-8.0; Buy 510500.XSHG-2603C-8.25; Sell 510500.XSHG-2603P-8.25; Buy 510500.XSHG-2603P-8.0
2026-02-26 09:49:00,[510500.XSHG],8.0,8.25,27,0.25,0.25,0.32%,4.33%,Sell 510500.XSHG-2603C-8.0; Buy 510500.XSHG-2603C-8.25; Sell 510500.XSHG-2603P-8.25; Buy 510500.XSHG-2603P-8.0
2026-02-26 09:50:00,,,,,,,,,
2026-02-26 09:51:00,,,,,,,,,
2026-02-26 09:52:00,[510300.XSHG],4.5,4.7,27,0.20,0.20,0.25%,3.38%,Sell 510300.XSHG-2603C-4.5; Buy 510300.XSHG-2603C-4.7; Sell 510300.XSHG-2603P-4.7; Buy 510300.XSHG-2603P-4.5
2026-02-26 09:53:00,,,,,,,,,
2026-02-26 09:54:00,[510300.XSHG],4.5,4.7,27,0.20,0.20,0.30%,4.06%,Sell 510300.XSHG-2603C-4.5; Buy 510300.XSHG-2603C-4.7; Sell 510300.XSHG-2603P-4.7; Buy 510300.XSHG-2603P-4.5
2026-02-26 09:54:00,[510500.XSHG],8.0,8.25,27,0.25,0.25,0.24%,3.24%,Sell 510500.XSHG-2603C-8.0; Buy 510500.XSHG-2603C-8.25; Sell 510500.XSHG-2603P-8.25; Buy 510500.XSHG-2603P-8.0
2026-02-26 09:55:00,,,,,,,,,
2026-02-26 09:56:00,,,,,,,,,
2026-02-26 09:57:00,,,,,,,,,
2026-02-26 09:58:00,,,,,,,,,
2026-02-26 09:59:00,[510500.XSHG],8.0,8.25,27,0.25,0.25,0.24%,3.24%,Sell 510500.XSHG-2603C-8.0; Buy 510500.XSHG-2603C-8.25; Sell 510500.XSHG-2603P-8.25; Buy 510500.XSHG-2603P-8.0
2026-02-26 09:59:00,[510300.XSHG],4.5,4.7,27,0.20,0.20,0.10%,1.35%,Sell 510300.XSHG-2603C-4.5; Buy 510300.XSHG-2603C-4.7; Sell 510300.XSHG-2603P-4.7; Buy 510300.XSHG-2603P-4.5
2026-02-26 10:00:00,[510500.XSHG],7.75,7.94,27,0.19,0.19,0.68%,9.25%,Sell 510500.XSHG-2603C-7.75; Buy 510500.XSHG-2603C-7.94; Sell 510500.XSHG-2603P-7.94; Buy 510500.XSHG-2603P-7.75
2026-02-26 10:01:00,[510300.XSHG],4.5,4.7,27,0.20,0.20,0.15%,2.03%,Sell 510300.XSHG-2603C-4.5; Buy 510300.XSHG-2603C-4.7; Sell 510300.XSHG-2603P-4.7; Buy 510300.XSHG-2603P-4.5
2026-02-26 10:01:00,[510500.XSHG],7.75,8.25,27,0.50,0.50,0.08%,1.08%,Sell 510500.XSHG-2603C-7.75; Buy 510500.XSHG-2603C-8.25; Sell 510500.XSHG-2603P-8.25; Buy 510500.XSHG-2603P-7.75
2026-02-26 10:02:00,[510300.XSHG],4.5,4.7,27,0.20,0.20,0.15%,2.03%,Sell 510300.XSHG-2603C-4.5; Buy 510300.XSHG-2603C-4.7; Sell 510300.XSHG-2603P-4.7; Buy 510300.XSHG-2603P-4.5
2026-02-26 10:02:00,[510500.XSHG],7.75,8.437,27,0.69,0.69,0.15%,1.97%,Sell 510500.XSHG-2603C-7.75; Buy 510500.XSHG-2603C-8.437; Sell 510500.XSHG-2603P-8.437; Buy 510500.XSHG-2603P-7.75
2026-02-26 10:03:00,[510300.XSHG],4.5,4.7,27,0.20,0.20,0.15%,2.03%,Sell 510300.XSHG-2603C-4.5; Buy 510300.XSHG-2603C-4.7; Sell 510300.XSHG-2603P-4.7; Buy 510300.XSHG-2603P-4.5
2026-02-26 10:04:00,[510300.XSHG],4.5,4.7,27,0.20,0.20,0.15%,2.03%,Sell 510300.XSHG-2603C-4.5; Buy 510300.XSHG-2603C-4.7; Sell 510300.XSHG-2603P-4.7; Buy 510300.XSHG-2603P-4.5
2026-02-26 10:05:00,[510300.XSHG],4.5,4.7,27,0.20,0.20,0.30%,4.06%,Sell 510300.XSHG-2603C-4.5; Buy 510300.XSHG-2603C-4.7; Sell 510300.XSHG-2603P-4.7; Buy 510300.XSHG-2603P-4.5
2026-02-26 10:06:00,,,,,,,,,
2026-02-26 10:07:00,,,,,,,,,
2026-02-26 10:08:00,[510300.XSHG],4.5,4.7,27,0.20,0.20,0.25%,3.38%,Sell 510300.XSHG-2603C-4.5; Buy 510300.XSHG-2603C-4.7; Sell 510300.XSHG-2603P-4.7; Buy 510300.XSHG-2603P-4.5
2026-02-26 10:09:00,[510300.XSHG],4.5,4.7,27,0.20,0.20,0.05%,0.68%,Sell 510300.XSHG-2603C-4.5; Buy 510300.XSHG-2603C-4.7; Sell 510300.XSHG-2603P-4.7; Buy 510300.XSHG-2603P-4.5
2026-02-26 10:10:00,,,,,,,,,
2026-02-26 10:11:00,[510300.XSHG],4.5,4.7,27,0.20,0.20,0.10%,1.35%,Sell 510300.XSHG-2603C-4.5; Buy 510300.XSHG-2603C-4.7; Sell 510300.XSHG-2603P-4.7; Buy 510300.XSHG-2603P-4.5
2026-02-26 10:12:00,,,,,,,,,
2026-02-26 10:13:00,[510500.XSHG],8.0,8.25,27,0.25,0.25,0.04%,0.54%,Sell 510500.XSHG-2603C-8.0; Buy 510500.XSHG-2603C-8.25; Sell 510500.XSHG-2603P-8.25; Buy 510500.XSHG-2603P-8.0
2026-02-26 10:14:00,,,,,,,,,
2026-02-26 10:15:00,[510300.XSHG],4.5,4.7,27,0.20,0.20,0.10%,1.35%,Sell 510300.XSHG-2603C-4.5; Buy 510300.XSHG-2603C-4.7; Sell 510300.XSHG-2603P-4.7; Buy 510300.XSHG-2603P-4.5
2026-02-26 10:16:00,[510300.XSHG],4.5,4.7,27,0.20,0.20,0.10%,1.35%,Sell 510300.XSHG-2603C-4.5; Buy 510300.XSHG-2603C-4.7; Sell 510300.XSHG-2603P-4.7; Buy 510300.XSHG-2603P-4.5
2026-02-26 10:17:00,[510500.XSHG],8.0,8.25,27,0.25,0.25,0.16%,2.16%,Sell 510500.XSHG-2603C-8.0; Buy 510500.XSHG-2603C-8.25; Sell 510500.XSHG-2603P-8.25; Buy 510500.XSHG-2603P-8.0
2026-02-26 10:18:00,,,,,,,,,
2026-02-26 10:19:00,[510300.XSHG],4.5,4.7,27,0.20,0.20,0.10%,1.35%,Sell 510300.XSHG-2603C-4.5; Buy 510300.XSHG-2603C-4.7; Sell 510300.XSHG-2603P-4.7; Buy 510300.XSHG-2603P-4.5
2026-02-26 10:20:00,,,,,,,,,
2026-02-26 10:21:00,[510300.XSHG],4.6,4.7,27,0.10,0.10,0.10%,1.35%,Sell 510300.XSHG-2603C-4.6; Buy 510300.XSHG-2603C-4.7; Sell 510300.XSHG-2603P-4.7; Buy 510300.XSHG-2603P-4.6
2026-02-26 10:22:00,,,,,,,,,
2026-02-26 10:23:00,,,,,,,,,
2026-02-26 10:24:00,[510300.XSHG],4.5,4.7,27,0.20,0.20,0.30%,4.06%,Sell 510300.XSHG-2603C-4.5; Buy 510300.XSHG-2603C-4.7; Sell 510300.XSHG-2603P-4.7; Buy 510300.XSHG-2603P-4.5
2026-02-26 10:25:00,[510500.XSHG],9.0,9.25,27,0.25,0.25,0.92%,12.44%,Sell 510500.XSHG-2603C-9.0; Buy 510500.XSHG-2603C-9.25; Sell 510500.XSHG-2603P-9.25; Buy 510500.XSHG-2603P-9.0
2026-02-26 10:25:00,[510300.XSHG],4.5,4.7,27,0.20,0.20,0.10%,1.35%,Sell 510300.XSHG-2603C-4.5; Buy 510300.XSHG-2603C-4.7; Sell 510300.XSHG-2603P-4.7; Buy 510300.XSHG-2603P-4.5
2026-02-26 10:26:00,,,,,,,,,
2026-02-26 10:27:00,[510300.XSHG],4.5,4.7,27,0.20,0.20,0.05%,0.68%,Sell 510300.XSHG-2603C-4.5; Buy 510300.XSHG-2603C-4.7; Sell 510300.XSHG-2603P-4.7; Buy 510300.XSHG-2603P-4.5
2026-02-26 10:28:00,[510050.XSHG],3.0,3.02,27,0.02,0.02,2.00%,27.04%,Sell 510050.XSHG-2603C-3.0; Buy 510050.XSHG-2603C-3.02; Sell 510050.XSHG-2603P-3.02; Buy 510050.XSHG-2603P-3.0
2026-02-26 10:28:00,[510300.XSHG],4.386,4.4,27,0.01,0.01,1.43%,19.31%,Sell 510300.XSHG-2603C-4.386; Buy 510300.XSHG-2603C-4.4; Sell 510300.XSHG-2603P-4.4; Buy 510300.XSHG-2603P-4.386
2026-02-26 10:29:00,[510050.XSHG],3.0,3.02,27,0.02,0.02,0.50%,6.76%,Sell 510050.XSHG-2603C-3.0; Buy 510050.XSHG-2603C-3.02; Sell 510050.XSHG-2603P-3.02; Buy 510050.XSHG-2603P-3.0
2026-02-26 10:29:00,[510300.XSHG],4.5,4.7,27,0.20,0.20,0.35%,4.73%,Sell 510300.XSHG-2603C-4.5; Buy 510300.XSHG-2603C-4.7; Sell 510300.XSHG-2603P-4.7; Buy 510300.XSHG-2603P-4.5
2026-02-26 10:30:00,[510050.XSHG],3.0,3.2,27,0.20,0.20,0.45%,6.08%,Sell 510050.XSHG-2603C-3.0; Buy 510050.XSHG-2603C-3.2; Sell 510050.XSHG-2603P-3.2; Buy 510050.XSHG-2603P-3.0
2026-02-26 10:30:00,[510300.XSHG],4.5,4.7,27,0.20,0.20,0.30%,4.06%,Sell 510300.XSHG-2603C-4.5; Buy 510300.XSHG-2603C-4.7; Sell 510300.XSHG-2603P-4.7; Buy 510300.XSHG-2603P-4.5
2026-02-26 10:31:00,,,,,,,,,
2026-02-26 10:32:00,,,,,,,,,
2026-02-26 10:33:00,[510300.XSHG],4.6,4.7,27,0.10,0.10,0.20%,2.70%,Sell 510300.XSHG-2603C-4.6; Buy 510300.XSHG-2603C-4.7; Sell 510300.XSHG-2603P-4.7; Buy 510300.XSHG-2603P-4.6
2026-02-26 10:34:00,,,,,,,,,
2026-02-26 10:35:00,,,,,,,,,
2026-02-26 10:36:00,,,,,,,,,
2026-02-26 10:37:00,[510300.XSHG],4.5,4.7,27,0.20,0.20,0.05%,0.68%,Sell 510300.XSHG-2603C-4.5; Buy 510300.XSHG-2603C-4.7; Sell 510300.XSHG-2603P-4.7; Buy 510300.XSHG-2603P-4.5
2026-02-26 10:38:00,,,,,,,,,
2026-02-26 10:39:00,,,,,,,,,
2026-02-26 10:40:00,,,,,,,,,
2026-02-26 10:41:00,,,,,,,,,
2026-02-26 10:42:00,,,,,,,,,
2026-02-26 10:43:00,,,,,,,,,
2026-02-26 10:44:00,,,,,,,,,
2026-02-26 10:45:00,,,,,,,,,
2026-02-26 10:46:00,,,,,,,,,
2026-02-26 10:47:00,,,,,,,,,
2026-02-26 10:48:00,[510300.XSHG],4.5,4.7,27,0.20,0.20,0.10%,1.35%,Sell 510300.XSHG-2603C-4.5; Buy 510300.XSHG-2603C-4.7; Sell 510300.XSHG-2603P-4.7; Buy 510300.XSHG-2603P-4.5
2026-02-26 10:49:00,[510300.XSHG],4.5,4.7,27,0.20,0.20,0.25%,3.38%,Sell 510300.XSHG-2603C-4.5; Buy 510300.XSHG-2603C-4.7; Sell 510300.XSHG-2603P-4.7; Buy 510300.XSHG-2603P-4.5
2026-02-26 10:50:00,[510300.XSHG],4.5,4.7,27,0.20,0.20,0.15%,2.03%,Sell 510300.XSHG-2603C-4.5; Buy 510300.XSHG-2603C-4.7; Sell 510300.XSHG-2603P-4.7; Buy 510300.XSHG-2603P-4.5
2026-02-26 10:51:00,,,,,,,,,
2026-02-26 10:52:00,,,,,,,,,
2026-02-26 10:53:00,[510300.XSHG],4.5,4.7,27,0.20,0.20,0.10%,1.35%,Sell 510300.XSHG-2603C-4.5; Buy 510300.XSHG-2603C-4.7; Sell 510300.XSHG-2603P-4.7; Buy 510300.XSHG-2603P-4.5
2026-02-26 10:54:00,,,,,,,,,
2026-02-26 10:55:00,,,,,,,,,
2026-02-26 10:56:00,,,,,,,,,
2026-02-26 10:57:00,,,,,,,,,
2026-02-26 10:58:00,,,,,,,,,
2026-02-26 10:59:00,,,,,,,,,
2026-02-26 11:00:00,,,,,,,,,
2026-02-26 11:01:00,,,,,,,,,
2026-02-26 11:02:00,[510300.XSHG],4.5,4.7,27,0.20,0.20,0.05%,0.68%,Sell 510300.XSHG-2603C-4.5; Buy 510300.XSHG-2603C-4.7; Sell 510300.XSHG-2603P-4.7; Buy 510300.XSHG-2603P-4.5
2026-02-26 11:03:00,,,,,,,,,
2026-02-26 11:04:00,,,,,,,,,
2026-02-26 11:05:00,,,,,,,,,
2026-02-26 11:06:00,,,,,,,,,
2026-02-26 11:07:00,,,,,,,,,
2026-02-26 11:08:00,,,,,,,,,
2026-02-26 11:09:00,,,,,,,,,
2026-02-26 11:10:00,,,,,,,,,
2026-02-26 11:11:00,,,,,,,,,
2026-02-26 11:12:00,[510500.XSHG],7.5,7.692,27,0.19,0.19,0.78%,10.56%,Sell 510500.XSHG-2603C-7.5; Buy 510500.XSHG-2603C-7.692; Sell 510500.XSHG-2603P-7.692; Buy 510500.XSHG-2603P-7.5
2026-02-26 11:13:00,[510500.XSHG],8.0,8.189,27,0.19,0.19,0.26%,3.58%,Sell 510500.XSHG-2603C-8.0; Buy 510500.XSHG-2603C-8.189; Sell 510500.XSHG-2603P-8.189; Buy 510500.XSHG-2603P-8.0
2026-02-26 11:14:00,,,,,,,,,
2026-02-26 11:15:00,,,,,,,,,
2026-02-26 11:16:00,[510500.XSHG],8.0,8.189,27,0.19,0.19,0.11%,1.43%,Sell 510500.XSHG-2603C-8.0; Buy 510500.XSHG-2603C-8.189; Sell 510500.XSHG-2603P-8.189; Buy 510500.XSHG-2603P-8.0
2026-02-26 11:17:00,,,,,,,,,
2026-02-26 11:18:00,[510300.XSHG],4.5,4.7,27,0.20,0.20,0.15%,2.03%,Sell 510300.XSHG-2603C-4.5; Buy 510300.XSHG-2603C-4.7; Sell 510300.XSHG-2603P-4.7; Buy 510300.XSHG-2603P-4.5
2026-02-26 11:19:00,,,,,,,,,
2026-02-26 11:20:00,[510500.XSHG],7.5,7.692,27,0.19,0.19,0.36%,4.93%,Sell 510500.XSHG-2603C-7.5; Buy 510500.XSHG-2603C-7.692; Sell 510500.XSHG-2603P-7.692; Buy 510500.XSHG-2603P-7.5
2026-02-26 11:21:00,,,,,,,,,
2026-02-26 11:22:00,,,,,,,,,
2026-02-26 11:23:00,,,,,,,,,
2026-02-26 11:24:00,,,,,,,,,
2026-02-26 11:25:00,,,,,,,,,
2026-02-26 11:26:00,,,,,,,,,
2026-02-26 11:27:00,,,,,,,,,
2026-02-26 11:28:00,[510500.XSHG],8.0,8.25,27,0.25,0.25,0.56%,7.57%,Sell 510500.XSHG-2603C-8.0; Buy 510500.XSHG-2603C-8.25; Sell 510500.XSHG-2603P-8.25; Buy 510500.XSHG-2603P-8.0
2026-02-26 11:29:00,,,,,,,,,
2026-02-26 13:00:00,[510500.XSHG],8.0,8.25,27,0.25,0.25,1.00%,13.52%,Sell 510500.XSHG-2603C-8.0; Buy 510500.XSHG-2603C-8.25; Sell 510500.XSHG-2603P-8.25; Buy 510500.XSHG-2603P-8.0
2026-02-26 13:01:00,,,,,,,,,
2026-02-26 13:02:00,,,,,,,,,
2026-02-26 13:03:00,,,,,,,,,
2026-02-26 13:04:00,,,,,,,,,
2026-02-26 13:05:00,,,,,,,,,
2026-02-26 13:06:00,[510500.XSHG],8.75,9.181,27,0.43,0.43,0.00%,0.00%,Sell 510500.XSHG-2603C-8.75; Buy 510500.XSHG-2603C-9.181; Sell 510500.XSHG-2603P-9.181; Buy 510500.XSHG-2603P-8.75
2026-02-26 13:07:00,[510500.XSHG],8.0,8.189,27,0.19,0.19,0.53%,7.15%,Sell 510500.XSHG-2603C-8.0; Buy 510500.XSHG-2603C-8.189; Sell 510500.XSHG-2603P-8.189; Buy 510500.XSHG-2603P-8.0
2026-02-26 13:08:00,[510500.XSHG],8.0,8.25,27,0.25,0.25,0.48%,6.49%,Sell 510500.XSHG-2603C-8.0; Buy 510500.XSHG-2603C-8.25; Sell 510500.XSHG-2603P-8.25; Buy 510500.XSHG-2603P-8.0
2026-02-26 13:09:00,,,,,,,,,
2026-02-26 13:10:00,,,,,,,,,
2026-02-26 13:11:00,,,,,,,,,
2026-02-26 13:12:00,,,,,,,,,
2026-02-26 13:13:00,,,,,,,,,
2026-02-26 13:14:00,[510500.XSHG],8.0,8.25,27,0.25,0.25,0.32%,4.33%,Sell 510500.XSHG-2603C-8.0; Buy 510500.XSHG-2603C-8.25; Sell 510500.XSHG-2603P-8.25; Buy 510500.XSHG-2603P-8.0
2026-02-26 13:15:00,,,,,,,,,
2026-02-26 13:16:00,,,,,,,,,
2026-02-26 13:17:00,,,,,,,,,
2026-02-26 13:18:00,[510500.XSHG],8.0,8.25,27,0.25,0.25,0.08%,1.08%,Sell 510500.XSHG-2603C-8.0; Buy 510500.XSHG-2603C-8.25; Sell 510500.XSHG-2603P-8.25; Buy 510500.XSHG-2603P-8.0
2026-02-26 13:19:00,,,,,,,,,
2026-02-26 13:20:00,[510500.XSHG],8.0,8.25,27,0.25,0.25,0.16%,2.16%,Sell 510500.XSHG-2603C-8.0; Buy 510500.XSHG-2603C-8.25; Sell 510500.XSHG-2603P-8.25; Buy 510500.XSHG-2603P-8.0
2026-02-26 13:21:00,,,,,,,,,
2026-02-26 13:22:00,[510500.XSHG],8.0,8.25,27,0.25,0.25,0.16%,2.16%,Sell 510500.XSHG-2603C-8.0; Buy 510500.XSHG-2603C-8.25; Sell 510500.XSHG-2603P-8.25; Buy 510500.XSHG-2603P-8.0
2026-02-26 13:23:00,,,,,,,,,
2026-02-26 13:24:00,[510500.XSHG],8.0,8.25,27,0.25,0.25,0.36%,4.87%,Sell 510500.XSHG-2603C-8.0; Buy 510500.XSHG-2603C-8.25; Sell 510500.XSHG-2603P-8.25; Buy 510500.XSHG-2603P-8.0
2026-02-26 13:25:00,,,,,,,,,
2026-02-26 13:26:00,,,,,,,,,
2026-02-26 13:27:00,,,,,,,,,
2026-02-26 13:28:00,,,,,,,,,
2026-02-26 13:29:00,,,,,,,,,
2026-02-26 13:30:00,,,,,,,,,
2026-02-26 13:31:00,,,,,,,,,
2026-02-26 13:32:00,[510300.XSHG],4.5,4.7,27,0.20,0.20,0.30%,4.06%,Sell 510300.XSHG-2603C-4.5; Buy 510300.XSHG-2603C-4.7; Sell 510300.XSHG-2603P-4.7; Buy 510300.XSHG-2603P-4.5
2026-02-26 13:33:00,[510300.XSHG],4.5,4.7,27,0.20,0.20,0.20%,2.70%,Sell 510300.XSHG-2603C-4.5; Buy 510300.XSHG-2603C-4.7; Sell 510300.XSHG-2603P-4.7; Buy 510300.XSHG-2603P-4.5
2026-02-26 13:34:00,[510300.XSHG],4.5,4.7,27,0.20,0.20,0.20%,2.70%,Sell 510300.XSHG-2603C-4.5; Buy 510300.XSHG-2603C-4.7; Sell 510300.XSHG-2603P-4.7; Buy 510300.XSHG-2603P-4.5
2026-02-26 13:35:00,,,,,,,,,
2026-02-26 13:36:00,,,,,,,,,
2026-02-26 13:37:00,[510500.XSHG],8.0,8.25,27,0.25,0.25,0.68%,9.19%,Sell 510500.XSHG-2603C-8.0; Buy 510500.XSHG-2603C-8.25; Sell 510500.XSHG-2603P-8.25; Buy 510500.XSHG-2603P-8.0
2026-02-26 13:38:00,[510500.XSHG],8.0,8.25,27,0.25,0.25,0.48%,6.49%,Sell 510500.XSHG-2603C-8.0; Buy 510500.XSHG-2603C-8.25; Sell 510500.XSHG-2603P-8.25; Buy 510500.XSHG-2603P-8.0
2026-02-26 13:39:00,,,,,,,,,
2026-02-26 13:40:00,,,,,,,,,
2026-02-26 13:41:00,,,,,,,,,
2026-02-26 13:42:00,,,,,,,,,
2026-02-26 13:43:00,,,,,,,,,
2026-02-26 13:44:00,,,,,,,,,
2026-02-26 13:45:00,,,,,,,,,
2026-02-26 13:46:00,,,,,,,,,
2026-02-26 13:47:00,[510300.XSHG],4.5,4.581,27,0.08,0.08,0.62%,8.34%,Sell 510300.XSHG-2603C-4.5; Buy 510300.XSHG-2603C-4.581; Sell 510300.XSHG-2603P-4.581; Buy 510300.XSHG-2603P-4.5
2026-02-26 13:48:00,,,,,,,,,
2026-02-26 13:49:00,,,,,,,,,
2026-02-26 13:50:00,[510300.XSHG],4.5,4.7,27,0.20,0.20,0.05%,0.68%,Sell 510300.XSHG-2603C-4.5; Buy 510300.XSHG-2603C-4.7; Sell 510300.XSHG-2603P-4.7; Buy 510300.XSHG-2603P-4.5
2026-02-26 13:50:00,[510500.XSHG],8.0,8.25,27,0.25,0.25,0.04%,0.54%,Sell 510500.XSHG-2603C-8.0; Buy 510500.XSHG-2603C-8.25; Sell 510500.XSHG-2603P-8.25; Buy 510500.XSHG-2603P-8.0
2026-02-26 13:51:00,[510500.XSHG],8.0,8.25,27,0.25,0.25,0.24%,3.24%,Sell 510500.XSHG-2603C-8.0; Buy 510500.XSHG-2603C-8.25; Sell 510500.XSHG-2603P-8.25; Buy 510500.XSHG-2603P-8.0
2026-02-26 13:52:00,,,,,,,,,
2026-02-26 13:53:00,[510300.XSHG],4.5,4.7,27,0.20,0.20,0.15%,2.03%,Sell 510300.XSHG-2603C-4.5; Buy 510300.XSHG-2603C-4.7; Sell 510300.XSHG-2603P-4.7; Buy 510300.XSHG-2603P-4.5
2026-02-26 13:54:00,,,,,,,,,
2026-02-26 13:55:00,,,,,,,,,
2026-02-26 13:56:00,,,,,,,,,
2026-02-26 13:57:00,,,,,,,,,
2026-02-26 13:58:00,[510300.XSHG],4.5,4.7,27,0.20,0.20,0.10%,1.35%,Sell 510300.XSHG-2603C-4.5; Buy 510300.XSHG-2603C-4.7; Sell 510300.XSHG-2603P-4.7; Buy 510300.XSHG-2603P-4.5
2026-02-26 13:58:00,[510500.XSHG],8.0,8.25,27,0.25,0.25,0.04%,0.54%,Sell 510500.XSHG-2603C-8.0; Buy 510500.XSHG-2603C-8.25; Sell 510500.XSHG-2603P-8.25; Buy 510500.XSHG-2603P-8.0
2026-02-26 13:59:00,[510500.XSHG],8.0,8.25,27,0.25,0.25,0.04%,0.54%,Sell 510500.XSHG-2603C-8.0; Buy 510500.XSHG-2603C-8.25; Sell 510500.XSHG-2603P-8.25; Buy 510500.XSHG-2603P-8.0
2026-02-26 14:00:00,[510300.XSHG],4.5,4.7,27,0.20,0.20,0.25%,3.38%,Sell 510300.XSHG-2603C-4.5; Buy 510300.XSHG-2603C-4.7; Sell 510300.XSHG-2603P-4.7; Buy 510300.XSHG-2603P-4.5
2026-02-26 14:00:00,[510500.XSHG],8.0,8.25,27,0.25,0.25,0.04%,0.54%,Sell 510500.XSHG-2603C-8.0; Buy 510500.XSHG-2603C-8.25; Sell 510500.XSHG-2603P-8.25; Buy 510500.XSHG-2603P-8.0
2026-02-26 14:01:00,,,,,,,,,
2026-02-26 14:02:00,,,,,,,,,
2026-02-26 14:03:00,[510300.XSHG],4.5,4.7,27,0.20,0.20,0.15%,2.03%,Sell 510300.XSHG-2603C-4.5; Buy 510300.XSHG-2603C-4.7; Sell 510300.XSHG-2603P-4.7; Buy 510300.XSHG-2603P-4.5
2026-02-26 14:04:00,[510300.XSHG],4.5,4.7,27,0.20,0.20,0.40%,5.41%,Sell 510300.XSHG-2603C-4.5; Buy 510300.XSHG-2603C-4.7; Sell 510300.XSHG-2603P-4.7; Buy 510300.XSHG-2603P-4.5
2026-02-26 14:05:00,[510500.XSHG],8.0,8.25,27,0.25,0.25,0.12%,1.62%,Sell 510500.XSHG-2603C-8.0; Buy 510500.XSHG-2603C-8.25; Sell 510500.XSHG-2603P-8.25; Buy 510500.XSHG-2603P-8.0
2026-02-26 14:06:00,[510300.XSHG],4.5,4.7,27,0.20,0.20,0.10%,1.35%,Sell 510300.XSHG-2603C-4.5; Buy 510300.XSHG-2603C-4.7; Sell 510300.XSHG-2603P-4.7; Buy 510300.XSHG-2603P-4.5
2026-02-26 14:07:00,[510300.XSHG],4.5,4.581,27,0.08,0.08,0.74%,10.01%,Sell 510300.XSHG-2603C-4.5; Buy 510300.XSHG-2603C-4.581; Sell 510300.XSHG-2603P-4.581; Buy 510300.XSHG-2603P-4.5
2026-02-26 14:08:00,[510300.XSHG],4.5,4.7,27,0.20,0.20,0.15%,2.03%,Sell 510300.XSHG-2603C-4.5; Buy 510300.XSHG-2603C-4.7; Sell 510300.XSHG-2603P-4.7; Buy 510300.XSHG-2603P-4.5
2026-02-26 14:09:00,[510300.XSHG],4.5,4.7,27,0.20,0.20,0.50%,6.76%,Sell 510300.XSHG-2603C-4.5; Buy 510300.XSHG-2603C-4.7; Sell 510300.XSHG-2603P-4.7; Buy 510300.XSHG-2603P-4.5
2026-02-26 14:10:00,[510300.XSHG],4.5,4.6,27,0.10,0.10,0.90%,12.17%,Sell 510300.XSHG-2603C-4.5; Buy 510300.XSHG-2603C-4.6; Sell 510300.XSHG-2603P-4.6; Buy 510300.XSHG-2603P-4.5
2026-02-26 14:11:00,[510300.XSHG],4.5,4.7,27,0.20,0.20,0.25%,3.38%,Sell 510300.XSHG-2603C-4.5; Buy 510300.XSHG-2603C-4.7; Sell 510300.XSHG-2603P-4.7; Buy 510300.XSHG-2603P-4.5
2026-02-26 14:12:00,[510300.XSHG],4.5,4.7,27,0.20,0.20,0.30%,4.06%,Sell 510300.XSHG-2603C-4.5; Buy 510300.XSHG-2603C-4.7; Sell 510300.XSHG-2603P-4.7; Buy 510300.XSHG-2603P-4.5
2026-02-26 14:13:00,,,,,,,,,
2026-02-26 14:14:00,,,,,,,,,
2026-02-26 14:15:00,[510300.XSHG],4.5,4.7,27,0.20,0.20,0.10%,1.35%,Sell 510300.XSHG-2603C-4.5; Buy 510300.XSHG-2603C-4.7; Sell 510300.XSHG-2603P-4.7; Buy 510300.XSHG-2603P-4.5
2026-02-26 14:16:00,[510300.XSHG],4.5,4.7,27,0.20,0.20,0.25%,3.38%,Sell 510300.XSHG-2603C-4.5; Buy 510300.XSHG-2603C-4.7; Sell 510300.XSHG-2603P-4.7; Buy 510300.XSHG-2603P-4.5
2026-02-26 14:17:00,,,,,,,,,
2026-02-26 14:18:00,[510500.XSHG],8.0,8.25,27,0.25,0.25,0.32%,4.33%,Sell 510500.XSHG-2603C-8.0; Buy 510500.XSHG-2603C-8.25; Sell 510500.XSHG-2603P-8.25; Buy 510500.XSHG-2603P-8.0
2026-02-26 14:19:00,,,,,,,,,
2026-02-26 14:20:00,,,,,,,,,
2026-02-26 14:21:00,,,,,,,,,
2026-02-26 14:22:00,,,,,,,,,
2026-02-26 14:23:00,,,,,,,,,
2026-02-26 14:24:00,[510500.XSHG],8.0,8.25,27,0.25,0.25,0.20%,2.70%,Sell 510500.XSHG-2603C-8.0; Buy 510500.XSHG-2603C-8.25; Sell 510500.XSHG-2603P-8.25; Buy 510500.XSHG-2603P-8.0
2026-02-26 14:25:00,[510300.XSHG],4.5,4.6,27,0.10,0.10,0.40%,5.41%,Sell 510300.XSHG-2603C-4.5; Buy 510300.XSHG-2603C-4.6; Sell 510300.XSHG-2603P-4.6; Buy 510300.XSHG-2603P-4.5
2026-02-26 14:26:00,[510500.XSHG],8.0,8.25,27,0.25,0.25,0.24%,3.24%,Sell 510500.XSHG-2603C-8.0; Buy 510500.XSHG-2603C-8.25; Sell 510500.XSHG-2603P-8.25; Buy 510500.XSHG-2603P-8.0
2026-02-26 14:26:00,[510300.XSHG],4.5,4.7,27,0.20,0.20,0.20%,2.70%,Sell 510300.XSHG-2603C-4.5; Buy 510300.XSHG-2603C-4.7; Sell 510300.XSHG-2603P-4.7; Buy 510300.XSHG-2603P-4.5
2026-02-26 14:27:00,,,,,,,,,
2026-02-26 14:28:00,,,,,,,,,
2026-02-26 14:29:00,,,,,,,,,
2026-02-26 14:30:00,,,,,,,,,
2026-02-26 14:31:00,[510500.XSHG],8.0,8.25,27,0.25,0.25,0.04%,0.54%,Sell 510500.XSHG-2603C-8.0; Buy 510500.XSHG-2603C-8.25; Sell 510500.XSHG-2603P-8.25; Buy 510500.XSHG-2603P-8.0
2026-02-26 14:32:00,,,,,,,,,
2026-02-26 14:33:00,[510300.XSHG],4.5,4.7,27,0.20,0.20,0.10%,1.35%,Sell 510300.XSHG-2603C-4.5; Buy 510300.XSHG-2603C-4.7; Sell 510300.XSHG-2603P-4.7; Buy 510300.XSHG-2603P-4.5
2026-02-26 14:34:00,,,,,,,,,
2026-02-26 14:35:00,[510300.XSHG],4.5,4.7,27,0.20,0.20,0.15%,2.03%,Sell 510300.XSHG-2603C-4.5; Buy 510300.XSHG-2603C-4.7; Sell 510300.XSHG-2603P-4.7; Buy 510300.XSHG-2603P-4.5
2026-02-26 14:36:00,[510300.XSHG],4.5,4.7,27,0.20,0.20,0.05%,0.68%,Sell 510300.XSHG-2603C-4.5; Buy 510300.XSHG-2603C-4.7; Sell 510300.XSHG-2603P-4.7; Buy 510300.XSHG-2603P-4.5
2026-02-26 14:37:00,,,,,,,,,
2026-02-26 14:38:00,[510500.XSHG],8.0,8.25,27,0.25,0.25,0.24%,3.24%,Sell 510500.XSHG-2603C-8.0; Buy 510500.XSHG-2603C-8.25; Sell 510500.XSHG-2603P-8.25; Buy 510500.XSHG-2603P-8.0
2026-02-26 14:39:00,[510500.XSHG],8.0,8.25,27,0.25,0.25,0.20%,2.70%,Sell 510500.XSHG-2603C-8.0; Buy 510500.XSHG-2603C-8.25; Sell 510500.XSHG-2603P-8.25; Buy 510500.XSHG-2603P-8.0
2026-02-26 14:40:00,[510300.XSHG],4.5,4.7,27,0.20,0.20,0.05%,0.68%,Sell 510300.XSHG-2603C-4.5; Buy 510300.XSHG-2603C-4.7; Sell 510300.XSHG-2603P-4.7; Buy 510300.XSHG-2603P-4.5
2026-02-26 14:41:00,,,,,,,,,
2026-02-26 14:42:00,[510500.XSHG],8.0,8.25,27,0.25,0.25,0.16%,2.16%,Sell 510500.XSHG-2603C-8.0; Buy 510500.XSHG-2603C-8.25; Sell 510500.XSHG-2603P-8.25; Buy 510500.XSHG-2603P-8.0
2026-02-26 14:43:00,,,,,,,,,
2026-02-26 14:44:00,,,,,,,,,
2026-02-26 14:45:00,,,,,,,,,
2026-02-26 14:46:00,,,,,,,,,
2026-02-26 14:47:00,,,,,,,,,
2026-02-26 14:48:00,,,,,,,,,
2026-02-26 14:49:00,[510300.XSHG],4.5,4.7,27,0.20,0.20,0.05%,0.68%,Sell 510300.XSHG-2603C-4.5; Buy 510300.XSHG-2603C-4.7; Sell 510300.XSHG-2603P-4.7; Buy 510300.XSHG-2603P-4.5
2026-02-26 14:50:00,[510300.XSHG],4.5,4.7,27,0.20,0.20,0.05%,0.68%,Sell 510300.XSHG-2603C-4.5; Buy 510300.XSHG-2603C-4.7; Sell 510300.XSHG-2603P-4.7; Buy 510300.XSHG-2603P-4.5
2026-02-26 14:50:00,[510500.XSHG],8.0,8.25,27,0.25,0.25,0.04%,0.54%,Sell 510500.XSHG-2603C-8.0; Buy 510500.XSHG-2603C-8.25; Sell 510500.XSHG-2603P-8.25; Buy 510500.XSHG-2603P-8.0
2026-02-26 14:51:00,[510500.XSHG],8.0,8.25,27,0.25,0.25,0.16%,2.16%,Sell 510500.XSHG-2603C-8.0; Buy 510500.XSHG-2603C-8.25; Sell 510500.XSHG-2603P-8.25; Buy 510500.XSHG-2603P-8.0
2026-02-26 14:52:00,,,,,,,,,
2026-02-26 14:53:00,,,,,,,,,
2026-02-26 14:54:00,,,,,,,,,
2026-02-26 14:55:00,[510500.XSHG],8.0,8.25,27,0.25,0.25,0.24%,3.24%,Sell 510500.XSHG-2603C-8.0; Buy 510500.XSHG-2603C-8.25; Sell 510500.XSHG-2603P-8.25; Buy 510500.XSHG-2603P-8.0
2026-02-26 14:55:00,[510300.XSHG],4.5,4.7,27,0.20,0.20,0.20%,2.70%,Sell 510300.XSHG-2603C-4.5; Buy 510300.XSHG-2603C-4.7; Sell 510300.XSHG-2603P-4.7; Buy 510300.XSHG-2603P-4.5
2026-02-26 14:56:00,[510500.XSHG],8.0,8.25,27,0.25,0.25,0.32%,4.33%,Sell 510500.XSHG-2603C-8.0; Buy 510500.XSHG-2603C-8.25; Sell 510500.XSHG-2603P-8.25; Buy 510500.XSHG-2603P-8.0
2026-02-26 14:56:00,[510300.XSHG],4.5,4.7,27,0.20,0.20,0.10%,1.35%,Sell 510300.XSHG-2603C-4.5; Buy 510300.XSHG-2603C-4.7; Sell 510300.XSHG-2603P-4.7; Buy 510300.XSHG-2603P-4.5
2026-02-26 14:57:00,,,,,,,,,
2026-02-26 14:58:00,[510500.XSHG],8.5,8.75,27,0.25,0.25,0.64%,8.65%,Sell 510500.XSHG-2603C-8.5; Buy 510500.XSHG-2603C-8.75; Sell 510500.XSHG-2603P-8.75; Buy 510500.XSHG-2603P-8.5
2026-02-26 14:59:00,[510500.XSHG],8.0,8.25,27,0.25,0.25,1.24%,16.76%,Sell 510500.XSHG-2603C-8.0; Buy 510500.XSHG-2603C-8.25; Sell 510500.XSHG-2603P-8.25; Buy 510500.XSHG-2603P-8.0
2026-02-26 15:00:00,[510300.XSHG],4.5,4.678,27,0.18,0.18,0.00%,0.00%,Sell 510300.XSHG-2603C-4.5; Buy 510300.XSHG-2603C-4.678; Sell 510300.XSHG-2603P-4.678; Buy 510300.XSHG-2603P-4.5
