date,direction,option_type,contract,strike,expiry,dtm,contracts,entry_px,exit_px,spot_entry,spot_exit,gross_pnl,commission,net_pnl,capital,stop_hit
2025-02-05,Short,P,10008602,3.9000000953674316,2025-02-26,21,15.5279,0.0644,0.0694,3.897,3.886,776.4,124.22359793151529,652.17,100652.17,False
2025-03-14,Long,C,10008013,4.099999904632568,2025-03-26,12,30.8749,0.0326,0.0476,4.063,4.1,4629.18,246.9991941174692,4382.18,105034.35,True
2025-06-11,Long,C,10008282,4.0,2025-06-25,14,20.7989,0.0505,0.0402,4.019,4.007,-2137.71,166.3910444277531,-2304.1,102730.25,True
2025-10-13,Long,C,10009913,4.699999809265137,2025-10-22,9,24.3437,0.0422,0.039,4.648,4.7,-773.48,194.7492935785718,-968.23,101762.02,True
2025-12-10,Short,P,10009762,4.699999809265137,2025-12-24,14,13.9975,0.0727,0.0616,4.666,4.706,-1557.93,111.98021485198558,-1669.91,100092.12,True
2025-01-09,Long,C,10008429,5.5,2025-01-22,13,7.9365,0.126,0.1131,5.551,5.562,-1022.22,63.4920624708703,-1085.71,98914.29,True
2025-01-13,Long,C,10008429,5.5,2025-01-22,9,12.2419,0.0808,0.0749,5.467,5.457,-721.05,97.93493967712736,-818.98,98095.3,True
2025-01-14,Long,C,10008429,5.5,2025-01-22,8,9.2543,0.106,0.1718,5.538,5.631,6089.31,74.03419304310269,6015.28,104110.58,False
2025-01-16,Long,C,10008735,5.5,2025-02-26,41,4.6989,0.2216,0.1781,5.578,5.523,-2044.35,37.591288238780756,-2081.94,102028.64,True
2025-01-21,Short,P,10008744,5.5,2025-02-26,36,7.317,0.1394,0.122,5.577,5.622,-1277.38,58.53597157923405,-1335.91,100692.73,False
2025-01-24,Long,C,10008612,5.6570000648498535,2025-02-26,33,7.0204,0.1411,0.1551,5.618,5.655,999.08,56.16343856973037,942.91,101635.64,False
2025-02-05,Short,P,10008621,5.6570000648498535,2025-02-26,21,6.3242,0.1581,0.1532,5.599,5.606,-315.0,50.593740595472006,-365.59,101270.05,False
2025-02-07,Long,C,10008736,5.75,2025-02-26,19,7.6546,0.1323,0.1572,5.801,5.804,1906.75,61.236611698822784,1845.52,103115.57,True
2025-02-11,Short,P,10008622,5.9029998779296875,2025-02-26,15,6.5914,0.1539,0.1352,5.83,5.856,-1252.93,52.73126984417978,-1305.66,101809.91,False
2025-02-12,Long,C,10008613,5.9029998779296875,2025-02-26,14,12.1994,0.0821,0.0725,5.88,5.894,-1191.87,97.59543382174343,-1289.47,100520.44,True
2025-03-11,Long,C,10008755,6.0,2025-03-26,15,12.0673,0.0833,0.0721,6.004,6.027,-1351.13,96.53823119881835,-1447.67,99072.76,True
2025-03-26,Long,C,10008971,6.0,2025-04-23,28,11.3973,0.0869,0.0772,5.968,5.944,-1105.74,91.17872424787795,-1196.92,97875.84,True
2025-04-01,Long,C,10008971,6.0,2025-04-23,22,19.229,0.0509,0.0471,5.894,5.887,-726.6,153.83236030388468,-880.43,96995.41,True
2025-04-03,Long,C,10008970,5.75,2025-04-23,20,6.3066,0.1538,0.1317,5.867,5.841,-1396.28,50.45274902518284,-1446.73,95548.67,True
2025-04-08,Long,C,10008968,5.25,2025-04-23,15,5.0716,0.1884,0.1508,5.311,5.254,-1906.0,40.572685613232146,-1946.58,93602.1,True
2025-04-11,Long,C,10008969,5.5,2025-04-23,12,7.9123,0.1183,0.1354,5.553,5.584,1353.26,63.29812334184197,1289.96,94892.06,True
2025-04-15,Short,P,10008978,5.5,2025-04-23,8,17.8704,0.0531,0.0443,5.57,5.582,-1569.2,142.96355577591763,-1712.17,93179.89,True
2025-04-17,Long,C,10009089,5.5,2025-05-28,41,5.579,0.167,0.1491,5.591,5.563,-998.3,44.63180778194411,-1042.93,92136.97,False
2025-04-21,Long,C,10009089,5.5,2025-05-28,37,5.7566,0.1601,0.1926,5.589,5.636,1874.22,46.052499525375396,1828.17,93965.14,False
2025-04-30,Long,C,10009089,5.5,2025-05-28,28,5.4473,0.1725,0.176,5.622,5.631,190.65,43.578034295161714,147.08,94112.21,False
2025-05-08,Long,C,10009090,5.75,2025-05-28,20,10.9179,0.0862,0.0864,5.768,5.775,21.84,87.34312131784634,-65.51,94046.7,False
2025-05-15,Short,P,10009099,5.75,2025-05-28,13,9.7965,0.096,0.1,5.736,5.723,391.86,78.37225348473444,313.49,94360.19,False
2025-05-29,Long,C,10008772,5.75,2025-06-25,27,13.1972,0.0715,0.0802,5.706,5.728,1148.16,105.5778345983632,1042.58,95402.77,False
2025-05-30,Short,P,10008310,5.6570000648498535,2025-06-25,26,8.35,0.1124,0.1045,5.684,5.688,-670.54,66.80012715934811,-737.34,94665.44,False
2025-06-03,Long,C,10008772,5.75,2025-06-25,22,13.6998,0.0691,0.0552,5.729,5.709,-1900.98,109.59819324700456,-2010.58,92654.86,True
2025-06-04,Long,C,10008772,5.75,2025-06-25,21,13.4673,0.0688,0.0727,5.738,5.747,525.22,107.73820611381944,417.49,93072.35,False
2025-06-11,Long,C,10008302,5.9029998779296875,2025-06-25,14,23.5377,0.0389,0.0296,5.839,5.822,-2233.5,188.3014536516232,-2421.8,90650.55,True
2025-06-16,Long,C,10008772,5.75,2025-06-25,9,11.1091,0.0816,0.0772,5.807,5.802,-488.8,88.87308258054496,-577.68,90072.87,False
2025-06-23,Long,C,10009363,5.75,2025-07-23,30,14.5112,0.0621,0.0727,5.695,5.719,1543.13,116.08969773506735,1427.04,91499.92,False
2025-06-24,Long,C,10009363,5.75,2025-07-23,29,9.3726,0.0976,0.1156,5.773,5.803,1683.87,74.98079137754483,1608.89,93108.8,False
2025-06-25,Long,C,10009363,5.75,2025-07-23,28,6.5801,0.1415,0.1858,5.848,5.906,2916.71,52.64102535678637,2864.06,95972.87,False
2025-07-08,Long,C,10009364,6.0,2025-07-23,15,15.6563,0.0613,0.0829,6.005,6.039,3381.75,125.25007702189747,3256.5,99229.37,False
2025-07-15,Long,C,10009364,6.0,2025-07-23,8,8.8756,0.1118,0.0831,6.094,6.081,-2549.96,71.00491698544523,-2620.97,96608.4,True
2025-07-17,Long,C,10009549,6.0,2025-08-27,41,6.0919,0.1586,0.1879,6.108,6.147,1787.91,48.735054869501305,1739.18,98347.58,False
2025-07-21,Long,C,10009550,6.25,2025-08-27,37,10.2464,0.096,0.1032,6.209,6.224,735.53,81.97133733241091,653.56,99001.14,False
2025-07-24,Long,C,10009550,6.25,2025-08-27,34,6.4749,0.1529,0.1907,6.308,6.359,2447.51,51.79915900845799,2395.71,101396.85,False
2025-08-11,Long,C,10009551,6.5,2025-08-27,16,19.3875,0.0523,0.0559,6.446,6.467,700.28,155.10034917412634,545.18,101942.03,True
2025-08-13,Long,C,10009551,6.5,2025-08-27,14,12.2822,0.083,0.1125,6.524,6.567,3627.74,98.25738097822558,3529.49,105471.52,True
2025-08-15,Long,C,10009551,6.5,2025-08-27,12,8.3708,0.126,0.1608,6.575,6.639,2913.16,66.96604056893707,2846.2,108317.71,True
2025-08-22,Long,C,10008887,6.75,2025-09-24,33,5.0698,0.2137,0.2578,6.836,6.905,2240.11,40.5583627615192,2199.55,110517.26,False
2025-08-25,Long,C,10008903,7.0,2025-09-24,30,5.9033,0.1872,0.1679,7.004,7.031,-1138.11,47.22613291099405,-1185.34,109331.93,True
2025-08-27,Long,C,10008903,7.0,2025-09-24,28,4.9599,0.2204,0.2198,7.071,7.044,-29.81,39.67907295665604,-69.49,109262.44,True
2025-08-28,Long,C,10008903,7.0,2025-09-24,27,6.5663,0.1664,0.1647,6.968,7.038,-110.31,52.530017546243016,-162.84,109099.59,True
2025-09-08,Long,C,10008903,7.0,2025-09-24,16,7.4016,0.1474,0.1081,7.047,7.078,-2912.14,59.21280258443832,-2971.35,106128.25,True
2025-09-10,Long,C,10008903,7.0,2025-09-24,14,9.1254,0.1163,0.0844,7.037,7.01,-2909.81,73.00309115423035,-2982.82,103145.43,True
2025-09-12,Long,C,10009047,7.25,2025-09-24,12,9.8234,0.105,0.1014,7.238,7.267,-349.81,78.58699690252058,-428.4,102717.03,True
2025-09-24,Long,C,10009930,7.25,2025-10-22,28,6.1354,0.1674,0.2393,7.295,7.408,4408.23,49.08304780802622,4359.15,107076.18,False
2025-09-30,Long,C,10009931,7.5,2025-10-22,22,6.7599,0.1584,0.1529,7.506,7.524,-371.79,54.078878916753965,-425.87,106650.31,False
2025-10-23,Short,P,10010113,7.25,2025-11-26,34,3.4944,0.3052,0.2552,7.127,7.217,-1746.2,27.955518891537114,-1774.15,104876.16,True
2025-10-24,Long,C,10010104,7.25,2025-11-26,33,5.5111,0.1903,0.1986,7.3,7.347,457.42,44.0887675239123,413.33,105289.49,False
2025-10-27,Long,C,10010105,7.5,2025-11-26,30,7.7419,0.136,0.1401,7.46,7.48,317.42,61.93499013924961,255.48,105544.97,False
2025-10-29,Long,C,10010105,7.5,2025-11-26,28,7.3244,0.1441,0.1895,7.497,7.585,3325.29,58.59540524553173,3266.69,108811.66,False
2025-10-30,Short,P,10010114,7.5,2025-11-26,27,6.035,0.1803,0.163,7.522,7.511,-1043.36,48.280273534742996,-1091.64,107720.03,True
2025-11-03,Short,P,10010113,7.25,2025-11-26,23,8.9394,0.1205,0.116,7.366,7.431,-406.71,71.5153724162538,-478.23,107241.8,True
2025-11-13,Long,C,10010105,7.5,2025-11-26,13,17.8736,0.06,0.0662,7.406,7.455,1108.52,142.98906806973315,965.53,108207.33,True
2025-11-27,Long,C,10009615,7.25,2025-12-24,27,13.4086,0.0807,0.0619,7.152,7.07,-2521.44,107.26872811957965,-2628.71,105578.62,True
2025-12-16,Short,P,10009616,7.25,2025-12-24,8,6.7419,0.1566,0.1625,7.136,7.127,399.48,53.9354400934854,345.55,105924.17,True
2025-12-18,Long,C,10010482,7.25,2026-01-28,41,6.2947,0.1683,0.1385,7.284,7.236,-1874.91,50.357904398315135,-1925.26,103998.91,True
2025-12-22,Long,C,10010482,7.25,2026-01-28,37,4.8382,0.215,0.213,7.371,7.368,-95.96,38.705993486611256,-134.67,103864.24,False
2025-12-30,Long,C,10010483,7.5,2026-01-28,29,5.2246,0.1988,0.2072,7.578,7.588,438.86,41.7964743977106,397.07,104261.3,False
2025-01-02,Short,P,90004741,2.0999999046325684,2025-01-22,20,13.3869,0.0747,0.1214,2.068,2.014,6251.67,107.09504986203957,6144.58,106144.58,False
2025-01-15,Short,P,90004739,2.0,2025-01-22,7,29.5667,0.0359,0.0381,2.006,1.996,650.47,236.53387668076527,413.93,106558.51,False
2025-01-16,Long,C,90004902,2.0,2025-02-26,41,11.384,0.0936,0.0858,2.021,2.007,-886.93,91.07227655482734,-978.0,105580.51,False
2025-01-20,Long,C,90004903,2.049999952316284,2025-02-26,37,11.2411,0.0939,0.0878,2.069,2.058,-685.13,89.9287072458522,-775.06,104805.45,False
2025-01-21,Short,P,90004912,2.049999952316284,2025-02-26,36,14.0383,0.0747,0.0687,2.052,2.065,-831.27,112.30600569404088,-943.58,103861.87,False
2025-01-24,Long,C,90004904,2.0999999046325684,2025-02-26,33,17.7846,0.0584,0.0628,2.07,2.083,782.52,142.27652808542436,640.24,104502.11,False
2025-02-05,Short,P,90004912,2.049999952316284,2025-02-26,21,15.2558,0.0685,0.0684,2.025,2.023,-15.25,122.04626667857234,-137.3,104364.81,False
2025-02-10,Short,P,90004913,2.0999999046325684,2025-02-26,16,29.8185,0.035,0.0317,2.133,2.137,-978.05,238.54813724509935,-1216.6,103148.22,True
2025-02-11,Short,P,90004913,2.0999999046325684,2025-02-26,15,25.406,0.0406,0.0398,2.117,2.115,-203.25,203.24770549027707,-406.5,102741.72,False
2025-02-14,Long,C,90004905,2.1500000953674316,2025-02-26,12,27.6932,0.0371,0.0437,2.146,2.172,1838.46,221.5454952794448,1616.91,104358.63,True
2025-03-12,Short,P,90004416,2.1500000953674316,2025-03-26,14,28.5133,0.0366,0.032,2.163,2.158,-1317.31,228.10629256280666,-1545.42,102813.21,True
2025-03-14,Long,C,90004408,2.1500000953674316,2025-03-26,12,27.2714,0.0377,0.0566,2.149,2.183,5154.3,218.17126535255167,4936.12,107749.34,False
2025-04-07,Short,P,90005234,1.899999976158142,2025-04-23,16,10.1842,0.1058,0.2344,1.851,1.773,13097.21,81.47397642930063,13015.74,120765.07,True
2025-04-08,Long,C,90005383,1.850000023841858,2025-04-23,15,18.9287,0.0638,0.0476,1.811,1.786,-3067.08,151.42956191697544,-3218.51,117546.57,True
2025-04-09,Short,P,90005436,1.7999999523162842,2025-04-23,14,15.3857,0.0764,0.0583,1.799,1.835,-2790.45,123.0854141459901,-2913.53,114633.03,True
2025-04-28,Short,P,90005262,1.899999976158142,2025-05-28,30,21.5476,0.0532,0.053,1.905,1.905,-43.1,172.38050209415164,-215.48,114417.56,False
2025-05-08,Long,C,90005255,2.0,2025-05-28,20,36.9089,0.031,0.0308,1.991,2.002,-70.13,295.27111774845906,-365.4,114052.16,True
2025-05-15,Short,P,90005264,2.0,2025-05-28,13,41.9309,0.0272,0.0299,2.025,2.016,1132.14,335.4475219048866,796.69,114848.85,False
2025-06-03,Long,C,90004618,2.0,2025-06-25,22,41.3125,0.0278,0.0253,1.985,1.98,-1032.81,330.5002854218028,-1363.31,113485.53,False
2025-06-04,Long,C,90004618,2.0,2025-06-25,21,37.3308,0.0304,0.0305,1.996,2.0,37.33,298.6461344411191,-261.32,113224.22,False
2025-06-09,Long,C,90004618,2.0,2025-06-25,16,24.0903,0.047,0.0447,2.039,2.036,-554.4,192.72207905881862,-747.12,112477.1,True
2025-06-11,Long,C,90004618,2.0,2025-06-25,14,22.0543,0.051,0.0436,2.049,2.042,-1636.87,176.43466753515725,-1813.31,110663.79,True
2025-06-16,Long,C,90004618,2.0,2025-06-25,9,28.1587,0.0393,0.0363,2.034,2.035,-844.76,225.26981392410136,-1070.03,109593.76,False
2025-06-24,Long,C,90005632,2.0,2025-07-23,29,21.9907,0.0498,0.0602,2.028,2.043,2283.83,175.92571039930647,2107.91,111701.67,False
2025-06-25,Long,C,90005633,2.049999952316284,2025-07-23,28,24.4752,0.0456,0.0707,2.067,2.104,6134.44,195.80187880087752,5938.63,117640.3,False
2025-07-03,Long,C,90005634,2.0999999046325684,2025-07-23,20,27.3582,0.043,0.0546,2.121,2.144,3173.55,218.86566556076423,2954.69,120594.99,False
2025-07-08,Long,C,90005634,2.0999999046325684,2025-07-23,15,25.0197,0.0482,0.0672,2.133,2.16,4753.74,200.15765183422036,4553.59,125148.57,False
2025-07-15,Long,C,90005681,2.200000047683716,2025-07-23,8,32.5061,0.0385,0.029,2.218,2.214,-3075.4,260.0489809090057,-3335.45,121813.12,True
2025-07-17,Long,C,90005719,2.200000047683716,2025-08-27,41,16.9588,0.0718,0.0848,2.223,2.244,2202.38,135.67038480784666,2066.71,123879.83,False
2025-07-18,Long,C,90005720,2.25,2025-08-27,40,18.7871,0.0659,0.0589,2.263,2.25,-1330.18,150.29718016141248,-1480.48,122399.35,False
2025-07-24,Long,C,90005721,2.299999952316284,2025-08-27,34,18.918,0.0647,0.0719,2.302,2.318,1362.1,151.3438691180831,1210.75,123610.11,False
2025-08-11,Long,C,90005721,2.299999952316284,2025-08-27,16,17.6586,0.07,0.0771,2.347,2.356,1253.76,141.26869149547446,1112.49,124722.6,False
2025-08-13,Long,C,90005803,2.4000000953674316,2025-08-27,14,25.9299,0.0481,0.0812,2.408,2.456,8575.18,207.43883724135088,8367.74,133090.33,True
2025-08-15,Long,C,90005843,2.5,2025-08-27,12,36.664,0.0363,0.0555,2.465,2.5,7049.63,293.3120317490619,6756.32,139846.65,True
2025-08-19,Long,C,90005963,2.5999999046325684,2025-08-27,8,21.7491,0.0643,0.0509,2.59,2.572,-2923.95,173.992726000794,-3097.94,136748.71,True
2025-08-20,Short,P,90005940,2.549999952316284,2025-08-27,7,28.4301,0.0481,0.0456,2.55,2.576,-724.4,227.44069705705903,-951.84,135796.88,True
2025-08-22,Long,C,90005965,2.5999999046325684,2025-09-24,33,12.8798,0.1054,0.1367,2.6,2.655,4028.87,103.03813498996365,3925.84,139722.71,False
2025-08-25,Long,C,90006005,2.700000047683716,2025-09-24,30,13.5944,0.1028,0.1096,2.686,2.727,926.41,108.75499487259512,817.66,140540.37,True
2025-08-27,Long,C,90006023,2.75,2025-09-24,28,13.2794,0.1058,0.1152,2.729,2.747,1248.29,106.23518467694818,1142.06,141682.43,True
2025-08-28,Long,C,90006023,2.75,2025-09-24,27,17.5133,0.0809,0.0908,2.705,2.771,1732.47,140.10623555655525,1592.37,143274.79,True
2025-09-08,Short,P,90006097,2.9000000953674316,2025-09-24,16,14.878,0.0963,0.0993,2.914,2.914,441.08,119.0237142581431,322.06,143596.85,True
2025-09-10,Long,C,90006069,2.8499999046325684,2025-09-24,14,15.2763,0.094,0.0686,2.874,2.884,-3880.58,122.2100913276857,-4002.79,139594.07,True
2025-09-15,Long,C,90006197,3.0,2025-09-24,9,12.9855,0.1075,0.0991,3.055,3.047,-1088.19,103.88395393431226,-1192.07,138402.0,True
2025-09-22,Short,P,90006228,3.0999999046325684,2025-10-22,30,8.6446,0.1601,0.1379,3.034,3.076,-1920.24,69.15685043114466,-1989.39,136412.6,False
2025-09-29,Long,C,90006237,3.200000047683716,2025-10-22,23,11.966,0.114,0.1233,3.177,3.21,1112.84,95.72814196851114,1017.11,137429.71,False
2025-09-30,Long,C,90006237,3.200000047683716,2025-10-22,22,10.1126,0.1359,0.123,3.236,3.22,-1304.52,80.90049050070132,-1385.42,136044.29,False
2025-10-09,Long,C,90006237,3.200000047683716,2025-10-22,13,12.7502,0.1067,0.113,3.229,3.244,807.85,102.00134122233142,705.85,136750.14,True
2025-10-10,Short,P,90006239,3.200000047683716,2025-10-22,12,11.9432,0.1145,0.1444,3.151,3.094,3571.03,95.54594943054117,3475.48,140225.63,False
2025-10-15,Short,P,90006201,2.950000047683716,2025-10-22,7,19.7223,0.0711,0.0518,2.939,2.999,-3800.49,157.77848891779453,-3958.27,136267.36,True
2025-11-06,Long,C,90006323,3.200000047683716,2025-11-26,20,18.4145,0.074,0.089,3.16,3.2,2762.18,147.31606074008633,2614.86,138882.22,False
2025-11-14,Short,P,90006331,3.0999999046325684,2025-11-26,12,25.1143,0.0553,0.0586,3.129,3.119,828.77,200.9145974380512,627.86,139510.08,False
2025-11-19,Long,C,90006322,3.0999999046325684,2025-11-26,7,38.6455,0.0361,0.0341,3.062,3.065,-792.23,309.16360263334116,-1101.4,138408.68,True
2025-11-21,Short,P,90006101,2.9000000953674316,2025-12-24,33,20.6764,0.0669,0.0666,2.949,2.915,-78.56,165.4114543176166,-243.97,138164.71,True
2025-11-27,Long,C,90006203,3.0,2025-12-24,27,10.8877,0.1269,0.0977,3.085,3.017,-3183.12,87.10146898712124,-3270.23,134894.48,True
2025-12-03,Long,C,90006229,3.0999999046325684,2025-12-24,21,26.1931,0.0515,0.0401,3.065,3.018,-2982.87,209.54482669722074,-3192.42,131702.07,True
2025-12-08,Long,C,90006229,3.0999999046325684,2025-12-24,16,16.1598,0.0815,0.1075,3.129,3.176,4201.54,129.27810036614483,4072.26,135774.33,False
2025-12-10,Short,P,90006230,3.0999999046325684,2025-12-24,14,26.262,0.0517,0.0423,3.137,3.196,-2462.67,210.09567157392985,-2672.77,133101.56,True
2025-12-11,Long,C,90006241,3.200000047683716,2025-12-24,13,19.748,0.0674,0.0524,3.219,3.175,-2954.3,157.98404557420704,-3112.29,129989.27,True
2025-12-17,Long,C,90006229,3.0999999046325684,2025-12-24,7,35.1322,0.037,0.0514,3.079,3.162,5061.85,281.0578865347935,4780.79,134770.07,True
2025-12-22,Long,C,90006659,3.200000047683716,2026-01-28,37,15.6342,0.0862,0.09,3.163,3.171,592.85,125.07321626514616,467.78,135237.85,False
2025-12-30,Long,C,90006659,3.200000047683716,2026-01-28,29,13.5781,0.0996,0.0969,3.232,3.23,-366.61,108.62477564093524,-475.23,134762.62,False
2025-02-05,Short,P,10008602,3.9000000953674316,2025-02-26,21,15.5279,0.0644,0.0694,3.897,3.886,776.4,124.22359793151529,652.17,100652.17,False
2025-06-11,Long,C,10008282,4.0,2025-06-25,14,19.9311,0.0505,0.0402,4.019,4.007,-2048.52,159.44898161449035,-2207.97,98444.2,True
2025-10-13,Long,C,10009913,4.699999809265137,2025-10-22,9,23.328,0.0422,0.039,4.648,4.7,-741.21,186.62408567744578,-927.83,97516.37,True
2025-12-10,Short,P,10009762,4.699999809265137,2025-12-24,14,13.4135,0.0727,0.0616,4.666,4.706,-1492.93,107.30824654973311,-1600.23,95916.14,True
2025-01-09,Long,C,10008429,5.5,2025-01-22,13,7.9365,0.126,0.1131,5.551,5.562,-1022.22,63.4920624708703,-1085.71,98914.29,True
2025-01-13,Long,C,10008429,5.5,2025-01-22,9,12.2419,0.0808,0.0749,5.467,5.457,-721.05,97.93493967712736,-818.98,98095.3,True
2025-01-14,Long,C,10008429,5.5,2025-01-22,8,9.2543,0.106,0.1718,5.538,5.631,6089.31,74.03419304310269,6015.28,104110.58,False
2025-01-16,Long,C,10008735,5.5,2025-02-26,41,4.6989,0.2216,0.1781,5.578,5.523,-2044.35,37.591288238780756,-2081.94,102028.64,True
2025-01-21,Short,P,10008744,5.5,2025-02-26,36,7.317,0.1394,0.122,5.577,5.622,-1277.38,58.53597157923405,-1335.91,100692.73,False
2025-01-24,Long,C,10008612,5.6570000648498535,2025-02-26,33,7.0204,0.1411,0.1551,5.618,5.655,999.08,56.16343856973037,942.91,101635.64,False
2025-02-05,Short,P,10008621,5.6570000648498535,2025-02-26,21,6.3242,0.1581,0.1532,5.599,5.606,-315.0,50.593740595472006,-365.59,101270.05,False
2025-02-06,Long,C,10008612,5.6570000648498535,2025-02-26,20,10.7937,0.0923,0.1476,5.637,5.734,6067.43,86.34991958217843,5981.08,107251.13,False
2025-02-07,Long,C,10008736,5.75,2025-02-26,19,8.1067,0.1323,0.1572,5.801,5.804,2019.37,64.85328608217131,1954.52,109205.64,True
2025-02-11,Short,P,10008622,5.9029998779296875,2025-02-26,15,6.9807,0.1539,0.1352,5.83,5.856,-1326.93,55.845613168478195,-1382.78,107822.86,False
2025-02-12,Long,C,10008613,5.9029998779296875,2025-02-26,14,12.9199,0.0821,0.0725,5.88,5.894,-1262.27,103.35948404664622,-1365.63,106457.24,True
2025-02-14,Long,C,10008613,5.9029998779296875,2025-02-26,12,13.0912,0.08,0.0834,5.912,5.935,450.67,104.72920872958089,345.94,106803.18,True
2025-03-26,Long,C,10008971,6.0,2025-04-23,28,12.2866,0.0869,0.0772,5.968,5.944,-1192.02,98.29318476795642,-1290.32,105512.86,True
2025-04-01,Long,C,10008971,6.0,2025-04-23,22,20.7294,0.0509,0.0471,5.894,5.887,-783.3,165.8355360789389,-949.13,104563.73,True
2025-04-03,Long,C,10008970,5.75,2025-04-23,20,6.7987,0.1538,0.1317,5.867,5.841,-1505.23,54.38945787946848,-1559.62,103004.11,True
2025-04-08,Long,C,10008968,5.25,2025-04-23,15,5.4673,0.1884,0.1508,5.311,5.254,-2054.72,43.73847645281623,-2098.46,100905.65,True
2025-04-11,Long,C,10008969,5.5,2025-04-23,12,8.5296,0.1183,0.1354,5.553,5.584,1458.85,68.2371264176727,1390.62,102296.27,True
2025-04-15,Short,P,10008978,5.5,2025-04-23,8,19.2648,0.0531,0.0443,5.57,5.582,-1691.65,154.11866440205608,-1845.76,100450.5,True
2025-04-17,Long,C,10009089,5.5,2025-05-28,41,6.0143,0.167,0.1491,5.591,5.563,-1076.19,48.114322338093565,-1124.31,99326.2,False
2025-04-21,Long,C,10009089,5.5,2025-05-28,37,6.2057,0.1601,0.1926,5.589,5.636,2020.46,49.645867303076464,1970.82,101297.01,False
2025-04-30,Long,C,10009089,5.5,2025-05-28,28,5.8723,0.1725,0.176,5.622,5.631,205.53,46.97832539479037,158.55,101455.57,False
2025-05-07,Short,P,10009099,5.75,2025-05-28,21,9.6441,0.1052,0.1246,5.761,5.723,1870.95,77.15252129751924,1793.8,103249.36,False
2025-05-08,Long,C,10009090,5.75,2025-05-28,20,11.9779,0.0862,0.0864,5.768,5.775,23.96,95.82307485458801,-71.87,103177.49,False
2025-05-15,Short,P,10009099,5.75,2025-05-28,13,10.7477,0.096,0.1,5.736,5.723,429.91,85.98124498964984,343.93,103521.42,False
2025-05-29,Long,C,10008772,5.75,2025-06-25,27,14.4785,0.0715,0.0802,5.706,5.728,1259.63,115.82815675763078,1143.8,104665.22,False
2025-05-30,Short,P,10008310,5.6570000648498535,2025-06-25,26,9.1607,0.1124,0.1045,5.684,5.688,-735.64,73.28560610735045,-808.92,103856.3,False
2025-06-03,Long,C,10008772,5.75,2025-06-25,22,15.0299,0.0691,0.0552,5.729,5.709,-2085.54,120.23884327671142,-2205.78,101650.52,True
2025-06-04,Long,C,10008772,5.75,2025-06-25,21,14.7748,0.0688,0.0727,5.738,5.747,576.22,118.19827404123403,458.02,102108.54,False
2025-06-11,Long,C,10008302,5.9029998779296875,2025-06-25,14,25.8229,0.0389,0.0296,5.839,5.822,-2450.34,206.58323192762367,-2656.93,99451.61,True
2025-06-16,Long,C,10008772,5.75,2025-06-25,9,12.1877,0.0816,0.0772,5.807,5.802,-536.26,97.50157672615136,-633.76,98817.85,False
2025-06-23,Long,C,10009363,5.75,2025-07-23,30,15.9201,0.0621,0.0727,5.695,5.719,1692.95,127.36059380603946,1565.59,100383.44,False
2025-06-24,Long,C,10009363,5.75,2025-07-23,29,10.2826,0.0976,0.1156,5.773,5.803,1847.35,82.26051320836729,1765.09,102148.54,False
2025-06-25,Long,C,10009363,5.75,2025-07-23,28,7.219,0.1415,0.1858,5.848,5.906,3199.88,57.75182792963624,3142.13,105290.67,False
2025-07-08,Long,C,10009364,6.0,2025-07-23,15,17.1763,0.0613,0.0829,6.005,6.039,3710.08,137.4103343792446,3572.67,108863.34,False
2025-07-15,Long,C,10009364,6.0,2025-07-23,8,9.7373,0.1118,0.0831,6.094,6.081,-2797.53,77.8986298254711,-2875.43,105987.9,True
2025-07-17,Long,C,10009549,6.0,2025-08-27,41,6.6833,0.1586,0.1879,6.108,6.147,1961.5,53.46663526951942,1908.03,107895.93,False
2025-07-21,Long,C,10009550,6.25,2025-08-27,37,11.2412,0.096,0.1032,6.209,6.224,806.94,89.92975605429133,717.01,108612.94,False
2025-07-24,Long,C,10009550,6.25,2025-08-27,34,7.1035,0.1529,0.1907,6.308,6.359,2685.13,56.828226609964304,2628.31,111241.25,False
2025-08-11,Long,C,10009551,6.5,2025-08-27,16,21.2698,0.0523,0.0559,6.446,6.467,768.27,170.15870448229944,598.11,111839.36,True
2025-08-13,Long,C,10009551,6.5,2025-08-27,14,13.4746,0.083,0.1125,6.524,6.567,3979.95,107.79697622929466,3872.16,115711.52,True
2025-08-15,Long,C,10009551,6.5,2025-08-27,12,9.1835,0.126,0.1608,6.575,6.639,3195.99,73.46762768874744,3122.53,118834.04,True
2025-08-22,Long,C,10008887,6.75,2025-09-24,33,5.562,0.2137,0.2578,6.836,6.905,2457.6,44.4960859222522,2413.1,121247.14,False
2025-08-25,Long,C,10008903,7.0,2025-09-24,30,6.4764,0.1872,0.1679,7.004,7.031,-1248.61,51.811215362397,-1300.42,119946.72,True
2025-08-27,Long,C,10008903,7.0,2025-09-24,28,5.4414,0.2204,0.2198,7.071,7.044,-32.7,43.53142778410684,-76.24,119870.49,True
2025-08-28,Long,C,10008903,7.0,2025-09-24,27,7.2038,0.1664,0.1647,6.968,7.038,-121.02,57.63004261238806,-178.65,119691.84,True
2025-09-08,Long,C,10008903,7.0,2025-09-24,16,8.1202,0.1474,0.1081,7.047,7.078,-3194.87,64.96164470411762,-3259.83,116432.01,True
2025-09-10,Long,C,10008903,7.0,2025-09-24,14,10.0114,0.1163,0.0844,7.037,7.01,-3192.32,80.09080237505546,-3272.41,113159.6,True
2025-09-12,Long,C,10009047,7.25,2025-09-24,12,10.7771,0.105,0.1014,7.238,7.267,-383.77,86.2168373784559,-469.99,112689.61,True
2025-09-24,Long,C,10009930,7.25,2025-10-22,28,6.7311,0.1674,0.2393,7.295,7.408,4836.21,53.848414085000414,4782.37,117471.97,False
2025-09-30,Long,C,10009931,7.5,2025-10-22,22,7.4162,0.1584,0.1529,7.506,7.524,-407.89,59.32927956209304,-467.22,117004.75,False
2025-10-23,Short,P,10010113,7.25,2025-11-26,34,3.8337,0.3052,0.2552,7.127,7.217,-1915.73,30.6696593724235,-1946.4,115058.36,True
2025-10-24,Long,C,10010104,7.25,2025-11-26,33,6.0462,0.1903,0.1986,7.3,7.347,501.83,48.36924999870781,453.46,115511.82,False
2025-10-29,Long,C,10010105,7.5,2025-11-26,28,8.0161,0.1441,0.1895,7.497,7.585,3639.3,64.12869944738046,3575.18,119086.99,False
2025-10-30,Short,P,10010114,7.5,2025-11-26,27,6.6049,0.1803,0.163,7.522,7.511,-1141.88,52.83948694907184,-1194.72,117892.27,True
2025-11-03,Short,P,10010113,7.25,2025-11-26,23,9.7836,0.1205,0.116,7.366,7.431,-445.12,78.26872780095923,-523.39,117368.88,True
2025-11-13,Long,C,10010105,7.5,2025-11-26,13,19.5615,0.06,0.0662,7.406,7.455,1213.2,156.49184320991088,1056.71,118425.59,True
2025-11-27,Long,C,10009615,7.25,2025-12-24,27,14.6748,0.0807,0.0619,7.152,7.07,-2759.55,117.39835225745553,-2876.94,115548.65,True
2025-12-16,Short,P,10009616,7.25,2025-12-24,8,7.3786,0.1566,0.1625,7.136,7.127,437.21,59.028683440687956,378.18,115926.82,True
2025-12-18,Long,C,10010482,7.25,2026-01-28,41,6.8892,0.1683,0.1385,7.284,7.236,-2051.96,55.113313107527844,-2107.07,113819.75,True
2025-12-22,Long,C,10010482,7.25,2026-01-28,37,5.2951,0.215,0.213,7.371,7.368,-105.02,42.36108638064995,-147.38,113672.37,False
2025-12-30,Long,C,10010483,7.5,2026-01-28,29,5.7179,0.1988,0.2072,7.578,7.588,480.31,45.74340826519515,434.56,114106.93,False
2025-01-02,Short,P,90004741,2.0999999046325684,2025-01-22,20,13.3869,0.0747,0.1214,2.068,2.014,6251.67,107.09504986203957,6144.58,106144.58,False
2025-01-15,Short,P,90004739,2.0,2025-01-22,7,29.5667,0.0359,0.0381,2.006,1.996,650.47,236.53387668076527,413.93,106558.51,False
2025-01-16,Long,C,90004902,2.0,2025-02-26,41,11.384,0.0936,0.0858,2.021,2.007,-886.93,91.07227655482734,-978.0,105580.51,False
2025-01-20,Long,C,90004903,2.049999952316284,2025-02-26,37,11.2411,0.0939,0.0878,2.069,2.058,-685.13,89.9287072458522,-775.06,104805.45,False
2025-01-21,Short,P,90004912,2.049999952316284,2025-02-26,36,14.0383,0.0747,0.0687,2.052,2.065,-831.27,112.30600569404088,-943.58,103861.87,False
2025-01-24,Long,C,90004904,2.0999999046325684,2025-02-26,33,17.7846,0.0584,0.0628,2.07,2.083,782.52,142.27652808542436,640.24,104502.11,False
2025-01-27,Short,P,90004912,2.049999952316284,2025-02-26,30,16.3796,0.0638,0.0715,2.057,2.042,1261.23,131.03713131903652,1130.2,105632.31,False
2025-02-05,Short,P,90004912,2.049999952316284,2025-02-26,21,15.4208,0.0685,0.0684,2.025,2.023,-15.42,123.36620350335427,-138.79,105493.52,False
2025-02-10,Short,P,90004913,2.0999999046325684,2025-02-26,16,30.141,0.035,0.0317,2.133,2.137,-988.62,241.12804795766698,-1229.75,104263.77,True
2025-02-11,Short,P,90004913,2.0999999046325684,2025-02-26,15,25.6807,0.0406,0.0398,2.117,2.115,-205.45,205.44584016764165,-410.89,103852.88,False
2025-02-14,Long,C,90004905,2.1500000953674316,2025-02-26,12,27.9927,0.0371,0.0437,2.146,2.172,1858.34,223.94152152049352,1634.4,105487.28,True
2025-03-12,Short,P,90004416,2.1500000953674316,2025-03-26,14,28.8217,0.0366,0.032,2.163,2.158,-1331.56,230.5732741732404,-1562.13,103925.14,True
2025-03-14,Long,C,90004408,2.1500000953674316,2025-03-26,12,27.5663,0.0377,0.0566,2.149,2.183,5210.04,220.53079911859896,4989.51,108914.65,False
2025-03-20,Short,P,90005177,2.1500000953674316,2025-04-23,34,20.0668,0.0543,0.056,2.166,2.162,353.58,160.53457238962525,193.04,109107.69,False
2025-04-07,Short,P,90005234,1.899999976158142,2025-04-23,16,10.3126,0.1058,0.2344,1.851,1.773,13262.32,82.5010885134658,13179.82,122287.52,True
2025-04-08,Long,C,90005383,1.850000023841858,2025-04-23,15,19.1673,0.0638,0.0476,1.811,1.786,-3105.75,153.33857801955548,-3259.08,119028.43,True
2025-04-09,Short,P,90005436,1.7999999523162842,2025-04-23,14,15.5796,0.0764,0.0583,1.799,1.835,-2825.63,124.63710613151045,-2950.26,116078.17,True
2025-04-28,Short,P,90005262,1.899999976158142,2025-05-28,30,21.8192,0.0532,0.053,1.905,1.905,-43.64,174.55363889850292,-218.19,115859.98,False
2025-05-08,Long,C,90005255,2.0,2025-05-28,20,37.3742,0.031,0.0308,1.991,2.002,-71.01,298.9934907862789,-370.0,115489.97,True
2025-05-09,Short,P,90005263,1.9500000476837158,2025-05-28,19,53.2212,0.0217,0.0239,1.99,1.987,1170.87,425.7694745910304,745.1,116235.07,False
2025-05-15,Short,P,90005264,2.0,2025-05-28,13,42.7335,0.0272,0.0299,2.025,2.016,1153.8,341.86784439356893,811.94,117047.0,False
2025-05-19,Short,P,90005264,2.0,2025-05-28,9,32.423,0.0361,0.0278,1.991,2.003,-2676.19,259.3839422346359,-2935.58,114111.43,True
2025-06-03,Long,C,90004618,2.0,2025-06-25,22,41.0473,0.0278,0.0253,1.985,1.98,-1026.18,328.3782131722984,-1354.56,112756.87,False
2025-06-04,Long,C,90004618,2.0,2025-06-25,21,37.0911,0.0304,0.0305,1.996,2.0,37.09,296.72859094033083,-259.64,112497.23,False
2025-06-09,Long,C,90004618,2.0,2025-06-25,16,23.9356,0.047,0.0447,2.039,2.036,-550.84,191.48465145625073,-742.32,111754.91,True
2025-06-11,Long,C,90004618,2.0,2025-06-25,14,21.9127,0.051,0.0436,2.049,2.042,-1626.36,175.30181794820743,-1801.66,109953.24,True
2025-06-16,Long,C,90004618,2.0,2025-06-25,9,27.9779,0.0393,0.0363,2.034,2.035,-839.34,223.82340421777008,-1063.16,108890.08,False
2025-06-24,Long,C,90005632,2.0,2025-07-23,29,21.8495,0.0498,0.0602,2.028,2.043,2269.17,174.79612871820063,2094.37,110984.45,False
2025-06-25,Long,C,90005633,2.049999952316284,2025-07-23,28,24.3181,0.0456,0.0707,2.067,2.104,6095.05,194.544676457243,5900.5,116884.96,False
2025-07-02,Short,P,90005643,2.0999999046325684,2025-07-23,21,27.4378,0.0426,0.042,2.109,2.104,-164.63,219.50227261735498,-384.13,116500.83,False
2025-07-03,Long,C,90005634,2.0999999046325684,2025-07-23,20,27.0932,0.043,0.0546,2.121,2.144,3142.81,216.74571751561453,2926.07,119426.89,False
2025-07-08,Long,C,90005634,2.0999999046325684,2025-07-23,15,24.7774,0.0482,0.0672,2.133,2.16,4707.7,198.21891091000765,4509.48,123936.37,False
2025-07-14,Short,P,90005644,2.1500000953674316,2025-07-23,9,58.4606,0.0212,0.0187,2.174,2.179,-1449.82,467.68444251662356,-1917.51,122018.87,True
2025-07-15,Long,C,90005681,2.200000047683716,2025-07-23,8,31.6932,0.0385,0.029,2.218,2.214,-2998.49,253.54570003051683,-3252.04,118766.83,True
2025-07-17,Long,C,90005719,2.200000047683716,2025-08-27,41,16.5347,0.0718,0.0848,2.223,2.244,2147.31,132.27755236445856,2015.03,120781.86,False
2025-07-18,Long,C,90005720,2.25,2025-08-27,40,18.3173,0.0659,0.0589,2.263,2.25,-1296.92,146.53856217176335,-1443.45,119338.4,False
2025-07-24,Long,C,90005721,2.299999952316284,2025-08-27,34,18.4449,0.0647,0.0719,2.302,2.318,1328.03,147.55907562775002,1180.47,120518.88,False
2025-08-11,Long,C,90005721,2.299999952316284,2025-08-27,16,17.217,0.07,0.0771,2.347,2.356,1222.41,137.73585711588836,1084.67,121603.55,False
2025-08-13,Long,C,90005803,2.4000000953674316,2025-08-27,14,25.2814,0.0481,0.0812,2.408,2.456,8360.73,202.25122597299648,8158.48,129762.02,True
2025-08-15,Long,C,90005843,2.5,2025-08-27,12,35.7471,0.0363,0.0555,2.465,2.5,6873.34,285.9769115696375,6587.36,136349.38,True
2025-08-19,Long,C,90005963,2.5999999046325684,2025-08-27,8,21.2052,0.0643,0.0509,2.59,2.572,-2850.83,169.6415319909507,-3020.47,133328.92,True
2025-08-20,Short,P,90005940,2.549999952316284,2025-08-27,7,27.7191,0.0481,0.0456,2.55,2.576,-706.28,221.75288112718655,-928.04,132400.88,True
2025-08-22,Long,C,90005965,2.5999999046325684,2025-09-24,33,12.5577,0.1054,0.1367,2.6,2.655,3928.12,100.46136683385288,3827.66,136228.54,False
2025-08-25,Long,C,90006005,2.700000047683716,2025-09-24,30,13.2544,0.1028,0.1096,2.686,2.727,903.24,106.03526001294351,797.21,137025.75,True
2025-08-27,Long,C,90006023,2.75,2025-09-24,28,12.9473,0.1058,0.1152,2.729,2.747,1217.08,103.57846499776561,1113.5,138139.25,True
2025-08-28,Long,C,90006023,2.75,2025-09-24,27,17.0753,0.0809,0.0908,2.705,2.771,1689.15,136.60247176764491,1552.54,139691.79,True
2025-09-08,Short,P,90006097,2.9000000953674316,2025-09-24,16,14.5059,0.0963,0.0993,2.914,2.914,430.05,116.0471802132258,314.0,140005.8,True
2025-09-10,Long,C,90006069,2.8499999046325684,2025-09-24,14,14.8942,0.094,0.0686,2.874,2.884,-3783.53,119.15387265952715,-3902.69,136103.11,True
2025-09-15,Long,C,90006197,3.0,2025-09-24,9,12.6608,0.1075,0.0991,3.055,3.047,-1060.97,101.28603361621948,-1162.26,134940.85,True
2025-09-22,Short,P,90006228,3.0999999046325684,2025-10-22,30,8.4284,0.1601,0.1379,3.034,3.076,-1872.22,67.42738230766545,-1939.64,133001.21,False
2025-09-29,Long,C,90006237,3.200000047683716,2025-10-22,23,11.6668,0.114,0.1233,3.177,3.21,1085.01,93.33418144222507,991.68,133992.88,False
2025-09-30,Long,C,90006237,3.200000047683716,2025-10-22,22,9.8597,0.1359,0.123,3.236,3.22,-1271.9,78.8773385118163,-1350.77,132642.11,False
2025-10-09,Long,C,90006237,3.200000047683716,2025-10-22,13,12.4313,0.1067,0.113,3.229,3.244,787.65,99.45050110893172,688.2,133330.31,True
2025-10-10,Short,P,90006239,3.200000047683716,2025-10-22,12,11.6446,0.1145,0.1444,3.151,3.094,3481.73,93.15654515840475,3388.57,136718.88,False
2025-11-06,Long,C,90006323,3.200000047683716,2025-11-26,20,18.4755,0.074,0.089,3.16,3.2,2771.33,147.80418812666517,2623.52,139342.4,False
2025-11-12,Short,P,90006331,3.0999999046325684,2025-11-26,14,18.6536,0.0747,0.0809,3.103,3.101,1155.78,149.2288130036743,1006.55,140348.95,True
2025-11-14,Short,P,90006331,3.0999999046325684,2025-11-26,12,25.3796,0.0553,0.0586,3.129,3.119,837.53,203.0364497718954,634.49,140983.44,False
2025-11-19,Long,C,90006322,3.0999999046325684,2025-11-26,7,39.0536,0.0361,0.0341,3.062,3.065,-800.6,312.4286690852176,-1113.03,139870.41,True
2025-11-21,Short,P,90006101,2.9000000953674316,2025-12-24,33,20.8948,0.0669,0.0666,2.949,2.915,-79.39,167.15835914615514,-246.55,139623.86,True
2025-11-27,Long,C,90006203,3.0,2025-12-24,27,11.0027,0.1269,0.0977,3.085,3.017,-3216.74,88.02134468360252,-3304.76,136319.1,True
2025-12-03,Long,C,90006229,3.0999999046325684,2025-12-24,21,26.4697,0.0515,0.0401,3.065,3.018,-3014.37,211.75782259319874,-3226.13,133092.97,True
2025-12-08,Long,C,90006229,3.0999999046325684,2025-12-24,16,16.3304,0.0815,0.1075,3.129,3.176,4245.91,130.64340205390016,4115.27,137208.24,False
2025-12-10,Short,P,90006230,3.0999999046325684,2025-12-24,14,26.5393,0.0517,0.0423,3.137,3.196,-2488.68,212.31448492420003,-2700.99,134507.24,True
2025-12-11,Long,C,90006241,3.200000047683716,2025-12-24,13,19.9566,0.0674,0.0524,3.219,3.175,-2985.5,159.65250978778982,-3145.15,131362.09,True
2025-12-17,Long,C,90006229,3.0999999046325684,2025-12-24,7,35.5033,0.037,0.0514,3.079,3.162,5115.31,284.0261294603632,4831.28,136193.37,True
2025-12-22,Long,C,90006659,3.200000047683716,2026-01-28,37,15.7993,0.0862,0.09,3.163,3.171,599.11,126.39411031275482,472.72,136666.09,False
2025-12-30,Long,C,90006659,3.200000047683716,2026-01-28,29,13.7215,0.0996,0.0969,3.232,3.23,-370.48,109.77195825805738,-480.25,136185.84,False
2025-01-21,Short,P,10008602,3.9000000953674316,2025-02-26,36,11.7294,0.0853,0.0798,3.908,3.92,-634.94,93.83538475030686,-728.77,99271.23,False
2025-02-05,Short,P,10008602,3.9000000953674316,2025-02-26,21,15.4148,0.0644,0.0694,3.897,3.886,770.74,123.31829224525781,647.42,99918.65,False
2025-02-11,Short,P,10008603,4.0,2025-02-26,15,14.6294,0.0683,0.067,3.976,3.974,-190.18,117.03501875175708,-307.22,99611.43,False
2025-03-12,Short,P,10007970,4.0,2025-03-26,14,29.4708,0.0338,0.0302,4.033,4.033,-1057.32,235.76671444611176,-1293.08,98318.35,True
2025-03-20,Short,P,10008962,4.099999904632568,2025-04-23,34,11.0501,0.089,0.089,4.074,4.074,0.0,88.40051696165031,-88.4,98229.95,False
2025-04-15,Short,P,10008959,3.799999952316284,2025-04-23,8,34.4666,0.0285,0.0223,3.827,3.838,-2129.46,275.73319245039494,-2405.2,95824.75,True
2025-04-16,Short,P,10008959,3.799999952316284,2025-04-23,7,36.2973,0.0264,0.0261,3.829,3.828,-93.16,290.3780386744499,-383.54,95441.21,True
2025-04-23,Short,P,10009081,3.9000000953674316,2025-05-28,35,13.8717,0.0688,0.0673,3.881,3.884,-215.27,110.97322513865535,-326.24,95114.97,False
2025-04-28,Short,P,10009081,3.9000000953674316,2025-05-28,30,10.6991,0.0889,0.0844,3.869,3.876,-481.46,85.59277432119481,-567.05,94547.92,False
2025-05-07,Short,P,10009081,3.9000000953674316,2025-05-28,21,23.7558,0.0398,0.0436,3.926,3.915,902.72,190.0460689844711,712.67,95260.59,False
2025-05-13,Short,P,10009082,4.0,2025-05-28,15,21.8488,0.0436,0.0443,4.001,3.997,152.94,174.7900734576162,-21.85,95238.74,False
2025-06-11,Long,C,10008282,4.0,2025-06-25,14,18.8592,0.0505,0.0402,4.019,4.007,-1938.34,150.87325001187267,-2089.22,93149.52,True
2025-07-31,Short,P,10009542,4.199999809265137,2025-08-27,27,11.4716,0.0812,0.1053,4.181,4.144,2764.66,91.77292671985197,2672.89,95822.41,False
2025-10-13,Long,C,10009913,4.699999809265137,2025-10-22,9,22.7067,0.0422,0.039,4.648,4.7,-721.47,181.6538637281772,-903.12,94919.29,True
2025-12-10,Short,P,10009762,4.699999809265137,2025-12-24,14,13.0563,0.0727,0.0616,4.666,4.706,-1453.17,104.45038498056343,-1557.62,93361.67,True
2025-01-09,Long,C,10008429,5.5,2025-01-22,13,7.9365,0.126,0.1131,5.551,5.562,-1022.22,63.4920624708703,-1085.71,98914.29,True
2025-01-13,Long,C,10008429,5.5,2025-01-22,9,12.2419,0.0808,0.0749,5.467,5.457,-721.05,97.93493967712736,-818.98,98095.3,True
2025-01-14,Long,C,10008429,5.5,2025-01-22,8,9.2543,0.106,0.1718,5.538,5.631,6089.31,74.03419304310269,6015.28,104110.58,False
2025-01-16,Long,C,10008735,5.5,2025-02-26,41,4.6989,0.2216,0.1781,5.578,5.523,-2044.35,37.591288238780756,-2081.94,102028.64,True
2025-01-21,Short,P,10008744,5.5,2025-02-26,36,7.317,0.1394,0.122,5.577,5.622,-1277.38,58.53597157923405,-1335.91,100692.73,False
2025-01-24,Long,C,10008612,5.6570000648498535,2025-02-26,33,7.0204,0.1411,0.1551,5.618,5.655,999.08,56.16343856973037,942.91,101635.64,False
2025-02-05,Short,P,10008621,5.6570000648498535,2025-02-26,21,6.3242,0.1581,0.1532,5.599,5.606,-315.0,50.593740595472006,-365.59,101270.05,False
2025-02-06,Long,C,10008612,5.6570000648498535,2025-02-26,20,10.7937,0.0923,0.1476,5.637,5.734,6067.43,86.34991958217843,5981.08,107251.13,False
2025-02-07,Long,C,10008736,5.75,2025-02-26,19,8.1067,0.1323,0.1572,5.801,5.804,2019.37,64.85328608217131,1954.52,109205.64,True
2025-02-11,Short,P,10008622,5.9029998779296875,2025-02-26,15,6.9807,0.1539,0.1352,5.83,5.856,-1326.93,55.845613168478195,-1382.78,107822.86,False
2025-02-12,Long,C,10008613,5.9029998779296875,2025-02-26,14,12.9199,0.0821,0.0725,5.88,5.894,-1262.27,103.35948404664622,-1365.63,106457.24,True
2025-02-14,Long,C,10008613,5.9029998779296875,2025-02-26,12,13.0912,0.08,0.0834,5.912,5.935,450.67,104.72920872958089,345.94,106803.18,True
2025-03-11,Long,C,10008755,6.0,2025-03-26,15,12.8215,0.0833,0.0721,6.004,6.027,-1435.58,102.57207751935532,-1538.15,105265.02,True
2025-03-26,Long,C,10008971,6.0,2025-04-23,28,12.1097,0.0869,0.0772,5.968,5.944,-1174.86,96.87758989915835,-1271.73,103993.29,True
2025-04-01,Long,C,10008971,6.0,2025-04-23,22,20.4309,0.0509,0.0471,5.894,5.887,-772.02,163.44721246838625,-935.46,103057.83,True
2025-04-03,Long,C,10008970,5.75,2025-04-23,20,6.7008,0.1538,0.1317,5.867,5.841,-1483.55,53.60615395384389,-1537.16,101520.67,True
2025-04-08,Long,C,10008968,5.25,2025-04-23,15,5.3886,0.1884,0.1508,5.311,5.254,-2025.13,43.10856540677759,-2068.24,99452.43,True
2025-04-11,Long,C,10008969,5.5,2025-04-23,12,8.4068,0.1183,0.1354,5.553,5.584,1437.84,67.25439169149183,1370.59,100823.02,True
2025-04-15,Short,P,10008978,5.5,2025-04-23,8,18.9874,0.0531,0.0443,5.57,5.582,-1667.28,151.89908436679113,-1819.18,99003.84,True
2025-04-17,Long,C,10009089,5.5,2025-05-28,41,5.9277,0.167,0.1491,5.591,5.563,-1060.69,47.42139140927798,-1108.11,97895.72,False
2025-04-21,Long,C,10009089,5.5,2025-05-28,37,6.1164,0.1601,0.1926,5.589,5.636,1991.37,48.930879431056916,1942.44,99838.16,False
2025-04-30,Long,C,10009089,5.5,2025-05-28,28,5.7877,0.1725,0.176,5.622,5.631,202.57,46.301754821453194,156.27,99994.43,False
2025-05-07,Short,P,10009099,5.75,2025-05-28,21,9.5052,0.1052,0.1246,5.761,5.723,1844.0,76.04138919287297,1767.96,101762.39,False
2025-05-08,Long,C,10009090,5.75,2025-05-28,20,11.8054,0.0862,0.0864,5.768,5.775,23.61,94.4430539162408,-70.83,101691.56,False
2025-05-15,Short,P,10009099,5.75,2025-05-28,13,10.5929,0.096,0.1,5.736,5.723,423.71,84.74296372419329,338.97,102030.53,False
2025-05-29,Long,C,10008772,5.75,2025-06-25,27,14.27,0.0715,0.0802,5.706,5.728,1241.49,114.16002742846598,1127.33,103157.86,False
2025-05-30,Short,P,10008310,5.6570000648498535,2025-06-25,26,9.0288,0.1124,0.1045,5.684,5.688,-725.04,72.23016438769072,-797.27,102360.59,False
2025-06-03,Long,C,10008772,5.75,2025-06-25,22,14.8134,0.0691,0.0552,5.729,5.709,-2055.51,118.50719229831908,-2174.01,100186.57,True
2025-06-04,Long,C,10008772,5.75,2025-06-25,21,14.562,0.0688,0.0727,5.738,5.747,567.92,116.49601085148632,451.42,100637.99,False
2025-06-11,Long,C,10008302,5.9029998779296875,2025-06-25,14,25.451,0.0389,0.0296,5.839,5.822,-2415.05,203.60806977587492,-2618.66,98019.33,True
2025-06-16,Long,C,10008772,5.75,2025-06-25,9,12.0122,0.0816,0.0772,5.807,5.802,-528.54,96.09738240648312,-624.63,97394.7,False
2025-06-23,Long,C,10009363,5.75,2025-07-23,30,15.6908,0.0621,0.0727,5.695,5.719,1668.57,125.52637708486466,1543.04,98937.75,False
2025-06-24,Long,C,10009363,5.75,2025-07-23,29,10.1345,0.0976,0.1156,5.773,5.803,1820.75,81.07581702950844,1739.67,100677.42,False
2025-06-25,Long,C,10009363,5.75,2025-07-23,28,7.115,0.1415,0.1858,5.848,5.906,3153.8,56.92009995710283,3096.88,103774.29,False
2025-07-08,Long,C,10009364,6.0,2025-07-23,15,16.9289,0.0613,0.0829,6.005,6.039,3656.65,135.4313837050316,3521.22,107295.51,False
2025-07-15,Long,C,10009364,6.0,2025-07-23,8,9.5971,0.1118,0.0831,6.094,6.081,-2757.25,76.77675244477919,-2834.02,104461.49,True
2025-07-17,Long,C,10009549,6.0,2025-08-27,41,6.5871,0.1586,0.1879,6.108,6.147,1933.25,52.69662161375979,1880.55,106342.04,False
2025-07-21,Long,C,10009550,6.25,2025-08-27,37,11.0793,0.096,0.1032,6.209,6.224,795.32,88.634609279637,706.69,107048.73,False
2025-07-24,Long,C,10009550,6.25,2025-08-27,34,7.0012,0.1529,0.1907,6.308,6.359,2646.46,56.00980012208652,2590.45,109639.18,False
2025-08-11,Long,C,10009551,6.5,2025-08-27,16,20.9635,0.0523,0.0559,6.446,6.467,757.2,167.70811963742827,589.49,110228.67,True
2025-08-13,Long,C,10009551,6.5,2025-08-27,14,13.2806,0.083,0.1125,6.524,6.567,3922.64,106.24451003560705,3816.39,114045.07,True
2025-08-15,Long,C,10009551,6.5,2025-08-27,12,9.0512,0.126,0.1608,6.575,6.639,3149.97,72.40956453793513,3077.56,117122.62,True
2025-08-22,Long,C,10008887,6.75,2025-09-24,33,5.4819,0.2137,0.2578,6.836,6.905,2422.2,43.85526396636748,2378.35,119500.97,False
2025-08-25,Long,C,10008903,7.0,2025-09-24,30,6.3831,0.1872,0.1679,7.004,7.031,-1230.62,51.06504266704332,-1281.69,118219.28,True
2025-08-27,Long,C,10008903,7.0,2025-09-24,28,5.3631,0.2204,0.2198,7.071,7.044,-32.23,42.904498603328825,-75.14,118144.14,True
2025-08-28,Long,C,10008903,7.0,2025-09-24,27,7.1,0.1664,0.1647,6.968,7.038,-119.28,56.80006856278022,-176.08,117968.06,True
2025-09-08,Long,C,10008903,7.0,2025-09-24,16,8.0033,0.1474,0.1081,7.047,7.078,-3148.86,64.0260826798641,-3212.88,114755.18,True
2025-09-10,Long,C,10008903,7.0,2025-09-24,14,9.8672,0.1163,0.0844,7.037,7.01,-3146.34,78.93735385115524,-3225.28,111529.9,True
2025-09-12,Long,C,10009047,7.25,2025-09-24,12,10.6219,0.105,0.1014,7.238,7.267,-378.24,84.97516316792884,-463.22,111066.68,True
2025-09-24,Long,C,10009930,7.25,2025-10-22,28,6.6341,0.1674,0.2393,7.295,7.408,4766.56,53.072902142320004,4713.49,115780.17,False
2025-09-30,Long,C,10009931,7.5,2025-10-22,22,7.3094,0.1584,0.1529,7.506,7.524,-402.01,58.47483350954266,-460.49,115319.68,False
2025-10-23,Short,P,10010113,7.25,2025-11-26,34,3.7785,0.3052,0.2552,7.127,7.217,-1888.14,30.22796229507393,-1918.37,113401.31,True
2025-10-24,Long,C,10010104,7.25,2025-11-26,33,5.9591,0.1903,0.1986,7.3,7.347,494.6,47.672647662875214,446.93,113848.24,False
2025-10-27,Long,C,10010105,7.5,2025-11-26,30,8.3712,0.136,0.1401,7.46,7.48,343.22,66.96955094765806,276.25,114124.49,False
2025-10-29,Long,C,10010105,7.5,2025-11-26,28,7.9198,0.1441,0.1895,7.497,7.585,3595.6,63.358498452436365,3532.24,117656.73,False
2025-10-30,Short,P,10010114,7.5,2025-11-26,27,6.5256,0.1803,0.163,7.522,7.511,-1128.17,52.204872092210394,-1180.37,116476.36,True
2025-11-03,Short,P,10010113,7.25,2025-11-26,23,9.6661,0.1205,0.116,7.366,7.431,-439.78,77.32870168870711,-517.1,115959.25,True
2025-11-13,Long,C,10010105,7.5,2025-11-26,13,19.3265,0.06,0.0662,7.406,7.455,1198.63,154.61233880112732,1044.02,117003.27,True
2025-11-27,Long,C,10009615,7.25,2025-12-24,27,14.4985,0.0807,0.0619,7.152,7.07,-2726.4,115.9883700109314,-2842.39,114160.88,True
2025-12-16,Short,P,10009616,7.25,2025-12-24,8,7.29,0.1566,0.1625,7.136,7.127,431.95,58.31973485591958,373.63,114534.51,True
2025-12-18,Long,C,10010482,7.25,2026-01-28,41,6.8064,0.1683,0.1385,7.284,7.236,-2027.31,54.45138905549069,-2081.76,112452.75,True
2025-12-22,Long,C,10010482,7.25,2026-01-28,37,5.2315,0.215,0.213,7.371,7.368,-103.76,41.85231961696312,-145.61,112307.14,False
2025-12-30,Long,C,10010483,7.5,2026-01-28,29,5.6493,0.1988,0.2072,7.578,7.588,474.54,45.1940190079423,429.34,112736.48,False
2025-01-02,Short,P,90004741,2.0999999046325684,2025-01-22,20,13.3869,0.0747,0.1214,2.068,2.014,6251.67,107.09504986203957,6144.58,106144.58,False
2025-01-15,Short,P,90004739,2.0,2025-01-22,7,29.5667,0.0359,0.0381,2.006,1.996,650.47,236.53387668076527,413.93,106558.51,False
2025-01-16,Long,C,90004902,2.0,2025-02-26,41,11.384,0.0936,0.0858,2.021,2.007,-886.93,91.07227655482734,-978.0,105580.51,False
2025-01-20,Long,C,90004903,2.049999952316284,2025-02-26,37,11.2411,0.0939,0.0878,2.069,2.058,-685.13,89.9287072458522,-775.06,104805.45,False
2025-01-21,Short,P,90004912,2.049999952316284,2025-02-26,36,14.0383,0.0747,0.0687,2.052,2.065,-831.27,112.30600569404088,-943.58,103861.87,False
2025-01-24,Long,C,90004904,2.0999999046325684,2025-02-26,33,17.7846,0.0584,0.0628,2.07,2.083,782.52,142.27652808542436,640.24,104502.11,False
2025-01-27,Short,P,90004912,2.049999952316284,2025-02-26,30,16.3796,0.0638,0.0715,2.057,2.042,1261.23,131.03713131903652,1130.2,105632.31,False
2025-02-05,Short,P,90004912,2.049999952316284,2025-02-26,21,15.4208,0.0685,0.0684,2.025,2.023,-15.42,123.36620350335427,-138.79,105493.52,False
2025-02-10,Short,P,90004913,2.0999999046325684,2025-02-26,16,30.141,0.035,0.0317,2.133,2.137,-988.62,241.12804795766698,-1229.75,104263.77,True
2025-02-11,Short,P,90004913,2.0999999046325684,2025-02-26,15,25.6807,0.0406,0.0398,2.117,2.115,-205.45,205.44584016764165,-410.89,103852.88,False
2025-02-14,Long,C,90004905,2.1500000953674316,2025-02-26,12,27.9927,0.0371,0.0437,2.146,2.172,1858.34,223.94152152049352,1634.4,105487.28,True
2025-03-12,Short,P,90004416,2.1500000953674316,2025-03-26,14,28.8217,0.0366,0.032,2.163,2.158,-1331.56,230.5732741732404,-1562.13,103925.14,True
2025-03-14,Long,C,90004408,2.1500000953674316,2025-03-26,12,27.5663,0.0377,0.0566,2.149,2.183,5210.04,220.53079911859896,4989.51,108914.65,False
2025-03-20,Short,P,90005177,2.1500000953674316,2025-04-23,34,20.0668,0.0543,0.056,2.166,2.162,353.58,160.53457238962525,193.04,109107.69,False
2025-04-07,Short,P,90005234,1.899999976158142,2025-04-23,16,10.3126,0.1058,0.2344,1.851,1.773,13262.32,82.5010885134658,13179.82,122287.52,True
2025-04-08,Long,C,90005383,1.850000023841858,2025-04-23,15,19.1673,0.0638,0.0476,1.811,1.786,-3105.75,153.33857801955548,-3259.08,119028.43,True
2025-04-09,Short,P,90005436,1.7999999523162842,2025-04-23,14,15.5796,0.0764,0.0583,1.799,1.835,-2825.63,124.63710613151045,-2950.26,116078.17,True
2025-04-28,Short,P,90005262,1.899999976158142,2025-05-28,30,21.8192,0.0532,0.053,1.905,1.905,-43.64,174.55363889850292,-218.19,115859.98,False
2025-05-08,Long,C,90005255,2.0,2025-05-28,20,37.3742,0.031,0.0308,1.991,2.002,-71.01,298.9934907862789,-370.0,115489.97,True
2025-05-09,Short,P,90005263,1.9500000476837158,2025-05-28,19,53.2212,0.0217,0.0239,1.99,1.987,1170.87,425.7694745910304,745.1,116235.07,False
2025-05-15,Short,P,90005264,2.0,2025-05-28,13,42.7335,0.0272,0.0299,2.025,2.016,1153.8,341.86784439356893,811.94,117047.0,False
2025-05-19,Short,P,90005264,2.0,2025-05-28,9,32.423,0.0361,0.0278,1.991,2.003,-2676.19,259.3839422346359,-2935.58,114111.43,True
2025-06-03,Long,C,90004618,2.0,2025-06-25,22,41.0473,0.0278,0.0253,1.985,1.98,-1026.18,328.3782131722984,-1354.56,112756.87,False
2025-06-04,Long,C,90004618,2.0,2025-06-25,21,37.0911,0.0304,0.0305,1.996,2.0,37.09,296.72859094033083,-259.64,112497.23,False
2025-06-09,Long,C,90004618,2.0,2025-06-25,16,23.9356,0.047,0.0447,2.039,2.036,-550.84,191.48465145625073,-742.32,111754.91,True
2025-06-11,Long,C,90004618,2.0,2025-06-25,14,21.9127,0.051,0.0436,2.049,2.042,-1626.36,175.30181794820743,-1801.66,109953.24,True
2025-06-16,Long,C,90004618,2.0,2025-06-25,9,27.9779,0.0393,0.0363,2.034,2.035,-839.34,223.82340421777008,-1063.16,108890.08,False
2025-06-24,Long,C,90005632,2.0,2025-07-23,29,21.8495,0.0498,0.0602,2.028,2.043,2269.17,174.79612871820063,2094.37,110984.45,False
2025-06-25,Long,C,90005633,2.049999952316284,2025-07-23,28,24.3181,0.0456,0.0707,2.067,2.104,6095.05,194.544676457243,5900.5,116884.96,False
2025-07-02,Short,P,90005643,2.0999999046325684,2025-07-23,21,27.4378,0.0426,0.042,2.109,2.104,-164.63,219.50227261735498,-384.13,116500.83,False
2025-07-03,Long,C,90005634,2.0999999046325684,2025-07-23,20,27.0932,0.043,0.0546,2.121,2.144,3142.81,216.74571751561453,2926.07,119426.89,False
2025-07-08,Long,C,90005634,2.0999999046325684,2025-07-23,15,24.7774,0.0482,0.0672,2.133,2.16,4707.7,198.21891091000765,4509.48,123936.37,False
2025-07-14,Short,P,90005644,2.1500000953674316,2025-07-23,9,58.4606,0.0212,0.0187,2.174,2.179,-1449.82,467.68444251662356,-1917.51,122018.87,True
2025-07-15,Long,C,90005681,2.200000047683716,2025-07-23,8,31.6932,0.0385,0.029,2.218,2.214,-2998.49,253.54570003051683,-3252.04,118766.83,True
2025-07-17,Long,C,90005719,2.200000047683716,2025-08-27,41,16.5347,0.0718,0.0848,2.223,2.244,2147.31,132.27755236445856,2015.03,120781.86,False
2025-07-18,Long,C,90005720,2.25,2025-08-27,40,18.3173,0.0659,0.0589,2.263,2.25,-1296.92,146.53856217176335,-1443.45,119338.4,False
2025-07-24,Long,C,90005721,2.299999952316284,2025-08-27,34,18.4449,0.0647,0.0719,2.302,2.318,1328.03,147.55907562775002,1180.47,120518.88,False
2025-08-11,Long,C,90005721,2.299999952316284,2025-08-27,16,17.217,0.07,0.0771,2.347,2.356,1222.41,137.73585711588836,1084.67,121603.55,False
2025-08-13,Long,C,90005803,2.4000000953674316,2025-08-27,14,25.2814,0.0481,0.0812,2.408,2.456,8360.73,202.25122597299648,8158.48,129762.02,True
2025-08-15,Long,C,90005843,2.5,2025-08-27,12,35.7471,0.0363,0.0555,2.465,2.5,6873.34,285.9769115696375,6587.36,136349.38,True
2025-08-19,Long,C,90005963,2.5999999046325684,2025-08-27,8,21.2052,0.0643,0.0509,2.59,2.572,-2850.83,169.6415319909507,-3020.47,133328.92,True
2025-08-20,Short,P,90005940,2.549999952316284,2025-08-27,7,27.7191,0.0481,0.0456,2.55,2.576,-706.28,221.75288112718655,-928.04,132400.88,True
2025-08-22,Long,C,90005965,2.5999999046325684,2025-09-24,33,12.5577,0.1054,0.1367,2.6,2.655,3928.12,100.46136683385288,3827.66,136228.54,False
2025-08-25,Long,C,90006005,2.700000047683716,2025-09-24,30,13.2544,0.1028,0.1096,2.686,2.727,903.24,106.03526001294351,797.21,137025.75,True
2025-08-27,Long,C,90006023,2.75,2025-09-24,28,12.9473,0.1058,0.1152,2.729,2.747,1217.08,103.57846499776561,1113.5,138139.25,True
2025-08-28,Long,C,90006023,2.75,2025-09-24,27,17.0753,0.0809,0.0908,2.705,2.771,1689.15,136.60247176764491,1552.54,139691.79,True
2025-09-08,Short,P,90006097,2.9000000953674316,2025-09-24,16,14.5059,0.0963,0.0993,2.914,2.914,430.05,116.0471802132258,314.0,140005.8,True
2025-09-10,Long,C,90006069,2.8499999046325684,2025-09-24,14,14.8942,0.094,0.0686,2.874,2.884,-3783.53,119.15387265952715,-3902.69,136103.11,True
2025-09-15,Long,C,90006197,3.0,2025-09-24,9,12.6608,0.1075,0.0991,3.055,3.047,-1060.97,101.28603361621948,-1162.26,134940.85,True
2025-09-22,Short,P,90006228,3.0999999046325684,2025-10-22,30,8.4284,0.1601,0.1379,3.034,3.076,-1872.22,67.42738230766545,-1939.64,133001.21,False
2025-09-29,Long,C,90006237,3.200000047683716,2025-10-22,23,11.6668,0.114,0.1233,3.177,3.21,1085.01,93.33418144222507,991.68,133992.88,False
2025-09-30,Long,C,90006237,3.200000047683716,2025-10-22,22,9.8597,0.1359,0.123,3.236,3.22,-1271.9,78.8773385118163,-1350.77,132642.11,False
2025-10-09,Long,C,90006237,3.200000047683716,2025-10-22,13,12.4313,0.1067,0.113,3.229,3.244,787.65,99.45050110893172,688.2,133330.31,True
2025-10-10,Short,P,90006239,3.200000047683716,2025-10-22,12,11.6446,0.1145,0.1444,3.151,3.094,3481.73,93.15654515840475,3388.57,136718.88,False
2025-10-15,Short,P,90006201,2.950000047683716,2025-10-22,7,19.2291,0.0711,0.0518,2.939,2.999,-3705.45,153.83277905025616,-3859.28,132859.6,True
2025-11-06,Long,C,90006323,3.200000047683716,2025-11-26,20,17.954,0.074,0.089,3.16,3.2,2693.1,143.6319943093837,2549.47,135409.06,False
2025-11-12,Short,P,90006331,3.0999999046325684,2025-11-26,14,18.1271,0.0747,0.0809,3.103,3.101,1123.15,145.01640509517435,978.14,136387.2,True
2025-11-14,Short,P,90006331,3.0999999046325684,2025-11-26,12,24.6631,0.0553,0.0586,3.129,3.119,813.88,197.3051681948462,616.58,137003.78,False
2025-11-19,Long,C,90006322,3.0999999046325684,2025-11-26,7,37.9512,0.0361,0.0341,3.062,3.065,-778.0,303.6094808198505,-1081.61,135922.17,True
2025-11-21,Short,P,90006101,2.9000000953674316,2025-12-24,33,20.305,0.0669,0.0666,2.949,2.915,-77.15,162.4398387755495,-239.59,135682.58,True
2025-11-27,Long,C,90006203,3.0,2025-12-24,27,10.6921,0.1269,0.0977,3.085,3.017,-3125.94,85.53669174695499,-3211.48,132471.1,True
2025-12-03,Long,C,90006229,3.0999999046325684,2025-12-24,21,25.7225,0.0515,0.0401,3.065,3.018,-2929.28,205.78035544979693,-3135.06,129336.04,True
2025-12-08,Long,C,90006229,3.0999999046325684,2025-12-24,16,15.8695,0.0815,0.1075,3.129,3.176,4126.06,126.95562025809083,3999.1,133335.14,False
2025-12-10,Short,P,90006230,3.0999999046325684,2025-12-24,14,25.7902,0.0517,0.0423,3.137,3.196,-2418.43,206.3213044024079,-2624.75,130710.39,True
2025-12-11,Long,C,90006241,3.200000047683716,2025-12-24,13,19.3932,0.0674,0.0524,3.219,3.175,-2901.23,155.1458633747718,-3056.37,127654.02,True
2025-12-17,Long,C,90006229,3.0999999046325684,2025-12-24,7,34.5011,0.037,0.0514,3.079,3.162,4970.92,276.00868370121214,4694.91,132348.93,True
2025-12-22,Long,C,90006659,3.200000047683716,2026-01-28,37,15.3533,0.0862,0.09,3.163,3.171,582.2,122.82627686857838,459.38,132808.3,False
2025-12-30,Long,C,90006659,3.200000047683716,2026-01-28,29,13.3342,0.0996,0.0969,3.232,3.23,-360.02,106.67333235739851,-466.7,132341.61,False
2025-01-21,Short,P,10008602,3.9000000953674316,2025-02-26,36,11.7294,0.0853,0.0798,3.908,3.92,-634.94,93.83538475030686,-728.77,99271.23,False
2025-02-05,Short,P,10008602,3.9000000953674316,2025-02-26,21,15.4148,0.0644,0.0694,3.897,3.886,770.74,123.31829224525781,647.42,99918.65,False
2025-03-14,Long,C,10008013,4.099999904632568,2025-03-26,12,30.6499,0.0326,0.0476,4.063,4.1,4595.44,245.19913536326345,4350.24,104268.89,True
2025-04-07,Long,C,10008949,3.700000047683716,2025-04-23,16,9.211,0.1132,0.0898,3.741,3.658,-2159.43,73.68826088337129,-2233.12,102035.77,True
2025-05-07,Short,P,10009081,3.9000000953674316,2025-05-28,21,25.6371,0.0398,0.0436,3.926,3.915,974.21,205.0970234564784,769.11,102804.88,False
2025-06-11,Long,C,10008282,4.0,2025-06-25,14,20.3574,0.0505,0.0402,4.019,4.007,-2092.33,162.85921308848853,-2255.19,100549.69,True
2025-10-13,Long,C,10009913,4.699999809265137,2025-10-22,9,23.8269,0.0422,0.039,4.648,4.7,-757.06,190.6155274812078,-947.68,99602.01,True
2025-12-10,Short,P,10009762,4.699999809265137,2025-12-24,14,13.7004,0.0727,0.0616,4.666,4.706,-1524.86,109.6033126962716,-1634.46,97967.55,True
2025-01-09,Long,C,10008429,5.5,2025-01-22,13,7.9365,0.126,0.1131,5.551,5.562,-1022.22,63.4920624708703,-1085.71,98914.29,True
2025-01-13,Long,C,10008429,5.5,2025-01-22,9,12.2419,0.0808,0.0749,5.467,5.457,-721.05,97.93493967712736,-818.98,98095.3,True
2025-01-14,Long,C,10008429,5.5,2025-01-22,8,9.2543,0.106,0.1718,5.538,5.631,6089.31,74.03419304310269,6015.28,104110.58,False
2025-01-16,Long,C,10008735,5.5,2025-02-26,41,4.6989,0.2216,0.1781,5.578,5.523,-2044.35,37.591288238780756,-2081.94,102028.64,True
2025-01-21,Short,P,10008744,5.5,2025-02-26,36,7.317,0.1394,0.122,5.577,5.622,-1277.38,58.53597157923405,-1335.91,100692.73,False
2025-01-24,Long,C,10008612,5.6570000648498535,2025-02-26,33,7.0204,0.1411,0.1551,5.618,5.655,999.08,56.16343856973037,942.91,101635.64,False
2025-02-05,Short,P,10008621,5.6570000648498535,2025-02-26,21,6.3242,0.1581,0.1532,5.599,5.606,-315.0,50.593740595472006,-365.59,101270.05,False
2025-02-07,Long,C,10008736,5.75,2025-02-26,19,7.6546,0.1323,0.1572,5.801,5.804,1906.75,61.236611698822784,1845.52,103115.57,True
2025-02-11,Short,P,10008622,5.9029998779296875,2025-02-26,15,6.5914,0.1539,0.1352,5.83,5.856,-1252.93,52.73126984417978,-1305.66,101809.91,False
2025-02-12,Long,C,10008613,5.9029998779296875,2025-02-26,14,12.1994,0.0821,0.0725,5.88,5.894,-1191.87,97.59543382174343,-1289.47,100520.44,True
2025-03-11,Long,C,10008755,6.0,2025-03-26,15,12.0673,0.0833,0.0721,6.004,6.027,-1351.13,96.53823119881835,-1447.67,99072.76,True
2025-03-26,Long,C,10008971,6.0,2025-04-23,28,11.3973,0.0869,0.0772,5.968,5.944,-1105.74,91.17872424787795,-1196.92,97875.84,True
2025-04-01,Long,C,10008971,6.0,2025-04-23,22,19.229,0.0509,0.0471,5.894,5.887,-726.6,153.83236030388468,-880.43,96995.41,True
2025-04-08,Long,C,10008968,5.25,2025-04-23,15,5.1484,0.1884,0.1508,5.311,5.254,-1934.86,41.18700941302774,-1976.05,95019.36,True
2025-04-11,Long,C,10008969,5.5,2025-04-23,12,8.0321,0.1183,0.1354,5.553,5.584,1373.75,64.25654014525438,1309.5,96328.85,True
2025-04-15,Short,P,10008978,5.5,2025-04-23,8,18.141,0.0531,0.0443,5.57,5.582,-1592.96,145.1282119599763,-1738.09,94590.76,True
2025-04-17,Long,C,10009089,5.5,2025-05-28,41,5.6634,0.167,0.1491,5.591,5.563,-1013.41,45.30759202777201,-1058.72,93532.04,False
2025-04-21,Long,C,10009089,5.5,2025-05-28,37,5.8437,0.1601,0.1926,5.589,5.636,1902.6,46.74979491193682,1855.85,95387.89,False
2025-04-30,Long,C,10009089,5.5,2025-05-28,28,5.5297,0.1725,0.176,5.622,5.631,193.54,44.237863025037456,149.3,95537.19,False
2025-05-15,Short,P,10009099,5.75,2025-05-28,13,9.9518,0.096,0.1,5.736,5.723,398.07,79.61432812969228,318.46,95855.65,False
2025-05-29,Long,C,10008772,5.75,2025-06-25,27,13.4064,0.0715,0.0802,5.706,5.728,1166.36,107.2510741135409,1059.1,96914.76,False
2025-05-30,Short,P,10008310,5.6570000648498535,2025-06-25,26,8.4824,0.1124,0.1045,5.684,5.688,-681.16,67.85880214361083,-749.02,96165.73,False
2025-06-03,Long,C,10008772,5.75,2025-06-25,22,13.9169,0.0691,0.0552,5.729,5.709,-1931.11,111.33514900510089,-2042.44,94123.29,True
2025-06-04,Long,C,10008772,5.75,2025-06-25,21,13.6807,0.0688,0.0727,5.738,5.747,533.55,109.44568405603893,424.1,94547.39,False
2025-06-11,Long,C,10008302,5.9029998779296875,2025-06-25,14,23.9107,0.0389,0.0296,5.839,5.822,-2268.89,191.28572998399818,-2460.18,92087.21,True
2025-06-16,Long,C,10008772,5.75,2025-06-25,9,11.2852,0.0816,0.0772,5.807,5.802,-496.55,90.28157854160649,-586.83,91500.38,False
2025-06-23,Long,C,10009363,5.75,2025-07-23,30,14.7412,0.0621,0.0727,5.695,5.719,1567.59,117.92953343821749,1449.66,92950.04,False
2025-06-24,Long,C,10009363,5.75,2025-07-23,29,9.5211,0.0976,0.1156,5.773,5.803,1710.56,76.16911678210987,1634.39,94584.43,False
2025-06-25,Long,C,10009363,5.75,2025-07-23,28,6.6844,0.1415,0.1858,5.848,5.906,2962.93,53.475301264049676,2909.46,97493.89,False
2025-06-27,Long,C,10009364,6.0,2025-07-23,26,14.0684,0.0693,0.0667,5.922,5.908,-365.78,112.54704803771165,-478.33,97015.56,True
2025-07-08,Long,C,10009364,6.0,2025-07-23,15,15.8264,0.0613,0.0829,6.005,6.039,3418.49,126.61084769911223,3291.88,100307.44,False
2025-07-15,Long,C,10009364,6.0,2025-07-23,8,8.972,0.1118,0.0831,6.094,6.081,-2577.67,71.77634492600426,-2649.44,97658.0,True
2025-07-17,Long,C,10009549,6.0,2025-08-27,41,6.1581,0.1586,0.1879,6.108,6.147,1807.34,49.26453345502964,1758.07,99416.07,False
2025-07-21,Long,C,10009550,6.25,2025-08-27,37,10.3577,0.096,0.1032,6.209,6.224,743.52,82.8619091776843,660.66,100076.73,False
2025-07-24,Long,C,10009550,6.25,2025-08-27,34,6.5452,0.1529,0.1907,6.308,6.359,2474.1,52.36192733849879,2421.74,102498.47,False
2025-08-11,Long,C,10009551,6.5,2025-08-27,16,19.5982,0.0523,0.0559,6.446,6.467,707.89,156.78542603954833,551.1,103049.57,True
2025-08-13,Long,C,10009551,6.5,2025-08-27,14,12.4156,0.083,0.1125,6.524,6.567,3667.16,99.32489140244441,3567.83,106617.4,True
2025-08-15,Long,C,10009551,6.5,2025-08-27,12,8.4617,0.126,0.1608,6.575,6.639,2944.81,67.69358841994121,2877.12,109494.52,True
2025-08-22,Long,C,10008887,6.75,2025-09-24,33,5.1249,0.2137,0.2578,6.836,6.905,2264.45,40.99900624912413,2223.45,111717.97,False
2025-08-25,Long,C,10008903,7.0,2025-09-24,30,5.9674,0.1872,0.1679,7.004,7.031,-1150.47,47.73921791973455,-1198.21,110519.76,True
2025-08-27,Long,C,10008903,7.0,2025-09-24,28,5.0138,0.2204,0.2198,7.071,7.044,-30.13,40.110163461846255,-70.24,110449.51,True
2025-08-28,Long,C,10008903,7.0,2025-09-24,27,6.6376,0.1664,0.1647,6.968,7.038,-111.51,53.10072623760779,-164.61,110284.9,True
2025-09-08,Long,C,10008903,7.0,2025-09-24,16,7.482,0.1474,0.1081,7.047,7.078,-2943.77,59.85611592514408,-3003.63,107281.27,True
2025-09-10,Long,C,10008903,7.0,2025-09-24,14,9.2245,0.1163,0.0844,7.037,7.01,-2941.43,73.79622811790139,-3015.22,104266.05,True
2025-09-12,Long,C,10009047,7.25,2025-09-24,12,9.9301,0.105,0.1014,7.238,7.267,-353.61,79.44079981855884,-433.05,103833.0,True
2025-09-24,Long,C,10009930,7.25,2025-10-22,28,6.202,0.1674,0.2393,7.295,7.408,4456.12,49.616307138428176,4406.51,108239.5,False
2025-09-30,Long,C,10009931,7.5,2025-10-22,22,6.8333,0.1584,0.1529,7.506,7.524,-375.83,54.66641510384708,-430.5,107809.0,False
2025-10-23,Short,P,10010113,7.25,2025-11-26,34,3.5324,0.3052,0.2552,7.127,7.217,-1765.17,28.259239665834723,-1793.43,106015.58,True
2025-10-24,Long,C,10010104,7.25,2025-11-26,33,5.571,0.1903,0.1986,7.3,7.347,462.39,44.56776684644835,417.82,106433.4,False
2025-10-29,Long,C,10010105,7.5,2025-11-26,28,7.3861,0.1441,0.1895,7.497,7.585,3353.28,59.08863431236099,3294.19,109727.59,False
2025-10-30,Short,P,10010114,7.5,2025-11-26,27,6.0858,0.1803,0.163,7.522,7.511,-1052.14,48.68667458550829,-1100.83,108626.77,True
2025-11-03,Short,P,10010113,7.25,2025-11-26,23,9.0147,0.1205,0.116,7.366,7.431,-410.14,72.11735580135046,-482.26,108144.51,True
2025-11-13,Long,C,10010105,7.5,2025-11-26,13,18.0241,0.06,0.0662,7.406,7.455,1117.85,144.19268402418032,973.66,109118.17,True
2025-11-25,Long,C,10009507,7.0,2025-12-24,29,5.6394,0.1935,0.1874,7.065,7.054,-345.93,45.115299655325956,-391.04,108727.13,True
2025-11-27,Long,C,10009615,7.25,2025-12-24,27,13.473,0.0807,0.0619,7.152,7.07,-2533.55,107.78401824233222,-2641.34,106085.79,True
2025-12-16,Short,P,10009616,7.25,2025-12-24,8,6.7743,0.1566,0.1625,7.136,7.127,401.4,54.194531443161,347.21,106433.0,True
2025-12-18,Long,C,10010482,7.25,2026-01-28,41,6.325,0.1683,0.1385,7.284,7.236,-1883.91,50.59981022859629,-1934.51,104498.49,True
2025-12-22,Long,C,10010482,7.25,2026-01-28,37,4.8615,0.215,0.213,7.371,7.368,-96.42,38.891926670350905,-135.31,104363.17,False
2025-12-30,Long,C,10010483,7.5,2026-01-28,29,5.2497,0.1988,0.2072,7.578,7.588,440.97,41.99725342064273,398.97,104762.15,False
2025-01-02,Short,P,90004741,2.0999999046325684,2025-01-22,20,13.3869,0.0747,0.1214,2.068,2.014,6251.67,107.09504986203957,6144.58,106144.58,False
2025-01-15,Short,P,90004739,2.0,2025-01-22,7,29.5667,0.0359,0.0381,2.006,1.996,650.47,236.53387668076527,413.93,106558.51,False
2025-01-16,Long,C,90004902,2.0,2025-02-26,41,11.384,0.0936,0.0858,2.021,2.007,-886.93,91.07227655482734,-978.0,105580.51,False
2025-01-20,Long,C,90004903,2.049999952316284,2025-02-26,37,11.2411,0.0939,0.0878,2.069,2.058,-685.13,89.9287072458522,-775.06,104805.45,False
2025-01-24,Long,C,90004904,2.0999999046325684,2025-02-26,33,17.9461,0.0584,0.0628,2.07,2.083,789.63,143.56910313685296,646.06,105451.51,False
2025-02-05,Short,P,90004912,2.049999952316284,2025-02-26,21,15.3944,0.0685,0.0684,2.025,2.023,-15.39,123.15505082977123,-138.55,105312.96,False
2025-02-10,Short,P,90004913,2.0999999046325684,2025-02-26,16,30.0894,0.035,0.0317,2.133,2.137,-986.93,240.71533498963976,-1227.65,104085.31,True
2025-02-11,Short,P,90004913,2.0999999046325684,2025-02-26,15,25.6368,0.0406,0.0398,2.117,2.115,-205.09,205.09420060027233,-410.19,103675.12,False
2025-02-14,Long,C,90004905,2.1500000953674316,2025-02-26,12,27.9448,0.0371,0.0437,2.146,2.172,1855.16,223.55822488290167,1631.6,105306.73,True
2025-03-14,Long,C,90004408,2.1500000953674316,2025-03-26,12,27.9328,0.0377,0.0566,2.149,2.183,5279.3,223.46253966807643,5055.84,110362.56,False
2025-04-07,Short,P,90005234,1.899999976158142,2025-04-23,16,10.4312,0.1058,0.2344,1.851,1.773,13414.86,83.44995231305138,13331.41,123693.97,True
2025-04-08,Long,C,90005383,1.850000023841858,2025-04-23,15,19.3878,0.0638,0.0476,1.811,1.786,-3141.47,155.10215991143488,-3296.57,120397.4,True
2025-05-08,Long,C,90005255,2.0,2025-05-28,20,38.8379,0.031,0.0308,1.991,2.002,-73.79,310.7029846285636,-384.49,120012.91,True
2025-05-15,Short,P,90005264,2.0,2025-05-28,13,44.1224,0.0272,0.0299,2.025,2.016,1191.3,352.97914349649477,838.33,120851.24,False
2025-06-03,Long,C,90004618,2.0,2025-06-25,22,43.4717,0.0278,0.0253,1.985,1.98,-1086.79,347.7733477089537,-1434.56,119416.67,False
2025-06-04,Long,C,90004618,2.0,2025-06-25,21,39.2818,0.0304,0.0305,1.996,2.0,39.28,314.2543911039983,-274.97,119141.7,False
2025-06-09,Long,C,90004618,2.0,2025-06-25,16,25.3493,0.047,0.0447,2.039,2.036,-583.37,202.7943864743589,-786.17,118355.53,True
2025-06-11,Long,C,90004618,2.0,2025-06-25,14,23.207,0.051,0.0436,2.049,2.042,-1722.42,185.65573975921922,-1908.08,116447.46,True
2025-06-16,Long,C,90004618,2.0,2025-06-25,9,29.6304,0.0393,0.0363,2.034,2.035,-888.91,237.04317600262382,-1125.95,115321.5,False
2025-06-24,Long,C,90005632,2.0,2025-07-23,29,23.14,0.0498,0.0602,2.028,2.043,2403.19,185.12018280274248,2218.07,117539.57,False
2025-06-25,Long,C,90005633,2.049999952316284,2025-07-23,28,25.7544,0.0456,0.0707,2.067,2.104,6455.04,206.0351469632705,6249.01,123788.58,False
2025-07-03,Long,C,90005634,2.0999999046325684,2025-07-23,20,28.788,0.043,0.0546,2.121,2.144,3339.41,230.30432519437082,3109.11,126897.69,False
2025-07-08,Long,C,90005634,2.0999999046325684,2025-07-23,15,26.3273,0.0482,0.0672,2.133,2.16,5002.19,210.6185674215395,4791.57,131689.26,False
2025-07-15,Long,C,90005681,2.200000047683716,2025-07-23,8,34.205,0.0385,0.029,2.218,2.214,-3236.14,273.6400198372131,-3509.78,128179.48,True
2025-07-17,Long,C,90005719,2.200000047683716,2025-08-27,41,17.8451,0.0718,0.0848,2.223,2.244,2317.49,142.76097779876298,2174.73,130354.21,False
2025-07-18,Long,C,90005720,2.25,2025-08-27,40,19.769,0.0659,0.0589,2.263,2.25,-1399.7,158.15221892846813,-1557.85,128796.36,False
2025-07-24,Long,C,90005721,2.299999952316284,2025-08-27,34,19.9067,0.0647,0.0719,2.302,2.318,1433.28,159.25361138870994,1274.03,130070.39,False
2025-08-11,Long,C,90005721,2.299999952316284,2025-08-27,16,18.5815,0.07,0.0771,2.347,2.356,1319.29,148.65187092090642,1170.63,131241.02,False
2025-08-13,Long,C,90005803,2.4000000953674316,2025-08-27,14,27.285,0.0481,0.0812,2.408,2.456,9023.34,218.28029219462292,8805.06,140046.08,True
2025-08-15,Long,C,90005843,2.5,2025-08-27,12,38.5802,0.0363,0.0555,2.465,2.5,7418.07,308.6415101714672,7109.43,147155.51,True
2025-08-19,Long,C,90005963,2.5999999046325684,2025-08-27,8,22.8858,0.0643,0.0509,2.59,2.572,-3076.76,183.08617410443864,-3259.85,143895.66,True
2025-08-20,Short,P,90005940,2.549999952316284,2025-08-27,7,29.9159,0.0481,0.0456,2.55,2.576,-762.26,239.3275168275343,-1001.58,142894.08,True
2025-08-22,Long,C,90005965,2.5999999046325684,2025-09-24,33,13.5529,0.1054,0.1367,2.6,2.655,4239.44,108.42325628074272,4131.01,147025.09,False
2025-08-25,Long,C,90006005,2.700000047683716,2025-09-24,30,14.3049,0.1028,0.1096,2.686,2.727,974.83,114.438898588671,860.39,147885.48,True
2025-08-27,Long,C,90006023,2.75,2025-09-24,28,13.9734,0.1058,0.1152,2.729,2.747,1313.53,111.78739459310597,1201.75,149087.23,True
2025-08-28,Long,C,90006023,2.75,2025-09-24,27,18.4286,0.0809,0.0908,2.705,2.771,1823.02,147.42866110453323,1675.59,150762.82,True
2025-09-10,Long,C,90006069,2.8499999046325684,2025-09-24,14,16.0386,0.094,0.0686,2.874,2.884,-4074.23,128.30878640354584,-4202.54,146560.28,True
2025-09-15,Long,C,90006197,3.0,2025-09-24,9,13.6335,0.1075,0.0991,3.055,3.047,-1142.49,109.06811304455542,-1251.56,145308.72,True
2025-09-22,Short,P,90006228,3.0999999046325684,2025-10-22,30,9.076,0.1601,0.1379,3.034,3.076,-2016.06,72.6080101398427,-2088.67,143220.05,False
2025-09-29,Long,C,90006237,3.200000047683716,2025-10-22,23,12.5632,0.114,0.1233,3.177,3.21,1168.37,100.50529859855727,1067.87,144287.92,False
2025-09-30,Long,C,90006237,3.200000047683716,2025-10-22,22,10.6172,0.1359,0.123,3.236,3.22,-1369.62,84.93769739328403,-1454.56,142833.36,False
2025-10-09,Long,C,90006237,3.200000047683716,2025-10-22,13,13.3864,0.1067,0.113,3.229,3.244,848.16,107.09155161891618,741.07,143574.43,True
2025-10-10,Short,P,90006239,3.200000047683716,2025-10-22,12,12.5393,0.1145,0.1444,3.151,3.094,3749.24,100.31401403944484,3648.92,147223.36,False
2025-11-06,Long,C,90006323,3.200000047683716,2025-11-26,20,19.895,0.074,0.089,3.16,3.2,2984.26,159.16038296198371,2825.1,150048.45,False
2025-11-14,Short,P,90006331,3.0999999046325684,2025-11-26,12,27.1335,0.0553,0.0586,3.129,3.119,895.41,217.0682823735834,678.34,150726.79,False
2025-11-19,Long,C,90006322,3.0999999046325684,2025-11-26,7,41.7526,0.0361,0.0341,3.062,3.065,-855.93,334.02058910498334,-1189.95,149536.84,True
2025-11-21,Short,P,90006101,2.9000000953674316,2025-12-24,33,22.3388,0.0669,0.0666,2.949,2.915,-84.88,178.71065981013356,-263.59,149273.25,True
2025-11-27,Long,C,90006203,3.0,2025-12-24,27,11.7631,0.1269,0.0977,3.085,3.017,-3439.05,94.10449268665018,-3533.15,145740.1,True
2025-12-08,Long,C,90006229,3.0999999046325684,2025-12-24,16,17.8822,0.0815,0.1075,3.129,3.176,4649.38,143.057764975345,4506.32,150246.42,False
2025-12-10,Short,P,90006230,3.0999999046325684,2025-12-24,14,29.0612,0.0517,0.0423,3.137,3.196,-2725.17,232.48962601736608,-2957.66,147288.76,True
2025-12-11,Long,C,90006241,3.200000047683716,2025-12-24,13,21.8529,0.0674,0.0524,3.219,3.175,-3269.2,174.82345731874463,-3444.02,143844.74,True
2025-12-17,Long,C,90006229,3.0999999046325684,2025-12-24,7,38.877,0.037,0.0514,3.079,3.162,5601.39,311.01565510697407,5290.38,149135.12,True
2025-12-22,Long,C,90006659,3.200000047683716,2026-01-28,37,17.3006,0.0862,0.09,3.163,3.171,656.04,138.40468514383815,517.64,149652.76,False
