date,etf,asset_type,scheme,z_composite,z_th,position,is_trade,trade_return,raw_pnl,fee,net_pnl,cum_pnl
2022-01-04,500ETF,Spot ETF,rank,-0.4563,0.7,0.0,0,0.001398,0.0,0.0,0.0,0.0
2022-01-05,500ETF,Spot ETF,rank,-0.9683,0.7,-1.0,1,-0.006532,0.006532,0.0008,0.005732,0.005732
2022-01-06,500ETF,Spot ETF,rank,-0.0194,0.7,0.0,0,0.002745,0.0,0.0008,-0.0008,0.004932
2022-01-07,500ETF,Spot ETF,rank,0.7896,0.7,1.0,1,-0.010681,-0.010681,0.0008,-0.011481,-0.006549
2022-01-10,500ETF,Spot ETF,rank,-0.7392,0.7,0.0,0,0.005297,0.0,0.0008,-0.0008,-0.007349
2022-01-11,500ETF,Spot ETF,rank,0.3155,0.7,0.0,0,-0.00844,-0.0,0.0,-0.0,-0.007349
2022-01-12,500ETF,Spot ETF,rank,0.2494,0.7,0.0,0,0.003935,0.0,0.0,0.0,-0.007349
2022-01-13,500ETF,Spot ETF,rank,-1.067,0.7,-1.0,1,-0.006838,0.006838,0.0008,0.006038,-0.001311
2022-01-14,500ETF,Spot ETF,rank,-0.4179,0.7,0.0,0,0.00023,0.0,0.0008,-0.0008,-0.002111
2022-01-17,500ETF,Spot ETF,rank,0.8007,0.7,1.0,1,0.005787,0.005787,0.0008,0.004987,0.002876
2022-01-18,500ETF,Spot ETF,rank,-0.3792,0.7,0.0,0,-0.003008,-0.0,0.0008,-0.0008,0.002076
2022-01-19,500ETF,Spot ETF,rank,0.7264,0.7,1.0,1,-0.009514,-0.009514,0.0008,-0.010314,-0.008238
2022-01-20,500ETF,Spot ETF,rank,-0.0885,0.7,0.0,0,-0.006493,-0.0,0.0008,-0.0008,-0.009038
2022-01-21,500ETF,Spot ETF,rank,-0.8987,0.7,0.0,0,-0.005028,-0.0,0.0,-0.0,-0.009038
2022-01-24,500ETF,Spot ETF,rank,0.1571,0.7,0.0,0,0.003186,0.0,0.0,0.0,-0.009038
2022-01-25,500ETF,Spot ETF,rank,-0.3063,0.7,0.0,0,-0.021122,-0.0,0.0,-0.0,-0.009038
2022-01-26,500ETF,Spot ETF,rank,0.7824,0.7,1.0,1,0.003795,0.003795,0.0008,0.002995,-0.006043
2022-01-27,500ETF,Spot ETF,rank,-0.4138,0.7,0.0,0,-0.015741,-0.0,0.0008,-0.0008,-0.006843
2022-01-28,500ETF,Spot ETF,rank,-0.7425,0.7,0.0,0,0.00591,0.0,0.0,0.0,-0.006843
2022-02-07,500ETF,Spot ETF,rank,1.0955,0.7,1.0,1,-0.002989,-0.002989,0.0008,-0.003789,-0.010632
2022-02-08,500ETF,Spot ETF,rank,-0.6459,0.7,0.0,0,0.004553,0.0,0.0008,-0.0008,-0.011432
2022-02-09,500ETF,Spot ETF,rank,0.7989,0.7,1.0,1,0.014388,0.014388,0.0008,0.013588,0.002156
2022-02-10,500ETF,Spot ETF,rank,0.0823,0.7,0.0,0,-0.001402,-0.0,0.0008,-0.0008,0.001356
2022-02-11,500ETF,Spot ETF,rank,0.0042,0.7,0.0,0,-0.01052,-0.0,0.0,-0.0,0.001356
2022-02-14,500ETF,Spot ETF,rank,0.2473,0.7,0.0,0,-0.012567,-0.0,0.0,-0.0,0.001356
2022-02-15,500ETF,Spot ETF,rank,0.0527,0.7,0.0,0,0.001156,0.0,0.0,0.0,0.001356
2022-02-16,500ETF,Spot ETF,rank,-0.2691,0.7,0.0,0,-0.002921,-0.0,0.0,-0.0,0.001356
2022-02-17,500ETF,Spot ETF,rank,-0.8982,0.7,0.0,0,0.001675,0.0,0.0,0.0,0.001356
2022-02-18,500ETF,Spot ETF,rank,0.7716,0.7,1.0,1,0.004937,0.004937,0.0008,0.004137,0.005493
2022-02-21,500ETF,Spot ETF,rank,0.0428,0.7,0.0,0,0.000761,0.0,0.0008,-0.0008,0.004693
2022-02-22,500ETF,Spot ETF,rank,-1.1319,0.7,-1.0,1,0.000627,-0.000627,0.0008,-0.001427,0.003266
2022-02-23,500ETF,Spot ETF,rank,1.0934,0.7,1.0,1,0.007364,0.007364,0.0016,0.005764,0.00903
2022-02-24,500ETF,Spot ETF,rank,-0.1788,0.7,0.0,0,-0.022444,-0.0,0.0008,-0.0008,0.00823
2022-02-25,500ETF,Spot ETF,rank,1.2073,0.7,1.0,1,-0.009009,-0.009009,0.0008,-0.009809,-0.00158
2022-02-28,500ETF,Spot ETF,rank,-0.4338,0.7,0.0,0,0.006156,0.0,0.0008,-0.0008,-0.00238
2022-03-01,500ETF,Spot ETF,rank,0.5559,0.7,0.0,0,-0.001616,-0.0,0.0,-0.0,-0.00238
2022-03-02,500ETF,Spot ETF,rank,-0.4706,0.7,0.0,0,0.004522,0.0,0.0,0.0,-0.00238
2022-03-03,500ETF,Spot ETF,rank,-0.3988,0.7,0.0,0,-0.002885,-0.0,0.0,-0.0,-0.00238
2022-03-04,500ETF,Spot ETF,rank,-0.7357,0.7,0.0,0,-0.007584,-0.0,0.0,-0.0,-0.00238
2022-03-07,500ETF,Spot ETF,rank,-1.2551,0.7,-1.0,1,-0.011317,0.011317,0.0008,0.010517,0.008137
2022-03-08,500ETF,Spot ETF,rank,-0.7713,0.7,0.0,0,-0.018912,-0.0,0.0008,-0.0008,0.007337
2022-03-09,500ETF,Spot ETF,rank,-0.7691,0.7,0.0,0,-0.027221,-0.0,0.0,-0.0,0.007337
2022-03-10,500ETF,Spot ETF,rank,0.2891,0.7,0.0,0,-0.000684,-0.0,0.0,-0.0,0.007337
2022-03-11,500ETF,Spot ETF,rank,-1.265,0.7,-1.0,1,0.016664,-0.016664,0.0008,-0.017464,-0.010127
2022-03-14,500ETF,Spot ETF,rank,0.3168,0.7,0.0,0,-0.018049,-0.0,0.0008,-0.0008,-0.010927
2022-03-15,500ETF,Spot ETF,rank,-1.6428,0.7,-1.0,1,-0.015537,0.015537,0.0008,0.014737,0.00381
2022-03-16,500ETF,Spot ETF,rank,-0.7285,0.7,0.0,0,0.02651,0.0,0.0008,-0.0008,0.00301
2022-03-17,500ETF,Spot ETF,rank,1.2789,0.7,1.0,1,0.004047,0.004047,0.0008,0.003247,0.006257
2022-03-18,500ETF,Spot ETF,rank,0.8361,0.7,1.0,1,0.008807,0.008807,0.0,0.008807,0.015063
2022-03-21,500ETF,Spot ETF,rank,0.5244,0.7,0.0,0,-0.003956,-0.0,0.0008,-0.0008,0.014263
2022-03-22,500ETF,Spot ETF,rank,-0.7161,0.7,0.0,0,-0.001002,-0.0,0.0,-0.0,0.014263
2022-03-23,500ETF,Spot ETF,rank,-0.0009,0.7,0.0,0,0.003878,0.0,0.0,0.0,0.014263
2022-03-24,500ETF,Spot ETF,rank,-1.0017,0.7,-1.0,1,3.4e-05,-3.4e-05,0.0008,-0.000834,0.013429
2022-03-25,500ETF,Spot ETF,rank,0.2209,0.7,0.0,0,-0.011024,-0.0,0.0008,-0.0008,0.012629
2022-03-28,500ETF,Spot ETF,rank,-0.9539,0.7,-1.0,1,0.006369,-0.006369,0.0008,-0.007169,0.00546
2022-03-29,500ETF,Spot ETF,rank,0.2912,0.7,0.0,0,-0.011935,-0.0,0.0008,-0.0008,0.00466
2022-03-30,500ETF,Spot ETF,rank,0.8804,0.7,1.0,1,0.009534,0.009534,0.0008,0.008734,0.013394
2022-03-31,500ETF,Spot ETF,rank,-0.1526,0.7,0.0,0,-0.006331,-0.0,0.0008,-0.0008,0.012594
2022-04-01,500ETF,Spot ETF,rank,-0.0448,0.7,0.0,0,0.006681,0.0,0.0,0.0,0.012594
2022-04-06,500ETF,Spot ETF,rank,-1.0145,0.7,-1.0,1,0.003287,-0.003287,0.0008,-0.004087,0.008507
2022-04-07,500ETF,Spot ETF,rank,0.4439,0.7,0.0,0,-0.016093,-0.0,0.0008,-0.0008,0.007707
2022-04-08,500ETF,Spot ETF,rank,-0.4146,0.7,0.0,0,0.007415,0.0,0.0,0.0,0.007707
2022-04-11,500ETF,Spot ETF,rank,-1.287,0.7,-1.0,1,-0.021706,0.021706,0.0008,0.020906,0.028613
2022-04-12,500ETF,Spot ETF,rank,0.0328,0.7,0.0,0,0.016761,0.0,0.0008,-0.0008,0.027813
2022-04-13,500ETF,Spot ETF,rank,-1.1688,0.7,-1.0,1,0.000268,-0.000268,0.0008,-0.001068,0.026745
2022-04-14,500ETF,Spot ETF,rank,0.0415,0.7,0.0,0,0.009382,0.0,0.0008,-0.0008,0.025945
2022-04-15,500ETF,Spot ETF,rank,-0.7468,0.7,0.0,0,-0.006265,-0.0,0.0,-0.0,0.025945
2022-04-18,500ETF,Spot ETF,rank,-1.0869,0.7,-1.0,1,0.004378,-0.004378,0.0008,-0.005178,0.020767
2022-04-19,500ETF,Spot ETF,rank,0.8012,0.7,1.0,1,-0.001385,-0.001385,0.0016,-0.002985,0.017782
2022-04-20,500ETF,Spot ETF,rank,-0.6228,0.7,0.0,0,-0.018819,-0.0,0.0008,-0.0008,0.016982
2022-04-21,500ETF,Spot ETF,rank,0.1923,0.7,0.0,0,-0.026582,-0.0,0.0,-0.0,0.016982
2022-04-22,500ETF,Spot ETF,rank,-1.1193,0.7,-1.0,1,0.004957,-0.004957,0.0008,-0.005757,0.011225
2022-04-25,500ETF,Spot ETF,rank,-1.6944,0.7,-1.0,1,-0.026094,0.026094,0.0,0.026094,0.037319
2022-04-26,500ETF,Spot ETF,rank,-0.6521,0.7,0.0,0,-0.009842,-0.0,0.0008,-0.0008,0.036519
2022-04-27,500ETF,Spot ETF,rank,0.3704,0.7,0.0,0,0.036739,0.0,0.0,0.0,0.036519
2022-04-28,500ETF,Spot ETF,rank,0.1787,0.7,0.0,0,-0.001399,-0.0,0.0,-0.0,0.036519
2022-04-29,500ETF,Spot ETF,rank,0.257,0.7,0.0,0,0.029649,0.0,0.0,0.0,0.036519
2022-05-05,500ETF,Spot ETF,rank,0.7911,0.7,1.0,1,0.002242,0.002242,0.0008,0.001442,0.037961
2022-05-06,500ETF,Spot ETF,rank,-0.6155,0.7,0.0,0,-0.003559,-0.0,0.0008,-0.0008,0.037161
2022-05-09,500ETF,Spot ETF,rank,1.0229,0.7,1.0,1,3.3e-05,3.3e-05,0.0008,-0.000767,0.036394
2022-05-10,500ETF,Spot ETF,rank,-0.0665,0.7,0.0,0,0.021155,0.0,0.0008,-0.0008,0.035594
2022-05-11,500ETF,Spot ETF,rank,1.3757,0.7,1.0,1,-0.001342,-0.001342,0.0008,-0.002142,0.033452
2022-05-12,500ETF,Spot ETF,rank,1.0269,0.7,1.0,1,-0.001754,-0.001754,0.0,-0.001754,0.031699
2022-05-13,500ETF,Spot ETF,rank,0.619,0.7,0.0,0,-6.7e-05,-0.0,0.0008,-0.0008,0.030899
2022-05-16,500ETF,Spot ETF,rank,-0.0989,0.7,0.0,0,-0.002093,-0.0,0.0,-0.0,0.030899
2022-05-17,500ETF,Spot ETF,rank,-0.8963,0.7,0.0,0,0.004318,0.0,0.0,0.0,0.030899
2022-05-18,500ETF,Spot ETF,rank,-0.488,0.7,0.0,0,-0.001239,-0.0,0.0,-0.0,0.030899
2022-05-19,500ETF,Spot ETF,rank,0.0941,0.7,0.0,0,0.016457,0.0,0.0,0.0,0.030899
2022-05-20,500ETF,Spot ETF,rank,1.3412,0.7,1.0,1,0.003315,0.003315,0.0008,0.002515,0.033414
2022-05-23,500ETF,Spot ETF,rank,-0.1089,0.7,0.0,0,0.003697,0.0,0.0008,-0.0008,0.032614
2022-05-24,500ETF,Spot ETF,rank,-0.624,0.7,0.0,0,-0.027764,-0.0,0.0,-0.0,0.032614
2022-05-25,500ETF,Spot ETF,rank,0.9411,0.7,1.0,1,0.004271,0.004271,0.0008,0.003471,0.036085
2022-05-26,500ETF,Spot ETF,rank,-0.8315,0.7,0.0,0,0.017778,0.0,0.0008,-0.0008,0.035285
2022-05-27,500ETF,Spot ETF,rank,0.8594,0.7,1.0,1,-0.005261,-0.005261,0.0008,-0.006061,0.029224
2022-05-30,500ETF,Spot ETF,rank,-0.6027,0.7,0.0,0,0.007904,0.0,0.0008,-0.0008,0.028424
2022-05-31,500ETF,Spot ETF,rank,-0.8431,0.7,0.0,0,0.018638,0.0,0.0,0.0,0.028424
2022-06-01,500ETF,Spot ETF,rank,0.3568,0.7,0.0,0,-0.002648,-0.0,0.0,-0.0,0.028424
2022-06-02,500ETF,Spot ETF,rank,-0.3669,0.7,0.0,0,0.011311,0.0,0.0,0.0,0.028424
2022-06-06,500ETF,Spot ETF,rank,0.6713,0.7,0.0,0,0.014821,0.0,0.0,0.0,0.028424
2022-06-07,500ETF,Spot ETF,rank,-0.0728,0.7,0.0,0,0.005412,0.0,0.0,0.0,0.028424
2022-06-08,500ETF,Spot ETF,rank,0.42,0.7,0.0,0,-0.00247,-0.0,0.0,-0.0,0.028424
2022-06-09,500ETF,Spot ETF,rank,-0.8582,0.7,0.0,0,-0.009679,-0.0,0.0,-0.0,0.028424
2022-06-10,500ETF,Spot ETF,rank,0.5268,0.7,0.0,0,0.016718,0.0,0.0,0.0,0.028424
2022-06-13,500ETF,Spot ETF,rank,0.4038,0.7,0.0,0,-0.004199,-0.0,0.0,-0.0,0.028424
2022-06-14,500ETF,Spot ETF,rank,-0.7121,0.7,0.0,0,0.011565,0.0,0.0,0.0,0.028424
2022-06-15,500ETF,Spot ETF,rank,1.097,0.7,1.0,1,0.007541,0.007541,0.0008,0.006741,0.035165
2022-06-16,500ETF,Spot ETF,rank,1.1092,0.7,1.0,1,-0.003282,-0.003282,0.0,-0.003282,0.031883
2022-06-17,500ETF,Spot ETF,rank,0.7153,0.7,1.0,1,0.005843,0.005843,0.0,0.005843,0.037726
2022-06-20,500ETF,Spot ETF,rank,0.5543,0.7,0.0,0,0.004356,0.0,0.0008,-0.0008,0.036926
2022-06-21,500ETF,Spot ETF,rank,-0.6219,0.7,0.0,0,-0.010914,-0.0,0.0,-0.0,0.036926
2022-06-22,500ETF,Spot ETF,rank,-0.8844,0.7,0.0,0,-0.012358,-0.0,0.0,-0.0,0.036926
2022-06-23,500ETF,Spot ETF,rank,0.0972,0.7,0.0,0,0.019947,0.0,0.0,0.0,0.036926
2022-06-24,500ETF,Spot ETF,rank,0.6976,0.7,0.0,0,0.003005,0.0,0.0,0.0,0.036926
2022-06-27,500ETF,Spot ETF,rank,0.6517,0.7,0.0,0,0.002483,0.0,0.0,0.0,0.036926
2022-06-28,500ETF,Spot ETF,rank,-0.4453,0.7,0.0,0,0.012408,0.0,0.0,0.0,0.036926
2022-06-29,500ETF,Spot ETF,rank,-0.1255,0.7,0.0,0,-0.009703,-0.0,0.0,-0.0,0.036926
2022-06-30,500ETF,Spot ETF,rank,1.3529,0.7,1.0,1,0.002125,0.002125,0.0008,0.001325,0.038251
2022-07-01,500ETF,Spot ETF,rank,-0.5132,0.7,0.0,0,-0.000391,-0.0,0.0008,-0.0008,0.037451
2022-07-04,500ETF,Spot ETF,rank,-0.5837,0.7,0.0,0,0.005723,0.0,0.0,0.0,0.037451
2022-07-05,500ETF,Spot ETF,rank,-0.0816,0.7,0.0,0,-0.006123,-0.0,0.0,-0.0,0.037451
2022-07-06,500ETF,Spot ETF,rank,-0.6769,0.7,0.0,0,-0.015197,-0.0,0.0,-0.0,0.037451
2022-07-07,500ETF,Spot ETF,rank,-0.7044,0.7,0.0,0,0.00824,0.0,0.0,0.0,0.037451
2022-07-08,500ETF,Spot ETF,rank,-0.0958,0.7,0.0,0,-0.005825,-0.0,0.0,-0.0,0.037451
2022-07-11,500ETF,Spot ETF,rank,-1.1734,0.7,-1.0,1,-0.001138,0.001138,0.0008,0.000338,0.037789
2022-07-12,500ETF,Spot ETF,rank,-0.6346,0.7,0.0,0,-0.009421,-0.0,0.0008,-0.0008,0.036989
2022-07-13,500ETF,Spot ETF,rank,0.2703,0.7,0.0,0,0.001446,0.0,0.0,0.0,0.036989
2022-07-14,500ETF,Spot ETF,rank,-0.2234,0.7,0.0,0,0.001147,0.0,0.0,0.0,0.036989
2022-07-15,500ETF,Spot ETF,rank,0.0169,0.7,0.0,0,-0.008964,-0.0,0.0,-0.0,0.036989
2022-07-18,500ETF,Spot ETF,rank,0.5391,0.7,0.0,0,0.010021,0.0,0.0,0.0,0.036989
2022-07-19,500ETF,Spot ETF,rank,-0.2516,0.7,0.0,0,0.00295,0.0,0.0,0.0,0.036989
2022-07-20,500ETF,Spot ETF,rank,1.0889,0.7,1.0,1,0.003059,0.003059,0.0008,0.002259,0.039248
2022-07-21,500ETF,Spot ETF,rank,-0.4564,0.7,0.0,0,-0.004512,-0.0,0.0008,-0.0008,0.038448
2022-07-22,500ETF,Spot ETF,rank,0.0811,0.7,0.0,0,-0.006047,-0.0,0.0,-0.0,0.038448
2022-07-25,500ETF,Spot ETF,rank,0.2786,0.7,0.0,0,-0.008401,-0.0,0.0,-0.0,0.038448
2022-07-26,500ETF,Spot ETF,rank,-0.4431,0.7,0.0,0,0.008009,0.0,0.0,0.0,0.038448
2022-07-27,500ETF,Spot ETF,rank,-0.5892,0.7,0.0,0,0.002531,0.0,0.0,0.0,0.038448
2022-07-28,500ETF,Spot ETF,rank,-0.0935,0.7,0.0,0,-0.00091,-0.0,0.0,-0.0,0.038448
2022-07-29,500ETF,Spot ETF,rank,-0.3693,0.7,0.0,0,-0.009978,-0.0,0.0,-0.0,0.038448
2022-08-01,500ETF,Spot ETF,rank,-0.7059,0.7,0.0,0,0.004239,0.0,0.0,0.0,0.038448
2022-08-02,500ETF,Spot ETF,rank,-1.6029,0.7,-1.0,1,-0.002693,0.002693,0.0008,0.001893,0.040342
2022-08-03,500ETF,Spot ETF,rank,1.4047,0.7,1.0,1,-0.0102,-0.0102,0.0016,-0.0118,0.028541
2022-08-04,500ETF,Spot ETF,rank,0.0114,0.7,0.0,0,-0.002792,-0.0,0.0008,-0.0008,0.027741
2022-08-05,500ETF,Spot ETF,rank,0.1997,0.7,0.0,0,0.011925,0.0,0.0,0.0,0.027741
2022-08-08,500ETF,Spot ETF,rank,0.0371,0.7,0.0,0,0.00675,0.0,0.0,0.0,0.027741
2022-08-09,500ETF,Spot ETF,rank,-0.7676,0.7,0.0,0,0.003974,0.0,0.0,0.0,0.027741
2022-08-10,500ETF,Spot ETF,rank,0.4634,0.7,0.0,0,-0.006316,-0.0,0.0,-0.0,0.027741
2022-08-11,500ETF,Spot ETF,rank,0.2061,0.7,0.0,0,0.011079,0.0,0.0,0.0,0.027741
2022-08-12,500ETF,Spot ETF,rank,-0.2366,0.7,0.0,0,-0.00207,-0.0,0.0,-0.0,0.027741
2022-08-15,500ETF,Spot ETF,rank,0.6879,0.7,0.0,0,-0.001395,-0.0,0.0,-0.0,0.027741
2022-08-16,500ETF,Spot ETF,rank,0.5954,0.7,0.0,0,-0.000382,-0.0,0.0,-0.0,0.027741
2022-08-17,500ETF,Spot ETF,rank,-0.8917,0.7,0.0,0,0.008354,0.0,0.0,0.0,0.027741
2022-08-18,500ETF,Spot ETF,rank,-0.6069,0.7,0.0,0,-0.002062,-0.0,0.0,-0.0,0.027741
2022-08-19,500ETF,Spot ETF,rank,-0.348,0.7,0.0,0,-0.006871,-0.0,0.0,-0.0,0.027741
2022-08-22,500ETF,Spot ETF,rank,0.0469,0.7,0.0,0,0.007896,0.0,0.0,0.0,0.027741
2022-08-23,500ETF,Spot ETF,rank,-0.5896,0.7,0.0,0,0.000824,0.0,0.0,0.0,0.027741
2022-08-24,500ETF,Spot ETF,rank,-0.7753,0.7,0.0,0,-0.021981,-0.0,0.0,-0.0,0.027741
2022-08-25,500ETF,Spot ETF,rank,-0.0038,0.7,0.0,0,-0.001212,-0.0,0.0,-0.0,0.027741
2022-08-26,500ETF,Spot ETF,rank,0.4393,0.7,0.0,0,-0.009678,-0.0,0.0,-0.0,0.027741
2022-08-29,500ETF,Spot ETF,rank,0.3314,0.7,0.0,0,0.004045,0.0,0.0,0.0,0.027741
2022-08-30,500ETF,Spot ETF,rank,-0.0168,0.7,0.0,0,-0.004557,-0.0,0.0,-0.0,0.027741
2022-08-31,500ETF,Spot ETF,rank,-0.5669,0.7,0.0,0,-0.009507,-0.0,0.0,-0.0,0.027741
2022-09-01,500ETF,Spot ETF,rank,1.0252,0.7,1.0,1,-0.011485,-0.011485,0.0008,-0.012285,0.015456
2022-09-02,500ETF,Spot ETF,rank,0.1386,0.7,0.0,0,-0.00185,-0.0,0.0008,-0.0008,0.014656
2022-09-05,500ETF,Spot ETF,rank,0.0309,0.7,0.0,0,-0.00134,-0.0,0.0,-0.0,0.014656
2022-09-06,500ETF,Spot ETF,rank,0.1398,0.7,0.0,0,0.010198,0.0,0.0,0.0,0.014656
2022-09-07,500ETF,Spot ETF,rank,-0.3569,0.7,0.0,0,0.00071,0.0,0.0,0.0,0.014656
2022-09-08,500ETF,Spot ETF,rank,-0.6486,0.7,0.0,0,-0.003107,-0.0,0.0,-0.0,0.014656
2022-09-09,500ETF,Spot ETF,rank,0.1013,0.7,0.0,0,0.007902,0.0,0.0,0.0,0.014656
2022-09-13,500ETF,Spot ETF,rank,-0.133,0.7,0.0,0,-0.003623,-0.0,0.0,-0.0,0.014656
2022-09-14,500ETF,Spot ETF,rank,-0.0965,0.7,0.0,0,-0.001401,-0.0,0.0,-0.0,0.014656
2022-09-15,500ETF,Spot ETF,rank,-0.7328,0.7,0.0,0,-0.024733,-0.0,0.0,-0.0,0.014656
2022-09-16,500ETF,Spot ETF,rank,-0.6744,0.7,0.0,0,-0.015242,-0.0,0.0,-0.0,0.014656
2022-09-19,500ETF,Spot ETF,rank,-0.5363,0.7,0.0,0,-0.006744,-0.0,0.0,-0.0,0.014656
2022-09-20,500ETF,Spot ETF,rank,0.6164,0.7,0.0,0,-0.005709,-0.0,0.0,-0.0,0.014656
2022-09-21,500ETF,Spot ETF,rank,-1.2071,0.7,-1.0,1,0.012956,-0.012956,0.0008,-0.013756,0.000901
2022-09-22,500ETF,Spot ETF,rank,0.5843,0.7,0.0,0,-0.006179,-0.0,0.0008,-0.0008,0.000101
2022-09-23,500ETF,Spot ETF,rank,0.4918,0.7,0.0,0,-0.009436,-0.0,0.0,-0.0,0.000101
2022-09-26,500ETF,Spot ETF,rank,-0.1911,0.7,0.0,0,-0.006,-0.0,0.0,-0.0,0.000101
2022-09-27,500ETF,Spot ETF,rank,0.8465,0.7,1.0,1,0.01275,0.01275,0.0008,0.01195,0.012051
2022-09-28,500ETF,Spot ETF,rank,-0.9997,0.7,-1.0,1,-0.00739,0.00739,0.0016,0.00579,0.017841
2022-09-29,500ETF,Spot ETF,rank,0.5142,0.7,0.0,0,-0.013232,-0.0,0.0008,-0.0008,0.017041
2022-09-30,500ETF,Spot ETF,rank,0.731,0.7,1.0,1,-0.005568,-0.005568,0.0008,-0.006368,0.010673
2022-10-10,500ETF,Spot ETF,rank,-0.141,0.7,0.0,0,-0.022812,-0.0,0.0008,-0.0008,0.009873
2022-10-11,500ETF,Spot ETF,rank,0.4571,0.7,0.0,0,0.003353,0.0,0.0,0.0,0.009873
2022-10-12,500ETF,Spot ETF,rank,-0.9282,0.7,-1.0,1,0.026161,-0.026161,0.0008,-0.026961,-0.017089
2022-10-13,500ETF,Spot ETF,rank,0.6955,0.7,0.0,0,0.003085,0.0,0.0008,-0.0008,-0.017889
2022-10-14,500ETF,Spot ETF,rank,1.0624,0.7,1.0,1,0.010081,0.010081,0.0008,0.009281,-0.008608
2022-10-17,500ETF,Spot ETF,rank,0.1328,0.7,0.0,0,0.011184,0.0,0.0008,-0.0008,-0.009408
2022-10-18,500ETF,Spot ETF,rank,-0.6453,0.7,0.0,0,0.002159,0.0,0.0,0.0,-0.009408
2022-10-19,500ETF,Spot ETF,rank,-0.3267,0.7,0.0,0,-0.004505,-0.0,0.0,-0.0,-0.009408
2022-10-20,500ETF,Spot ETF,rank,-0.6197,0.7,0.0,0,0.008433,0.0,0.0,0.0,-0.009408
2022-10-21,500ETF,Spot ETF,rank,0.5227,0.7,0.0,0,0.004874,0.0,0.0,0.0,-0.009408
2022-10-24,500ETF,Spot ETF,rank,1.307,0.7,1.0,1,-0.01564,-0.01564,0.0008,-0.01644,-0.025848
2022-10-25,500ETF,Spot ETF,rank,-0.7595,0.7,0.0,0,0.001702,0.0,0.0008,-0.0008,-0.026648
2022-10-26,500ETF,Spot ETF,rank,1.1511,0.7,1.0,1,0.005715,0.005715,0.0008,0.004915,-0.021732
2022-10-27,500ETF,Spot ETF,rank,0.6027,0.7,0.0,0,-0.002836,-0.0,0.0008,-0.0008,-0.022532
2022-10-28,500ETF,Spot ETF,rank,-0.7768,0.7,0.0,0,-0.019714,-0.0,0.0,-0.0,-0.022532
2022-10-31,500ETF,Spot ETF,rank,0.4776,0.7,0.0,0,0.000345,0.0,0.0,0.0,-0.022532
2022-11-01,500ETF,Spot ETF,rank,0.5027,0.7,0.0,0,0.017703,0.0,0.0,0.0,-0.022532
2022-11-02,500ETF,Spot ETF,rank,0.9216,0.7,1.0,1,0.004848,0.004848,0.0008,0.004048,-0.018484
2022-11-03,500ETF,Spot ETF,rank,0.4358,0.7,0.0,0,0.003834,0.0,0.0008,-0.0008,-0.019284
2022-11-04,500ETF,Spot ETF,rank,1.2016,0.7,1.0,1,0.014257,0.014257,0.0008,0.013457,-0.005827
2022-11-07,500ETF,Spot ETF,rank,0.7507,0.7,1.0,1,0.000488,0.000488,0.0,0.000488,-0.005339
2022-11-08,500ETF,Spot ETF,rank,-0.911,0.7,-1.0,1,0.000489,-0.000489,0.0016,-0.002089,-0.007429
2022-11-09,500ETF,Spot ETF,rank,-0.3178,0.7,0.0,0,-0.001792,-0.0,0.0008,-0.0008,-0.008229
2022-11-10,500ETF,Spot ETF,rank,-0.2596,0.7,0.0,0,-0.000164,-0.0,0.0,-0.0,-0.008229
2022-11-11,500ETF,Spot ETF,rank,0.1881,0.7,0.0,0,-0.004377,-0.0,0.0,-0.0,-0.008229
2022-11-14,500ETF,Spot ETF,rank,0.9416,0.7,1.0,1,-0.012646,-0.012646,0.0008,-0.013446,-0.021675
2022-11-15,500ETF,Spot ETF,rank,0.5053,0.7,0.0,0,0.011596,0.0,0.0008,-0.0008,-0.022475
2022-11-16,500ETF,Spot ETF,rank,-0.237,0.7,0.0,0,-0.004657,-0.0,0.0,-0.0,-0.022475
2022-11-17,500ETF,Spot ETF,rank,-0.9294,0.7,-1.0,1,0.004196,-0.004196,0.0008,-0.004996,-0.027471
2022-11-18,500ETF,Spot ETF,rank,0.0336,0.7,0.0,0,-0.001928,-0.0,0.0008,-0.0008,-0.028271
2022-11-21,500ETF,Spot ETF,rank,-0.8009,0.7,0.0,0,0.007451,0.0,0.0,0.0,-0.028271
2022-11-22,500ETF,Spot ETF,rank,-0.3595,0.7,0.0,0,-0.010901,-0.0,0.0,-0.0,-0.028271
2022-11-23,500ETF,Spot ETF,rank,-0.2135,0.7,0.0,0,0.001962,0.0,0.0,0.0,-0.028271
2022-11-24,500ETF,Spot ETF,rank,0.4802,0.7,0.0,0,0.000163,0.0,0.0,0.0,-0.028271
2022-11-25,500ETF,Spot ETF,rank,-1.0835,0.7,-1.0,1,0.00394,-0.00394,0.0008,-0.00474,-0.033011
2022-11-28,500ETF,Spot ETF,rank,-0.6451,0.7,0.0,0,0.008115,0.0,0.0008,-0.0008,-0.033811
2022-11-29,500ETF,Spot ETF,rank,1.1412,0.7,1.0,1,0.011551,0.011551,0.0008,0.010751,-0.02306
2022-11-30,500ETF,Spot ETF,rank,-0.0233,0.7,0.0,0,-0.005033,-0.0,0.0008,-0.0008,-0.02386
2022-12-01,500ETF,Spot ETF,rank,0.1793,0.7,0.0,0,-0.003056,-0.0,0.0,-0.0,-0.02386
2022-12-02,500ETF,Spot ETF,rank,0.3482,0.7,0.0,0,-0.006454,-0.0,0.0,-0.0,-0.02386
2022-12-05,500ETF,Spot ETF,rank,-0.0132,0.7,0.0,0,0.004188,0.0,0.0,0.0,-0.02386
2022-12-06,500ETF,Spot ETF,rank,0.0145,0.7,0.0,0,-0.001128,-0.0,0.0,-0.0,-0.02386
2022-12-07,500ETF,Spot ETF,rank,-0.4584,0.7,0.0,0,-0.002253,-0.0,0.0,-0.0,-0.02386
2022-12-08,500ETF,Spot ETF,rank,-0.8754,0.7,0.0,0,0.001291,0.0,0.0,0.0,-0.02386
2022-12-09,500ETF,Spot ETF,rank,-0.2194,0.7,0.0,0,0.008551,0.0,0.0,0.0,-0.02386
2022-12-12,500ETF,Spot ETF,rank,-1.0241,0.7,-1.0,1,0.002593,-0.002593,0.0008,-0.003393,-0.027253
2022-12-13,500ETF,Spot ETF,rank,-0.9158,0.7,-1.0,1,0.000163,-0.000163,0.0,-0.000163,-0.027416
2022-12-14,500ETF,Spot ETF,rank,0.158,0.7,0.0,0,-0.005061,-0.0,0.0008,-0.0008,-0.028216
2022-12-15,500ETF,Spot ETF,rank,0.171,0.7,0.0,0,0.00049,0.0,0.0,0.0,-0.028216
2022-12-16,500ETF,Spot ETF,rank,-0.4447,0.7,0.0,0,0.0,0.0,0.0,0.0,-0.028216
2022-12-19,500ETF,Spot ETF,rank,-0.4779,0.7,0.0,0,-0.015685,-0.0,0.0,-0.0,-0.028216
2022-12-20,500ETF,Spot ETF,rank,-0.8293,0.7,0.0,0,-0.002365,-0.0,0.0,-0.0,-0.028216
2022-12-21,500ETF,Spot ETF,rank,-0.4163,0.7,0.0,0,-0.006121,-0.0,0.0,-0.0,-0.028216
2022-12-22,500ETF,Spot ETF,rank,-0.4926,0.7,0.0,0,-0.017481,-0.0,0.0,-0.0,-0.028216
2022-12-23,500ETF,Spot ETF,rank,-0.0293,0.7,0.0,0,-0.004487,-0.0,0.0,-0.0,-0.028216
2022-12-26,500ETF,Spot ETF,rank,1.1099,0.7,1.0,1,0.002393,0.002393,0.0008,0.001593,-0.026622
2022-12-27,500ETF,Spot ETF,rank,-0.5084,0.7,0.0,0,0.007655,0.0,0.0008,-0.0008,-0.027422
2022-12-28,500ETF,Spot ETF,rank,-0.834,0.7,0.0,0,0.001872,0.0,0.0,0.0,-0.027422
2022-12-29,500ETF,Spot ETF,rank,-0.2933,0.7,0.0,0,0.005782,0.0,0.0,0.0,-0.027422
2022-12-30,500ETF,Spot ETF,rank,0.3177,0.7,0.0,0,-0.002886,-0.0,0.0,-0.0,-0.027422
2023-01-03,500ETF,Spot ETF,rank,-0.0838,0.7,0.0,0,0.016685,0.0,0.0,0.0,-0.027422
2023-01-04,500ETF,Spot ETF,rank,-0.2212,0.7,0.0,0,-0.001172,-0.0,0.0,-0.0,-0.027422
2023-01-05,500ETF,Spot ETF,rank,0.3722,0.7,0.0,0,0.002323,0.0,0.0,0.0,-0.027422
2023-01-06,500ETF,Spot ETF,rank,0.2385,0.7,0.0,0,-0.000993,-0.0,0.0,-0.0,-0.027422
2023-01-09,500ETF,Spot ETF,rank,0.6578,0.7,0.0,0,-0.001647,-0.0,0.0,-0.0,-0.027422
2023-01-10,500ETF,Spot ETF,rank,-0.7724,0.7,0.0,0,0.002474,0.0,0.0,0.0,-0.027422
2023-01-11,500ETF,Spot ETF,rank,-0.6303,0.7,0.0,0,-0.003967,-0.0,0.0,-0.0,-0.027422
2023-01-12,500ETF,Spot ETF,rank,0.3796,0.7,0.0,0,-0.004462,-0.0,0.0,-0.0,-0.027422
2023-01-13,500ETF,Spot ETF,rank,-0.2218,0.7,0.0,0,0.004285,0.0,0.0,0.0,-0.027422
2023-01-16,500ETF,Spot ETF,rank,1.2022,0.7,1.0,1,0.002278,0.002278,0.0008,0.001478,-0.025945
2023-01-17,500ETF,Spot ETF,rank,-0.0983,0.7,0.0,0,0.000487,0.0,0.0008,-0.0008,-0.026745
2023-01-18,500ETF,Spot ETF,rank,0.3947,0.7,0.0,0,0.002588,0.0,0.0,0.0,-0.026745
2023-01-19,500ETF,Spot ETF,rank,-0.6932,0.7,0.0,0,0.010161,0.0,0.0,0.0,-0.026745
2023-01-20,500ETF,Spot ETF,rank,0.8191,0.7,1.0,1,0.000159,0.000159,0.0008,-0.000641,-0.027386
2023-01-30,500ETF,Spot ETF,rank,0.3244,0.7,0.0,0,-0.007106,-0.0,0.0008,-0.0008,-0.028186
2023-01-31,500ETF,Spot ETF,rank,0.5705,0.7,0.0,0,-0.001267,-0.0,0.0,-0.0,-0.028186
2023-02-01,500ETF,Spot ETF,rank,0.8729,0.7,1.0,1,0.004712,0.004712,0.0008,0.003912,-0.024274
2023-02-02,500ETF,Spot ETF,rank,-0.6615,0.7,0.0,0,-0.000938,-0.0,0.0008,-0.0008,-0.025074
2023-02-03,500ETF,Spot ETF,rank,-0.9467,0.7,-1.0,1,0.005044,-0.005044,0.0008,-0.005844,-0.030918
2023-02-06,500ETF,Spot ETF,rank,-0.7281,0.7,0.0,0,-0.005376,-0.0,0.0008,-0.0008,-0.031718
2023-02-07,500ETF,Spot ETF,rank,-0.0199,0.7,0.0,0,0.001424,0.0,0.0,0.0,-0.031718
2023-02-08,500ETF,Spot ETF,rank,-0.5275,0.7,0.0,0,-0.005555,-0.0,0.0,-0.0,-0.031718
2023-02-09,500ETF,Spot ETF,rank,0.7614,0.7,1.0,1,0.008979,0.008979,0.0008,0.008179,-0.023539
2023-02-10,500ETF,Spot ETF,rank,0.0328,0.7,0.0,0,-0.003457,-0.0,0.0008,-0.0008,-0.024339
2023-02-13,500ETF,Spot ETF,rank,0.9475,0.7,1.0,1,-0.000625,-0.000625,0.0008,-0.001425,-0.025765
2023-02-14,500ETF,Spot ETF,rank,0.2592,0.7,0.0,0,-0.001561,-0.0,0.0008,-0.0008,-0.026565
2023-02-15,500ETF,Spot ETF,rank,-0.2819,0.7,0.0,0,-0.000625,-0.0,0.0,-0.0,-0.026565
2023-02-16,500ETF,Spot ETF,rank,0.2325,0.7,0.0,0,-0.016797,-0.0,0.0,-0.0,-0.026565
2023-02-17,500ETF,Spot ETF,rank,0.1675,0.7,0.0,0,-0.005557,-0.0,0.0,-0.0,-0.026565
2023-02-20,500ETF,Spot ETF,rank,-0.0933,0.7,0.0,0,0.012031,0.0,0.0,0.0,-0.026565
2023-02-21,500ETF,Spot ETF,rank,0.9517,0.7,1.0,1,-0.00266,-0.00266,0.0008,-0.00346,-0.030024
2023-02-22,500ETF,Spot ETF,rank,-0.0323,0.7,0.0,0,0.001255,0.0,0.0008,-0.0008,-0.030824
2023-02-23,500ETF,Spot ETF,rank,0.4759,0.7,0.0,0,-0.005952,-0.0,0.0,-0.0,-0.030824
2023-02-24,500ETF,Spot ETF,rank,-0.5788,0.7,0.0,0,-0.003455,-0.0,0.0,-0.0,-0.030824
2023-02-27,500ETF,Spot ETF,rank,-0.3671,0.7,0.0,0,-0.005376,-0.0,0.0,-0.0,-0.030824
2023-02-28,500ETF,Spot ETF,rank,0.4909,0.7,0.0,0,0.001731,0.0,0.0,0.0,-0.030824
2023-03-01,500ETF,Spot ETF,rank,-0.4077,0.7,0.0,0,0.004688,0.0,0.0,0.0,-0.030824
2023-03-02,500ETF,Spot ETF,rank,-0.4146,0.7,0.0,0,-0.004995,-0.0,0.0,-0.0,-0.030824
2023-03-03,500ETF,Spot ETF,rank,0.0848,0.7,0.0,0,-0.000156,-0.0,0.0,-0.0,-0.030824
2023-03-06,500ETF,Spot ETF,rank,-0.5852,0.7,0.0,0,0.000156,0.0,0.0,0.0,-0.030824
2023-03-07,500ETF,Spot ETF,rank,-0.3733,0.7,0.0,0,-0.011012,-0.0,0.0,-0.0,-0.030824
2023-03-08,500ETF,Spot ETF,rank,0.4905,0.7,0.0,0,0.000793,0.0,0.0,0.0,-0.030824
2023-03-09,500ETF,Spot ETF,rank,-0.7922,0.7,0.0,0,-0.000951,-0.0,0.0,-0.0,-0.030824
2023-03-10,500ETF,Spot ETF,rank,-0.7576,0.7,0.0,0,-0.000962,-0.0,0.0,-0.0,-0.030824
2023-03-13,500ETF,Spot ETF,rank,0.8048,0.7,1.0,1,0.004978,0.004978,0.0008,0.004178,-0.026647
2023-03-14,500ETF,Spot ETF,rank,-0.5746,0.7,0.0,0,-0.004015,-0.0,0.0008,-0.0008,-0.027447
2023-03-15,500ETF,Spot ETF,rank,1.156,0.7,1.0,1,-0.00496,-0.00496,0.0008,-0.00576,-0.033206
2023-03-16,500ETF,Spot ETF,rank,-0.4166,0.7,0.0,0,-0.006773,-0.0,0.0008,-0.0008,-0.034006
2023-03-17,500ETF,Spot ETF,rank,1.0292,0.7,1.0,1,-0.004996,-0.004996,0.0008,-0.005796,-0.039803
2023-03-20,500ETF,Spot ETF,rank,-0.7762,0.7,0.0,0,-0.002264,-0.0,0.0008,-0.0008,-0.040603
2023-03-21,500ETF,Spot ETF,rank,0.8143,0.7,1.0,1,0.000962,0.000962,0.0008,0.000162,-0.040441
2023-03-22,500ETF,Spot ETF,rank,0.5839,0.7,0.0,0,0.000637,0.0,0.0008,-0.0008,-0.041241
2023-03-23,500ETF,Spot ETF,rank,0.264,0.7,0.0,0,0.004766,0.0,0.0,0.0,-0.041241
2023-03-24,500ETF,Spot ETF,rank,-0.5882,0.7,0.0,0,0.001108,0.0,0.0,0.0,-0.041241
2023-03-27,500ETF,Spot ETF,rank,-0.054,0.7,0.0,0,0.000791,0.0,0.0,0.0,-0.041241
2023-03-28,500ETF,Spot ETF,rank,-0.4334,0.7,0.0,0,0.001587,0.0,0.0,0.0,-0.041241
2023-03-29,500ETF,Spot ETF,rank,-0.5447,0.7,0.0,0,0.0,0.0,0.0,0.0,-0.041241
2023-03-30,500ETF,Spot ETF,rank,-0.7029,0.7,0.0,0,0.002865,0.0,0.0,0.0,-0.041241
2023-03-31,500ETF,Spot ETF,rank,0.7458,0.7,1.0,1,0.001419,0.001419,0.0008,0.000619,-0.040622
2023-04-03,500ETF,Spot ETF,rank,1.0005,0.7,1.0,1,0.004362,0.004362,0.0,0.004362,-0.03626
2023-04-04,500ETF,Spot ETF,rank,-0.2235,0.7,0.0,0,-0.00109,-0.0,0.0008,-0.0008,-0.03706
2023-04-06,500ETF,Spot ETF,rank,0.276,0.7,0.0,0,0.000467,0.0,0.0,0.0,-0.03706
2023-04-07,500ETF,Spot ETF,rank,0.8055,0.7,1.0,1,0.003711,0.003711,0.0008,0.002911,-0.034149
2023-04-10,500ETF,Spot ETF,rank,-0.6589,0.7,0.0,0,-0.006968,-0.0,0.0008,-0.0008,-0.034949
2023-04-11,500ETF,Spot ETF,rank,-0.6062,0.7,0.0,0,-0.001244,-0.0,0.0,-0.0,-0.034949
2023-04-12,500ETF,Spot ETF,rank,0.4322,0.7,0.0,0,0.002326,0.0,0.0,0.0,-0.034949
2023-04-13,500ETF,Spot ETF,rank,-0.4433,0.7,0.0,0,-0.003882,-0.0,0.0,-0.0,-0.034949
2023-04-14,500ETF,Spot ETF,rank,0.5586,0.7,0.0,0,-0.000776,-0.0,0.0,-0.0,-0.034949
2023-04-17,500ETF,Spot ETF,rank,0.6287,0.7,0.0,0,0.002321,0.0,0.0,0.0,-0.034949
2023-04-18,500ETF,Spot ETF,rank,-0.6175,0.7,0.0,0,0.002634,0.0,0.0,0.0,-0.034949
2023-04-19,500ETF,Spot ETF,rank,-0.0698,0.7,0.0,0,-0.005896,-0.0,0.0,-0.0,-0.034949
2023-04-20,500ETF,Spot ETF,rank,-0.6333,0.7,0.0,0,0.000624,0.0,0.0,0.0,-0.034949
2023-04-21,500ETF,Spot ETF,rank,-0.8929,0.7,0.0,0,-0.018124,-0.0,0.0,-0.0,-0.034949
2023-04-24,500ETF,Spot ETF,rank,-0.7619,0.7,0.0,0,-0.0069,-0.0,0.0,-0.0,-0.034949
2023-04-25,500ETF,Spot ETF,rank,-0.9503,0.7,-1.0,1,-0.009097,0.009097,0.0008,0.008297,-0.026652
2023-04-26,500ETF,Spot ETF,rank,1.1034,0.7,1.0,1,-0.001785,-0.001785,0.0016,-0.003385,-0.030037
2023-04-27,500ETF,Spot ETF,rank,0.431,0.7,0.0,0,0.000811,0.0,0.0008,-0.0008,-0.030837
2023-04-28,500ETF,Spot ETF,rank,1.1388,0.7,1.0,1,0.003527,0.003527,0.0008,0.002727,-0.028111
2023-05-04,500ETF,Spot ETF,rank,0.5566,0.7,0.0,0,0.000797,0.0,0.0008,-0.0008,-0.028911
2023-05-05,500ETF,Spot ETF,rank,-0.9991,0.7,-1.0,1,-0.005138,0.005138,0.0008,0.004338,-0.024573
2023-05-08,500ETF,Spot ETF,rank,0.4581,0.7,0.0,0,0.0056,0.0,0.0008,-0.0008,-0.025373
2023-05-09,500ETF,Spot ETF,rank,-0.6226,0.7,0.0,0,-0.005446,-0.0,0.0,-0.0,-0.025373
2023-05-10,500ETF,Spot ETF,rank,0.1131,0.7,0.0,0,-0.004034,-0.0,0.0,-0.0,-0.025373
2023-05-11,500ETF,Spot ETF,rank,-0.4942,0.7,0.0,0,-0.003232,-0.0,0.0,-0.0,-0.025373
2023-05-12,500ETF,Spot ETF,rank,0.5528,0.7,0.0,0,-0.01169,-0.0,0.0,-0.0,-0.025373
2023-05-15,500ETF,Spot ETF,rank,-0.6531,0.7,0.0,0,0.009913,0.0,0.0,0.0,-0.025373
2023-05-16,500ETF,Spot ETF,rank,-0.9392,0.7,-1.0,1,-0.004714,0.004714,0.0008,0.003914,-0.021458
2023-05-17,500ETF,Spot ETF,rank,-0.1097,0.7,0.0,0,-0.001629,-0.0,0.0008,-0.0008,-0.022258
2023-05-18,500ETF,Spot ETF,rank,0.3453,0.7,0.0,0,-0.001299,-0.0,0.0,-0.0,-0.022258
2023-05-19,500ETF,Spot ETF,rank,-0.9874,0.7,-1.0,1,0.00423,-0.00423,0.0008,-0.00503,-0.027288
2023-05-22,500ETF,Spot ETF,rank,-0.3824,0.7,0.0,0,0.000813,0.0,0.0008,-0.0008,-0.028088
2023-05-23,500ETF,Spot ETF,rank,-0.8646,0.7,0.0,0,-0.003268,-0.0,0.0,-0.0,-0.028088
2023-05-24,500ETF,Spot ETF,rank,-1.0491,0.7,-1.0,1,0.003637,-0.003637,0.0008,-0.004437,-0.032525
2023-05-25,500ETF,Spot ETF,rank,0.5104,0.7,0.0,0,-0.007803,-0.0,0.0008,-0.0008,-0.033325
2023-05-26,500ETF,Spot ETF,rank,-0.9737,0.7,-1.0,1,0.014065,-0.014065,0.0008,-0.014865,-0.04819
2023-05-29,500ETF,Spot ETF,rank,0.0142,0.7,0.0,0,-0.004445,-0.0,0.0008,-0.0008,-0.04899
2023-05-30,500ETF,Spot ETF,rank,-0.4875,0.7,0.0,0,0.006911,0.0,0.0,0.0,-0.04899
2023-05-31,500ETF,Spot ETF,rank,-0.3081,0.7,0.0,0,-0.00115,-0.0,0.0,-0.0,-0.04899
2023-06-01,500ETF,Spot ETF,rank,-0.0246,0.7,0.0,0,-0.003436,-0.0,0.0,-0.0,-0.04899
2023-06-02,500ETF,Spot ETF,rank,0.8638,0.7,1.0,1,0.003088,0.003088,0.0008,0.002288,-0.046702
2023-06-05,500ETF,Spot ETF,rank,-0.6401,0.7,0.0,0,-0.000488,-0.0,0.0008,-0.0008,-0.047502
2023-06-06,500ETF,Spot ETF,rank,-1.0121,0.7,-1.0,1,-0.011201,0.011201,0.0008,0.010401,-0.037101
2023-06-07,500ETF,Spot ETF,rank,0.192,0.7,0.0,0,-0.006286,-0.0,0.0008,-0.0008,-0.037901
2023-06-08,500ETF,Spot ETF,rank,-0.954,0.7,-1.0,1,0.001664,-0.001664,0.0008,-0.002464,-0.040364
2023-06-09,500ETF,Spot ETF,rank,0.0853,0.7,0.0,0,0.004292,0.0,0.0008,-0.0008,-0.041164
2023-06-12,500ETF,Spot ETF,rank,-0.614,0.7,0.0,0,0.003121,0.0,0.0,0.0,-0.041164
2023-06-13,500ETF,Spot ETF,rank,0.0621,0.7,0.0,0,0.003278,0.0,0.0,0.0,-0.041164
2023-06-14,500ETF,Spot ETF,rank,0.0942,0.7,0.0,0,-0.000654,-0.0,0.0,-0.0,-0.041164
2023-06-15,500ETF,Spot ETF,rank,0.371,0.7,0.0,0,0.006014,0.0,0.0,0.0,-0.041164
2023-06-16,500ETF,Spot ETF,rank,0.5239,0.7,0.0,0,0.004674,0.0,0.0,0.0,-0.041164
2023-06-19,500ETF,Spot ETF,rank,-0.9012,0.7,-1.0,1,-0.001773,0.001773,0.0008,0.000973,-0.040192
2023-06-20,500ETF,Spot ETF,rank,-0.4746,0.7,0.0,0,0.000323,0.0,0.0008,-0.0008,-0.040992
2023-06-21,500ETF,Spot ETF,rank,-1.0811,0.7,-1.0,1,-0.009476,0.009476,0.0008,0.008676,-0.032316
2023-06-26,500ETF,Spot ETF,rank,-0.2743,0.7,0.0,0,-0.005846,-0.0,0.0008,-0.0008,-0.033116
2023-06-27,500ETF,Spot ETF,rank,0.8852,0.7,1.0,1,0.003662,0.003662,0.0008,0.002862,-0.030254
2023-06-28,500ETF,Spot ETF,rank,-1.1917,0.7,-1.0,1,0.008852,-0.008852,0.0016,-0.010452,-0.040706
2023-06-29,500ETF,Spot ETF,rank,0.3297,0.7,0.0,0,0.0,0.0,0.0008,-0.0008,-0.041506
2023-06-30,500ETF,Spot ETF,rank,0.9307,0.7,1.0,1,0.006097,0.006097,0.0008,0.005297,-0.036209
2023-07-03,500ETF,Spot ETF,rank,0.7956,0.7,1.0,1,0.002454,0.002454,0.0,0.002454,-0.033755
2023-07-04,500ETF,Spot ETF,rank,-0.7141,0.7,0.0,0,0.001795,0.0,0.0008,-0.0008,-0.034555
2023-07-05,500ETF,Spot ETF,rank,-0.7419,0.7,0.0,0,-0.003433,-0.0,0.0,-0.0,-0.034555
2023-07-06,500ETF,Spot ETF,rank,-0.4167,0.7,0.0,0,-0.008033,-0.0,0.0,-0.0,-0.034555
2023-07-07,500ETF,Spot ETF,rank,-0.8326,0.7,0.0,0,0.002812,0.0,0.0,0.0,-0.034555
2023-07-10,500ETF,Spot ETF,rank,0.302,0.7,0.0,0,-0.002798,-0.0,0.0,-0.0,-0.034555
2023-07-11,500ETF,Spot ETF,rank,-0.5666,0.7,0.0,0,0.007375,0.0,0.0,0.0,-0.034555
2023-07-12,500ETF,Spot ETF,rank,-0.5058,0.7,0.0,0,-0.006071,-0.0,0.0,-0.0,-0.034555
2023-07-13,500ETF,Spot ETF,rank,1.2109,0.7,1.0,1,0.003261,0.003261,0.0008,0.002461,-0.032094
2023-07-14,500ETF,Spot ETF,rank,-0.6871,0.7,0.0,0,-0.002606,-0.0,0.0008,-0.0008,-0.032894
2023-07-17,500ETF,Spot ETF,rank,-0.9083,0.7,-1.0,1,-0.000656,0.000656,0.0008,-0.000144,-0.033038
2023-07-18,500ETF,Spot ETF,rank,-0.7524,0.7,0.0,0,0.00082,0.0,0.0008,-0.0008,-0.033838
2023-07-19,500ETF,Spot ETF,rank,0.3319,0.7,0.0,0,-0.003936,-0.0,0.0,-0.0,-0.033838
2023-07-20,500ETF,Spot ETF,rank,-0.2075,0.7,0.0,0,-0.009065,-0.0,0.0,-0.0,-0.033838
2023-07-21,500ETF,Spot ETF,rank,-0.0526,0.7,0.0,0,-0.001657,-0.0,0.0,-0.0,-0.033838
2023-07-24,500ETF,Spot ETF,rank,-0.3675,0.7,0.0,0,-0.002157,-0.0,0.0,-0.0,-0.033838
2023-07-25,500ETF,Spot ETF,rank,0.9107,0.7,1.0,1,0.003112,0.003112,0.0008,0.002312,-0.031526
2023-07-26,500ETF,Spot ETF,rank,-0.8165,0.7,0.0,0,-0.002784,-0.0,0.0008,-0.0008,-0.032326
2023-07-27,500ETF,Spot ETF,rank,0.1965,0.7,0.0,0,-0.008378,-0.0,0.0,-0.0,-0.032326
2023-07-28,500ETF,Spot ETF,rank,-0.4019,0.7,0.0,0,0.016711,0.0,0.0,0.0,-0.032326
2023-07-31,500ETF,Spot ETF,rank,1.3044,0.7,1.0,1,-0.004672,-0.004672,0.0008,-0.005472,-0.037797
2023-08-01,500ETF,Spot ETF,rank,0.1433,0.7,0.0,0,-0.002417,-0.0,0.0008,-0.0008,-0.038597
2023-08-02,500ETF,Spot ETF,rank,0.1477,0.7,0.0,0,-0.0063,-0.0,0.0,-0.0,-0.038597
2023-08-03,500ETF,Spot ETF,rank,-0.2266,0.7,0.0,0,0.003883,0.0,0.0,0.0,-0.038597
2023-08-04,500ETF,Spot ETF,rank,0.981,0.7,1.0,1,-0.000641,-0.000641,0.0008,-0.001441,-0.040038
2023-08-07,500ETF,Spot ETF,rank,-1.0675,0.7,-1.0,1,-0.00242,0.00242,0.0016,0.00082,-0.039218
2023-08-08,500ETF,Spot ETF,rank,-1.097,0.7,-1.0,1,0.002431,-0.002431,0.0,-0.002431,-0.041649
2023-08-09,500ETF,Spot ETF,rank,-0.0623,0.7,0.0,0,-0.005855,-0.0,0.0008,-0.0008,-0.042449
2023-08-10,500ETF,Spot ETF,rank,0.2086,0.7,0.0,0,0.000163,0.0,0.0,0.0,-0.042449
2023-08-11,500ETF,Spot ETF,rank,-0.9847,0.7,-1.0,1,-0.011368,0.011368,0.0008,0.010568,-0.031881
2023-08-14,500ETF,Spot ETF,rank,-0.6464,0.7,0.0,0,0.007507,0.0,0.0008,-0.0008,-0.032681
2023-08-15,500ETF,Spot ETF,rank,-0.6415,0.7,0.0,0,-0.003672,-0.0,0.0,-0.0,-0.032681
2023-08-16,500ETF,Spot ETF,rank,-0.2457,0.7,0.0,0,-0.003186,-0.0,0.0,-0.0,-0.032681
2023-08-17,500ETF,Spot ETF,rank,-0.7455,0.7,0.0,0,0.010909,0.0,0.0,0.0,-0.032681
2023-08-18,500ETF,Spot ETF,rank,-0.0978,0.7,0.0,0,-0.012119,-0.0,0.0,-0.0,-0.032681
2023-08-21,500ETF,Spot ETF,rank,0.4382,0.7,0.0,0,-0.008201,-0.0,0.0,-0.0,-0.032681
2023-08-22,500ETF,Spot ETF,rank,0.0266,0.7,0.0,0,0.006868,0.0,0.0,0.0,-0.032681
2023-08-23,500ETF,Spot ETF,rank,-1.234,0.7,-1.0,1,-0.008675,0.008675,0.0008,0.007875,-0.024806
2023-08-24,500ETF,Spot ETF,rank,-0.1133,0.7,0.0,0,0.004523,0.0,0.0008,-0.0008,-0.025606
2023-08-25,500ETF,Spot ETF,rank,-0.4743,0.7,0.0,0,-0.015054,-0.0,0.0,-0.0,-0.025606
2023-08-28,500ETF,Spot ETF,rank,-0.173,0.7,0.0,0,-0.020548,-0.0,0.0,-0.0,-0.025606
2023-08-29,500ETF,Spot ETF,rank,1.151,0.7,1.0,1,0.0148,0.0148,0.0008,0.014,-0.011606
2023-08-30,500ETF,Spot ETF,rank,0.923,0.7,1.0,1,-0.005933,-0.005933,0.0,-0.005933,-0.017539
2023-08-31,500ETF,Spot ETF,rank,-0.5333,0.7,0.0,0,-0.002392,-0.0,0.0008,-0.0008,-0.018339
2023-09-01,500ETF,Spot ETF,rank,0.1658,0.7,0.0,0,-0.001538,-0.0,0.0,-0.0,-0.018339
2023-09-04,500ETF,Spot ETF,rank,-0.0937,0.7,0.0,0,0.008134,0.0,0.0,0.0,-0.018339
2023-09-05,500ETF,Spot ETF,rank,-0.6729,0.7,0.0,0,-0.00339,-0.0,0.0,-0.0,-0.018339
2023-09-06,500ETF,Spot ETF,rank,-1.0259,0.7,-1.0,1,0.006795,-0.006795,0.0008,-0.007595,-0.025934
2023-09-07,500ETF,Spot ETF,rank,-1.0559,0.7,-1.0,1,-0.009597,0.009597,0.0,0.009597,-0.016336
2023-09-08,500ETF,Spot ETF,rank,0.4225,0.7,0.0,0,0.003274,0.0,0.0008,-0.0008,-0.017136
2023-09-11,500ETF,Spot ETF,rank,0.4368,0.7,0.0,0,0.007344,0.0,0.0,0.0,-0.017136
2023-09-12,500ETF,Spot ETF,rank,-0.4584,0.7,0.0,0,0.000681,0.0,0.0,0.0,-0.017136
2023-09-13,500ETF,Spot ETF,rank,-0.4811,0.7,0.0,0,-0.009776,-0.0,0.0,-0.0,-0.017136
2023-09-14,500ETF,Spot ETF,rank,-0.4417,0.7,0.0,0,-0.001033,-0.0,0.0,-0.0,-0.017136
2023-09-15,500ETF,Spot ETF,rank,-0.7756,0.7,0.0,0,-0.00138,-0.0,0.0,-0.0,-0.017136
2023-09-18,500ETF,Spot ETF,rank,-0.4835,0.7,0.0,0,0.004813,0.0,0.0,0.0,-0.017136
2023-09-19,500ETF,Spot ETF,rank,-0.9701,0.7,-1.0,1,0.002418,-0.002418,0.0008,-0.003218,-0.020354
2023-09-20,500ETF,Spot ETF,rank,-0.1751,0.7,0.0,0,-0.004846,-0.0,0.0008,-0.0008,-0.021154
2023-09-21,500ETF,Spot ETF,rank,0.5524,0.7,0.0,0,-0.006107,-0.0,0.0,-0.0,-0.021154
2023-09-22,500ETF,Spot ETF,rank,0.0914,0.7,0.0,0,0.014219,0.0,0.0,0.0,-0.021154
2023-09-25,500ETF,Spot ETF,rank,-0.6481,0.7,0.0,0,-0.001385,-0.0,0.0,-0.0,-0.021154
2023-09-26,500ETF,Spot ETF,rank,-0.0325,0.7,0.0,0,-0.000521,-0.0,0.0,-0.0,-0.021154
2023-09-27,500ETF,Spot ETF,rank,1.1302,0.7,1.0,1,-0.002242,-0.002242,0.0008,-0.003042,-0.024196
2023-09-28,500ETF,Spot ETF,rank,0.5328,0.7,0.0,0,-0.003278,-0.0,0.0008,-0.0008,-0.024996
2023-10-09,500ETF,Spot ETF,rank,-1.107,0.7,-1.0,1,-0.001041,0.001041,0.0008,0.000241,-0.024755
2023-10-10,500ETF,Spot ETF,rank,0.0857,0.7,0.0,0,-0.003831,-0.0,0.0008,-0.0008,-0.025555
2023-10-11,500ETF,Spot ETF,rank,0.3714,0.7,0.0,0,-0.008185,-0.0,0.0,-0.0,-0.025555
2023-10-12,500ETF,Spot ETF,rank,0.5111,0.7,0.0,0,0.002082,0.0,0.0,0.0,-0.025555
2023-10-13,500ETF,Spot ETF,rank,-0.9649,0.7,-1.0,1,-0.001047,0.001047,0.0008,0.000247,-0.025307
2023-10-16,500ETF,Spot ETF,rank,-1.0514,0.7,-1.0,1,-0.005108,0.005108,0.0,0.005108,-0.0202
2023-10-17,500ETF,Spot ETF,rank,-0.6815,0.7,0.0,0,0.002466,0.0,0.0008,-0.0008,-0.021
2023-10-18,500ETF,Spot ETF,rank,-1.2759,0.7,-1.0,1,-0.002662,0.002662,0.0008,0.001862,-0.019138
2023-10-19,500ETF,Spot ETF,rank,0.2293,0.7,0.0,0,-0.007158,-0.0,0.0008,-0.0008,-0.019938
2023-10-20,500ETF,Spot ETF,rank,0.3753,0.7,0.0,0,-0.003071,-0.0,0.0,-0.0,-0.019938
2023-10-23,500ETF,Spot ETF,rank,-1.2184,0.7,-1.0,1,-0.013135,0.013135,0.0008,0.012335,-0.007603
2023-10-24,500ETF,Spot ETF,rank,-0.1127,0.7,0.0,0,0.010715,0.0,0.0008,-0.0008,-0.008403
2023-10-25,500ETF,Spot ETF,rank,1.2399,0.7,1.0,1,-0.00692,-0.00692,0.0008,-0.00772,-0.016123
2023-10-26,500ETF,Spot ETF,rank,-0.5744,0.7,0.0,0,0.007138,0.0,0.0008,-0.0008,-0.016923
2023-10-27,500ETF,Spot ETF,rank,0.7992,0.7,1.0,1,0.016398,0.016398,0.0008,0.015598,-0.001325
2023-10-30,500ETF,Spot ETF,rank,0.8815,0.7,1.0,1,0.007287,0.007287,0.0,0.007287,0.005962
2023-10-31,500ETF,Spot ETF,rank,-0.4476,0.7,0.0,0,-0.000889,-0.0,0.0008,-0.0008,0.005162
2023-11-01,500ETF,Spot ETF,rank,-0.611,0.7,0.0,0,0.0,0.0,0.0,0.0,0.005162
2023-11-02,500ETF,Spot ETF,rank,0.1846,0.7,0.0,0,-0.004477,-0.0,0.0,-0.0,0.005162
2023-11-03,500ETF,Spot ETF,rank,0.9674,0.7,1.0,1,0.003393,0.003393,0.0008,0.002593,0.007755
2023-11-06,500ETF,Spot ETF,rank,1.0752,0.7,1.0,1,0.005988,0.005988,0.0,0.005988,0.013743
2023-11-07,500ETF,Spot ETF,rank,-0.3388,0.7,0.0,0,0.005609,0.0,0.0008,-0.0008,0.012943
2023-11-08,500ETF,Spot ETF,rank,-0.2311,0.7,0.0,0,-0.00368,-0.0,0.0,-0.0,0.012943
2023-11-09,500ETF,Spot ETF,rank,0.8875,0.7,1.0,1,-0.003508,-0.003508,0.0008,-0.004308,0.008635
2023-11-10,500ETF,Spot ETF,rank,-0.9399,0.7,-1.0,1,0.001764,-0.001764,0.0016,-0.003364,0.005271
2023-11-13,500ETF,Spot ETF,rank,-0.2804,0.7,0.0,0,0.003169,0.0,0.0008,-0.0008,0.004471
2023-11-14,500ETF,Spot ETF,rank,0.965,0.7,1.0,1,-0.001747,-0.001747,0.0008,-0.002547,0.001924
2023-11-15,500ETF,Spot ETF,rank,-0.0107,0.7,0.0,0,-0.000695,-0.0,0.0008,-0.0008,0.001124
2023-11-16,500ETF,Spot ETF,rank,-0.6049,0.7,0.0,0,-0.003665,-0.0,0.0,-0.0,0.001124
2023-11-17,500ETF,Spot ETF,rank,0.2826,0.7,0.0,0,0.003503,0.0,0.0,0.0,0.001124
2023-11-20,500ETF,Spot ETF,rank,-0.8077,0.7,0.0,0,0.008723,0.0,0.0,0.0,0.001124
2023-11-21,500ETF,Spot ETF,rank,0.8776,0.7,1.0,1,-0.007809,-0.007809,0.0008,-0.008609,-0.007485
2023-11-22,500ETF,Spot ETF,rank,-0.0061,0.7,0.0,0,-0.007362,-0.0,0.0008,-0.0008,-0.008285
2023-11-23,500ETF,Spot ETF,rank,-0.362,0.7,0.0,0,0.010904,0.0,0.0,0.0,-0.008285
2023-11-24,500ETF,Spot ETF,rank,-1.0956,0.7,-1.0,1,-0.003346,0.003346,0.0008,0.002546,-0.005739
2023-11-27,500ETF,Spot ETF,rank,-0.7092,0.7,0.0,0,0.004606,0.0,0.0008,-0.0008,-0.006539
2023-11-28,500ETF,Spot ETF,rank,-0.906,0.7,-1.0,1,0.004054,-0.004054,0.0008,-0.004854,-0.011393
2023-11-29,500ETF,Spot ETF,rank,-0.6232,0.7,0.0,0,-0.003708,-0.0,0.0008,-0.0008,-0.012193
2023-11-30,500ETF,Spot ETF,rank,-0.6461,0.7,0.0,0,0.0,0.0,0.0,0.0,-0.012193
2023-12-01,500ETF,Spot ETF,rank,-0.8422,0.7,0.0,0,0.005497,0.0,0.0,0.0,-0.012193
2023-12-04,500ETF,Spot ETF,rank,-0.3505,0.7,0.0,0,-0.003879,-0.0,0.0,-0.0,-0.012193
2023-12-05,500ETF,Spot ETF,rank,-1.1036,0.7,-1.0,1,-0.004286,0.004286,0.0008,0.003486,-0.008706
2023-12-06,500ETF,Spot ETF,rank,0.7046,0.7,1.0,1,0.002153,0.002153,0.0016,0.000553,-0.008154
2023-12-07,500ETF,Spot ETF,rank,-0.9286,0.7,-1.0,1,0.006826,-0.006826,0.0016,-0.008426,-0.016579
2023-12-08,500ETF,Spot ETF,rank,0.3668,0.7,0.0,0,0.002862,0.0,0.0008,-0.0008,-0.017379
2023-12-11,500ETF,Spot ETF,rank,-1.1654,0.7,-1.0,1,0.021023,-0.021023,0.0008,-0.021823,-0.039203
2023-12-12,500ETF,Spot ETF,rank,-0.0145,0.7,0.0,0,0.002476,0.0,0.0008,-0.0008,-0.040003
2023-12-13,500ETF,Spot ETF,rank,-0.7832,0.7,0.0,0,-0.005325,-0.0,0.0,-0.0,-0.040003
2023-12-14,500ETF,Spot ETF,rank,0.8124,0.7,1.0,1,-0.007839,-0.007839,0.0008,-0.008639,-0.048642
2023-12-15,500ETF,Spot ETF,rank,0.0255,0.7,0.0,0,-0.008994,-0.0,0.0008,-0.0008,-0.049442
2023-12-18,500ETF,Spot ETF,rank,-0.4575,0.7,0.0,0,-0.008531,-0.0,0.0,-0.0,-0.049442
2023-12-19,500ETF,Spot ETF,rank,-0.5298,0.7,0.0,0,-0.003848,-0.0,0.0,-0.0,-0.049442
2023-12-20,500ETF,Spot ETF,rank,-0.6583,0.7,0.0,0,-0.009007,-0.0,0.0,-0.0,-0.049442
2023-12-21,500ETF,Spot ETF,rank,0.0091,0.7,0.0,0,0.009624,0.0,0.0,0.0,-0.049442
2023-12-22,500ETF,Spot ETF,rank,-1.1391,0.7,-1.0,1,0.001297,-0.001297,0.0008,-0.002097,-0.051539
2023-12-25,500ETF,Spot ETF,rank,0.8913,0.7,1.0,1,-0.001296,-0.001296,0.0016,-0.002896,-0.054435
2023-12-26,500ETF,Spot ETF,rank,-0.9733,0.7,-1.0,1,-0.004848,0.004848,0.0016,0.003248,-0.051187
2023-12-27,500ETF,Spot ETF,rank,-0.6587,0.7,0.0,0,0.008206,0.0,0.0008,-0.0008,-0.051987
2023-12-28,500ETF,Spot ETF,rank,0.7454,0.7,1.0,1,0.011763,0.011763,0.0008,0.010963,-0.041024
2023-12-29,500ETF,Spot ETF,rank,1.0591,0.7,1.0,1,0.000544,0.000544,0.0,0.000544,-0.04048
2024-01-02,500ETF,Spot ETF,rank,-0.6666,0.7,0.0,0,0.0,0.0,0.0008,-0.0008,-0.04128
2024-01-03,500ETF,Spot ETF,rank,0.8074,0.7,1.0,1,-0.002728,-0.002728,0.0008,-0.003528,-0.044807
2024-01-04,500ETF,Spot ETF,rank,-1.1115,0.7,-1.0,1,-0.002936,0.002936,0.0016,0.001336,-0.043471
2024-01-05,500ETF,Spot ETF,rank,0.5182,0.7,0.0,0,-0.015722,-0.0,0.0008,-0.0008,-0.044271
2024-01-08,500ETF,Spot ETF,rank,-1.1627,0.7,-1.0,1,-0.010578,0.010578,0.0008,0.009778,-0.034493
2024-01-09,500ETF,Spot ETF,rank,0.0787,0.7,0.0,0,0.001518,0.0,0.0008,-0.0008,-0.035293
2024-01-10,500ETF,Spot ETF,rank,-1.0259,0.7,-1.0,1,-0.002284,0.002284,0.0008,0.001484,-0.03381
2024-01-11,500ETF,Spot ETF,rank,0.5683,0.7,0.0,0,0.010614,0.0,0.0008,-0.0008,-0.03461
2024-01-12,500ETF,Spot ETF,rank,0.7538,0.7,1.0,1,-0.002445,-0.002445,0.0008,-0.003245,-0.037855
2024-01-15,500ETF,Spot ETF,rank,-0.6816,0.7,0.0,0,0.001703,0.0,0.0008,-0.0008,-0.038655
2024-01-16,500ETF,Spot ETF,rank,-0.2306,0.7,0.0,0,-0.007599,-0.0,0.0,-0.0,-0.038655
2024-01-17,500ETF,Spot ETF,rank,-0.9596,0.7,-1.0,1,-0.011113,0.011113,0.0008,0.010313,-0.028341
2024-01-18,500ETF,Spot ETF,rank,-1.0567,0.7,-1.0,1,-0.004717,0.004717,0.0,0.004717,-0.023624
2024-01-19,500ETF,Spot ETF,rank,0.5461,0.7,0.0,0,-0.008577,-0.0,0.0008,-0.0008,-0.024424
2024-01-22,500ETF,Spot ETF,rank,-1.2464,0.7,-1.0,1,-0.032222,0.032222,0.0008,0.031422,0.006997
2024-01-23,500ETF,Spot ETF,rank,-0.274,0.7,0.0,0,0.015873,0.0,0.0008,-0.0008,0.006197
2024-01-24,500ETF,Spot ETF,rank,0.6809,0.7,0.0,0,0.008648,0.0,0.0,0.0,0.006197
2024-01-25,500ETF,Spot ETF,rank,0.5888,0.7,0.0,0,0.023147,0.0,0.0,0.0,0.006197
2024-01-26,500ETF,Spot ETF,rank,0.107,0.7,0.0,0,-0.006058,-0.0,0.0,-0.0,0.006197
2024-01-29,500ETF,Spot ETF,rank,-0.5839,0.7,0.0,0,-0.0067,-0.0,0.0,-0.0,0.006197
2024-01-30,500ETF,Spot ETF,rank,0.1512,0.7,0.0,0,-0.016323,-0.0,0.0,-0.0,0.006197
2024-01-31,500ETF,Spot ETF,rank,0.6299,0.7,0.0,0,-0.012858,-0.0,0.0,-0.0,0.006197
2024-02-01,500ETF,Spot ETF,rank,0.1322,0.7,0.0,0,0.01181,0.0,0.0,0.0,0.006197
2024-02-02,500ETF,Spot ETF,rank,0.9912,0.7,1.0,1,-0.024021,-0.024021,0.0008,-0.024821,-0.018623
2024-02-05,500ETF,Spot ETF,rank,-1.5525,0.7,-1.0,1,0.020384,-0.020384,0.0016,-0.021984,-0.040607
2024-02-06,500ETF,Spot ETF,rank,1.6114,0.7,1.0,1,0.045314,0.045314,0.0016,0.043714,0.003106
2024-02-07,500ETF,Spot ETF,rank,1.8834,0.7,1.0,1,0.008381,0.008381,0.0,0.008381,0.011488
2024-02-08,500ETF,Spot ETF,rank,1.8269,0.7,1.0,1,-0.028245,-0.028245,0.0,-0.028245,-0.016758
2024-02-19,500ETF,Spot ETF,rank,-0.5454,0.7,0.0,0,-0.008051,-0.0,0.0008,-0.0008,-0.017558
2024-02-20,500ETF,Spot ETF,rank,-0.6654,0.7,0.0,0,0.007312,0.0,0.0,0.0,-0.017558
2024-02-21,500ETF,Spot ETF,rank,0.0039,0.7,0.0,0,0.007661,0.0,0.0,0.0,-0.017558
2024-02-22,500ETF,Spot ETF,rank,1.2239,0.7,1.0,1,-0.001907,-0.001907,0.0008,-0.002707,-0.020264
2024-02-23,500ETF,Spot ETF,rank,-0.6248,0.7,0.0,0,0.006279,0.0,0.0008,-0.0008,-0.021064
2024-02-26,500ETF,Spot ETF,rank,0.217,0.7,0.0,0,0.004739,0.0,0.0,0.0,-0.021064
2024-02-27,500ETF,Spot ETF,rank,0.3427,0.7,0.0,0,0.018783,0.0,0.0,0.0,-0.021064
2024-02-28,500ETF,Spot ETF,rank,1.3126,0.7,1.0,1,-0.018105,-0.018105,0.0008,-0.018905,-0.039969
2024-02-29,500ETF,Spot ETF,rank,1.5974,0.7,1.0,1,0.011339,0.011339,0.0,0.011339,-0.02863
2024-03-01,500ETF,Spot ETF,rank,0.4302,0.7,0.0,0,0.003488,0.0,0.0008,-0.0008,-0.02943
2024-03-04,500ETF,Spot ETF,rank,-0.2625,0.7,0.0,0,0.003665,0.0,0.0,0.0,-0.02943
2024-03-05,500ETF,Spot ETF,rank,0.0792,0.7,0.0,0,-0.002014,-0.0,0.0,-0.0,-0.02943
2024-03-06,500ETF,Spot ETF,rank,-0.2882,0.7,0.0,0,0.004055,0.0,0.0,0.0,-0.02943
2024-03-07,500ETF,Spot ETF,rank,0.8803,0.7,1.0,1,-0.015135,-0.015135,0.0008,-0.015935,-0.045365
2024-03-08,500ETF,Spot ETF,rank,0.9667,0.7,1.0,1,0.008305,0.008305,0.0,0.008305,-0.03706
2024-03-11,500ETF,Spot ETF,rank,0.6536,0.7,0.0,0,0.010959,0.0,0.0008,-0.0008,-0.03786
2024-03-12,500ETF,Spot ETF,rank,0.6373,0.7,0.0,0,-0.009588,-0.0,0.0,-0.0,-0.03786
2024-03-13,500ETF,Spot ETF,rank,-0.8028,0.7,0.0,0,0.000546,0.0,0.0,0.0,-0.03786
2024-03-14,500ETF,Spot ETF,rank,0.9795,0.7,1.0,1,-0.008918,-0.008918,0.0008,-0.009718,-0.047578
2024-03-15,500ETF,Spot ETF,rank,-0.1219,0.7,0.0,0,0.011651,0.0,0.0008,-0.0008,-0.048378
2024-03-18,500ETF,Spot ETF,rank,0.4252,0.7,0.0,0,0.005373,0.0,0.0,0.0,-0.048378
2024-03-19,500ETF,Spot ETF,rank,-0.5093,0.7,0.0,0,-0.006265,-0.0,0.0,-0.0,-0.048378
2024-03-20,500ETF,Spot ETF,rank,0.5991,0.7,0.0,0,-0.001256,-0.0,0.0,-0.0,-0.048378
2024-03-21,500ETF,Spot ETF,rank,0.1238,0.7,0.0,0,-0.0043,-0.0,0.0,-0.0,-0.048378
2024-03-22,500ETF,Spot ETF,rank,-0.9478,0.7,-1.0,1,-0.003466,0.003466,0.0008,0.002666,-0.045712
2024-03-25,500ETF,Spot ETF,rank,-0.9533,0.7,-1.0,1,-0.002579,0.002579,0.0,0.002579,-0.043133
2024-03-26,500ETF,Spot ETF,rank,0.6935,0.7,0.0,0,-0.003535,-0.0,0.0008,-0.0008,-0.043933
2024-03-27,500ETF,Spot ETF,rank,-1.1485,0.7,-1.0,1,-0.007358,0.007358,0.0008,0.006558,-0.037375
2024-03-28,500ETF,Spot ETF,rank,1.0951,0.7,1.0,1,0.002465,0.002465,0.0016,0.000865,-0.03651
2024-03-29,500ETF,Spot ETF,rank,0.8337,0.7,1.0,1,0.005434,0.005434,0.0,0.005434,-0.031076
2024-04-01,500ETF,Spot ETF,rank,1.4848,0.7,1.0,1,0.004758,0.004758,0.0,0.004758,-0.026318
2024-04-02,500ETF,Spot ETF,rank,-0.5407,0.7,0.0,0,-0.002931,-0.0,0.0008,-0.0008,-0.027118
2024-04-03,500ETF,Spot ETF,rank,-0.504,0.7,0.0,0,0.001468,0.0,0.0,0.0,-0.027118
2024-04-08,500ETF,Spot ETF,rank,-0.6308,0.7,0.0,0,-0.006836,-0.0,0.0,-0.0,-0.027118
2024-04-09,500ETF,Spot ETF,rank,0.6219,0.7,0.0,0,0.007784,0.0,0.0,0.0,-0.027118
2024-04-10,500ETF,Spot ETF,rank,-1.0211,0.7,-1.0,1,-0.005757,0.005757,0.0008,0.004957,-0.022161
2024-04-11,500ETF,Spot ETF,rank,0.4269,0.7,0.0,0,0.006137,0.0,0.0008,-0.0008,-0.022961
2024-04-12,500ETF,Spot ETF,rank,0.1792,0.7,0.0,0,-0.002604,-0.0,0.0,-0.0,-0.022961
2024-04-15,500ETF,Spot ETF,rank,0.8078,0.7,1.0,1,0.007082,0.007082,0.0008,0.006282,-0.016679
2024-04-16,500ETF,Spot ETF,rank,0.1522,0.7,0.0,0,-0.014083,-0.0,0.0008,-0.0008,-0.017479
2024-04-17,500ETF,Spot ETF,rank,1.561,0.7,1.0,1,0.005387,0.005387,0.0008,0.004587,-0.012892
2024-04-18,500ETF,Spot ETF,rank,-0.7111,0.7,0.0,0,0.006449,0.0,0.0008,-0.0008,-0.013692
2024-04-19,500ETF,Spot ETF,rank,0.8179,0.7,1.0,1,-0.008876,-0.008876,0.0008,-0.009676,-0.023368
2024-04-22,500ETF,Spot ETF,rank,-0.3002,0.7,0.0,0,-0.012256,-0.0,0.0008,-0.0008,-0.024168
2024-04-23,500ETF,Spot ETF,rank,-0.1154,0.7,0.0,0,-0.003579,-0.0,0.0,-0.0,-0.024168
2024-04-24,500ETF,Spot ETF,rank,-0.6628,0.7,0.0,0,0.008674,0.0,0.0,0.0,-0.024168
2024-04-25,500ETF,Spot ETF,rank,-0.6634,0.7,0.0,0,0.001686,0.0,0.0,0.0,-0.024168
2024-04-26,500ETF,Spot ETF,rank,1.2503,0.7,1.0,1,0.01641,0.01641,0.0008,0.01561,-0.008558
2024-04-29,500ETF,Spot ETF,rank,1.1716,0.7,1.0,1,0.01388,0.01388,0.0,0.01388,0.005323
2024-04-30,500ETF,Spot ETF,rank,-0.7423,0.7,0.0,0,-0.001982,-0.0,0.0008,-0.0008,0.004523
2024-05-06,500ETF,Spot ETF,rank,0.732,0.7,1.0,1,0.000356,0.000356,0.0008,-0.000444,0.004079
2024-05-07,500ETF,Spot ETF,rank,-0.0396,0.7,0.0,0,-0.004274,-0.0,0.0008,-0.0008,0.003279
2024-05-08,500ETF,Spot ETF,rank,-1.1166,0.7,-1.0,1,-0.005393,0.005393,0.0008,0.004593,0.007872
2024-05-09,500ETF,Spot ETF,rank,1.5138,0.7,1.0,1,0.00284,0.00284,0.0016,0.00124,0.009112
2024-05-10,500ETF,Spot ETF,rank,-0.8476,0.7,0.0,0,0.005883,0.0,0.0008,-0.0008,0.008312
2024-05-13,500ETF,Spot ETF,rank,-1.2251,0.7,-1.0,1,0.001257,-0.001257,0.0008,-0.002057,0.006255
2024-05-14,500ETF,Spot ETF,rank,0.7678,0.7,1.0,1,0.000716,0.000716,0.0016,-0.000884,0.005371
2024-05-15,500ETF,Spot ETF,rank,-0.961,0.7,-1.0,1,-0.003773,0.003773,0.0016,0.002173,0.007544
2024-05-16,500ETF,Spot ETF,rank,0.279,0.7,0.0,0,-0.009218,-0.0,0.0008,-0.0008,0.006744
2024-05-17,500ETF,Spot ETF,rank,0.4008,0.7,0.0,0,0.001464,0.0,0.0,0.0,0.006744
2024-05-20,500ETF,Spot ETF,rank,0.6524,0.7,0.0,0,-0.001991,-0.0,0.0,-0.0,0.006744
2024-05-21,500ETF,Spot ETF,rank,-0.7657,0.7,0.0,0,-0.001094,-0.0,0.0,-0.0,0.006744
2024-05-22,500ETF,Spot ETF,rank,-0.2113,0.7,0.0,0,-0.002372,-0.0,0.0,-0.0,0.006744
2024-05-23,500ETF,Spot ETF,rank,-1.2981,0.7,-1.0,1,-0.006304,0.006304,0.0008,0.005504,0.012248
2024-05-24,500ETF,Spot ETF,rank,1.1478,0.7,1.0,1,-0.009871,-0.009871,0.0016,-0.011471,0.000777
2024-05-27,500ETF,Spot ETF,rank,-0.3946,0.7,0.0,0,0.008967,0.0,0.0008,-0.0008,-2.3e-05
2024-05-28,500ETF,Spot ETF,rank,-1.0517,0.7,-1.0,1,-0.00561,0.00561,0.0008,0.00481,0.004787
2024-05-29,500ETF,Spot ETF,rank,1.1583,0.7,1.0,1,-0.004659,-0.004659,0.0016,-0.006259,-0.001472
2024-05-30,500ETF,Spot ETF,rank,0.3018,0.7,0.0,0,-0.007098,-0.0,0.0008,-0.0008,-0.002272
2024-05-31,500ETF,Spot ETF,rank,0.8615,0.7,1.0,1,-0.007647,-0.007647,0.0008,-0.008447,-0.010719
2024-06-03,500ETF,Spot ETF,rank,-0.9767,0.7,-1.0,1,-0.012089,0.012089,0.0016,0.010489,-0.000229
2024-06-04,500ETF,Spot ETF,rank,0.0847,0.7,0.0,0,0.011981,0.0,0.0008,-0.0008,-0.001029
2024-06-05,500ETF,Spot ETF,rank,-0.0712,0.7,0.0,0,-0.009168,-0.0,0.0,-0.0,-0.001029
2024-06-06,500ETF,Spot ETF,rank,0.29,0.7,0.0,0,-0.012291,-0.0,0.0,-0.0,-0.001029
2024-06-07,500ETF,Spot ETF,rank,-0.0242,0.7,0.0,0,-0.003992,-0.0,0.0,-0.0,-0.001029
2024-06-11,500ETF,Spot ETF,rank,-1.0288,0.7,-1.0,1,0.008977,-0.008977,0.0008,-0.009777,-0.010807
2024-06-12,500ETF,Spot ETF,rank,0.5186,0.7,0.0,0,0.000379,0.0,0.0008,-0.0008,-0.011607
2024-06-13,500ETF,Spot ETF,rank,-0.9369,0.7,-1.0,1,-0.005147,0.005147,0.0008,0.004347,-0.007259
2024-06-14,500ETF,Spot ETF,rank,-0.5157,0.7,0.0,0,0.009145,0.0,0.0008,-0.0008,-0.008059
2024-06-17,500ETF,Spot ETF,rank,0.4622,0.7,0.0,0,-0.002851,-0.0,0.0,-0.0,-0.008059
2024-06-18,500ETF,Spot ETF,rank,0.3371,0.7,0.0,0,-0.001138,-0.0,0.0,-0.0,-0.008059
2024-06-19,500ETF,Spot ETF,rank,-1.0704,0.7,-1.0,1,-0.005539,0.005539,0.0008,0.004739,-0.00332
2024-06-20,500ETF,Spot ETF,rank,0.3323,0.7,0.0,0,-0.011409,-0.0,0.0008,-0.0008,-0.00412
2024-06-21,500ETF,Spot ETF,rank,0.3108,0.7,0.0,0,-0.001356,-0.0,0.0,-0.0,-0.00412
2024-06-24,500ETF,Spot ETF,rank,-0.9049,0.7,-1.0,1,-0.00727,0.00727,0.0008,0.00647,0.00235
2024-06-25,500ETF,Spot ETF,rank,-0.0696,0.7,0.0,0,-0.009745,-0.0,0.0008,-0.0008,0.00155
2024-06-26,500ETF,Spot ETF,rank,-0.785,0.7,0.0,0,0.018874,0.0,0.0,0.0,0.00155
2024-06-27,500ETF,Spot ETF,rank,-1.1033,0.7,-1.0,1,-0.00399,0.00399,0.0008,0.00319,0.00474
2024-06-28,500ETF,Spot ETF,rank,1.4648,0.7,1.0,1,-0.011342,-0.011342,0.0016,-0.012942,-0.008202
2024-07-01,500ETF,Spot ETF,rank,0.5796,0.7,0.0,0,0.008739,0.0,0.0008,-0.0008,-0.009002
2024-07-02,500ETF,Spot ETF,rank,-0.703,0.7,0.0,0,-0.008573,-0.0,0.0,-0.0,-0.009002
2024-07-03,500ETF,Spot ETF,rank,-0.6513,0.7,0.0,0,-0.004214,-0.0,0.0,-0.0,-0.009002
2024-07-04,500ETF,Spot ETF,rank,0.3233,0.7,0.0,0,-0.011556,-0.0,0.0,-0.0,-0.009002
2024-07-05,500ETF,Spot ETF,rank,-0.9639,0.7,-1.0,1,0.010011,-0.010011,0.0008,-0.010811,-0.019813
2024-07-08,500ETF,Spot ETF,rank,-1.197,0.7,-1.0,1,-0.004113,0.004113,0.0,0.004113,-0.015701
2024-07-09,500ETF,Spot ETF,rank,0.904,0.7,1.0,1,0.017541,0.017541,0.0016,0.015941,0.00024
2024-07-10,500ETF,Spot ETF,rank,0.2313,0.7,0.0,0,-0.007506,-0.0,0.0008,-0.0008,-0.00056
2024-07-11,500ETF,Spot ETF,rank,-0.2351,0.7,0.0,0,0.007834,0.0,0.0,0.0,-0.00056
2024-07-12,500ETF,Spot ETF,rank,-0.4328,0.7,0.0,0,-0.0002,-0.0,0.0,-0.0,-0.00056
2024-07-15,500ETF,Spot ETF,rank,-1.1074,0.7,-1.0,1,-0.004439,0.004439,0.0008,0.003639,0.003079
2024-07-16,500ETF,Spot ETF,rank,0.108,0.7,0.0,0,0.00202,0.0,0.0008,-0.0008,0.002279
2024-07-17,500ETF,Spot ETF,rank,-0.7832,0.7,0.0,0,0.001621,0.0,0.0,0.0,0.002279
2024-07-18,500ETF,Spot ETF,rank,-1.1326,0.7,-1.0,1,0.00935,-0.00935,0.0008,-0.01015,-0.007871
2024-07-19,500ETF,Spot ETF,rank,-0.7405,0.7,0.0,0,0.005274,0.0,0.0008,-0.0008,-0.008671
2024-07-22,500ETF,Spot ETF,rank,-0.3723,0.7,0.0,0,-0.001619,-0.0,0.0,-0.0,-0.008671
2024-07-23,500ETF,Spot ETF,rank,-1.1534,0.7,-1.0,1,-0.015038,0.015038,0.0008,0.014238,0.005567
2024-07-24,500ETF,Spot ETF,rank,0.4285,0.7,0.0,0,-0.006929,-0.0,0.0008,-0.0008,0.004767
2024-07-25,500ETF,Spot ETF,rank,0.2265,0.7,0.0,0,-0.000212,-0.0,0.0,-0.0,0.004767
2024-07-26,500ETF,Spot ETF,rank,1.6297,0.7,1.0,1,-0.002708,-0.002708,0.0008,-0.003508,0.001259
2024-07-29,500ETF,Spot ETF,rank,-0.9544,0.7,-1.0,1,-0.002298,0.002298,0.0016,0.000698,0.001957
2024-07-30,500ETF,Spot ETF,rank,-1.2772,0.7,-1.0,1,0.01011,-0.01011,0.0,-0.01011,-0.008153
2024-07-31,500ETF,Spot ETF,rank,1.2499,0.7,1.0,1,0.022441,0.022441,0.0016,0.020841,0.012688
2024-08-01,500ETF,Spot ETF,rank,0.7316,0.7,1.0,1,-0.007271,-0.007271,0.0,-0.007271,0.005417
2024-08-02,500ETF,Spot ETF,rank,0.8188,0.7,1.0,1,-0.016307,-0.016307,0.0,-0.016307,-0.01089
2024-08-05,500ETF,Spot ETF,rank,1.443,0.7,1.0,1,-0.017623,-0.017623,0.0,-0.017623,-0.028513
2024-08-06,500ETF,Spot ETF,rank,0.5686,0.7,0.0,0,-0.001661,-0.0,0.0008,-0.0008,-0.029313
2024-08-07,500ETF,Spot ETF,rank,-0.4671,0.7,0.0,0,0.000621,0.0,0.0,0.0,-0.029313
2024-08-08,500ETF,Spot ETF,rank,-0.5216,0.7,0.0,0,0.01121,0.0,0.0,0.0,-0.029313
2024-08-09,500ETF,Spot ETF,rank,0.9082,0.7,1.0,1,-0.010567,-0.010567,0.0008,-0.011367,-0.040679
2024-08-12,500ETF,Spot ETF,rank,-0.5161,0.7,0.0,0,-0.003339,-0.0,0.0008,-0.0008,-0.041479
2024-08-13,500ETF,Spot ETF,rank,-0.4725,0.7,0.0,0,-0.001256,-0.0,0.0,-0.0,-0.041479
2024-08-14,500ETF,Spot ETF,rank,-1.2159,0.7,-1.0,1,0.0,-0.0,0.0008,-0.0008,-0.042279
2024-08-15,500ETF,Spot ETF,rank,-0.0434,0.7,0.0,0,0.003154,0.0,0.0008,-0.0008,-0.043079
2024-08-16,500ETF,Spot ETF,rank,-0.7519,0.7,0.0,0,-0.008609,-0.0,0.0,-0.0,-0.043079
2024-08-19,500ETF,Spot ETF,rank,1.4435,0.7,1.0,1,-0.009826,-0.009826,0.0008,-0.010626,-0.053705
2024-08-20,500ETF,Spot ETF,rank,-0.9615,0.7,-1.0,1,-0.008743,0.008743,0.0016,0.007143,-0.046562
2024-08-21,500ETF,Spot ETF,rank,0.3368,0.7,0.0,0,0.001073,0.0,0.0008,-0.0008,-0.047362
2024-08-22,500ETF,Spot ETF,rank,-0.5911,0.7,0.0,0,-0.007573,-0.0,0.0,-0.0,-0.047362
2024-08-23,500ETF,Spot ETF,rank,0.5746,0.7,0.0,0,0.002605,0.0,0.0,0.0,-0.047362
2024-08-26,500ETF,Spot ETF,rank,-0.2464,0.7,0.0,0,-0.002166,-0.0,0.0,-0.0,-0.047362
2024-08-27,500ETF,Spot ETF,rank,-1.0328,0.7,-1.0,1,-0.002406,0.002406,0.0008,0.001606,-0.045756
2024-08-28,500ETF,Spot ETF,rank,0.4145,0.7,0.0,0,0.001968,0.0,0.0008,-0.0008,-0.046556
2024-08-29,500ETF,Spot ETF,rank,0.3873,0.7,0.0,0,0.014523,0.0,0.0,0.0,-0.046556
2024-08-30,500ETF,Spot ETF,rank,1.1721,0.7,1.0,1,0.004873,0.004873,0.0008,0.004073,-0.042483
2024-09-02,500ETF,Spot ETF,rank,-0.8858,0.7,0.0,0,-0.010953,-0.0,0.0008,-0.0008,-0.043283
2024-09-03,500ETF,Spot ETF,rank,1.3205,0.7,1.0,1,0.00236,0.00236,0.0008,0.00156,-0.041723
2024-09-04,500ETF,Spot ETF,rank,-0.2365,0.7,0.0,0,0.001718,0.0,0.0008,-0.0008,-0.042523
2024-09-05,500ETF,Spot ETF,rank,0.9707,0.7,1.0,1,0.000428,0.000428,0.0008,-0.000372,-0.042895
2024-09-06,500ETF,Spot ETF,rank,-0.757,0.7,0.0,0,-0.012468,-0.0,0.0008,-0.0008,-0.043695
2024-09-09,500ETF,Spot ETF,rank,0.0048,0.7,0.0,0,-0.005239,-0.0,0.0,-0.0,-0.043695
2024-09-10,500ETF,Spot ETF,rank,-0.8797,0.7,0.0,0,0.007451,0.0,0.0,0.0,-0.043695
2024-09-11,500ETF,Spot ETF,rank,-0.0401,0.7,0.0,0,0.003059,0.0,0.0,0.0,-0.043695
2024-09-12,500ETF,Spot ETF,rank,1.3693,0.7,1.0,1,-0.007831,-0.007831,0.0008,-0.008631,-0.052326
2024-09-13,500ETF,Spot ETF,rank,0.0498,0.7,0.0,0,-0.012076,-0.0,0.0008,-0.0008,-0.053126
2024-09-18,500ETF,Spot ETF,rank,-0.3137,0.7,0.0,0,0.006412,0.0,0.0,0.0,-0.053126
2024-09-19,500ETF,Spot ETF,rank,-0.5275,0.7,0.0,0,0.012474,0.0,0.0,0.0,-0.053126
2024-09-20,500ETF,Spot ETF,rank,-0.8229,0.7,0.0,0,0.000439,0.0,0.0,0.0,-0.053126
2024-09-23,500ETF,Spot ETF,rank,1.1853,0.7,1.0,1,-0.007193,-0.007193,0.0008,-0.007993,-0.06112
2024-09-24,500ETF,Spot ETF,rank,1.2198,0.7,1.0,1,0.033176,0.033176,0.0,0.033176,-0.027944
2024-09-25,500ETF,Spot ETF,rank,1.7574,0.7,1.0,1,-0.015453,-0.015453,0.0,-0.015453,-0.043397
2024-09-26,500ETF,Spot ETF,rank,1.1762,0.7,1.0,1,0.030253,0.030253,0.0,0.030253,-0.013144
2024-09-27,500ETF,Spot ETF,rank,1.6791,0.7,1.0,1,0.047271,0.047271,0.0,0.047271,0.034127
2024-09-30,500ETF,Spot ETF,rank,1.6714,0.7,1.0,1,0.056831,0.056831,0.0,0.056831,0.090957
2024-10-08,500ETF,Spot ETF,rank,-0.1945,0.7,0.0,0,-0.041617,-0.0,0.0008,-0.0008,0.090157
2024-10-09,500ETF,Spot ETF,rank,-1.0361,0.7,-1.0,1,-0.02211,0.02211,0.0008,0.02131,0.111468
2024-10-10,500ETF,Spot ETF,rank,0.4178,0.7,0.0,0,0.005165,0.0,0.0008,-0.0008,0.110668
2024-10-11,500ETF,Spot ETF,rank,-1.216,0.7,-1.0,1,-0.026339,0.026339,0.0008,0.025539,0.136206
2024-10-14,500ETF,Spot ETF,rank,0.0455,0.7,0.0,0,0.022168,0.0,0.0008,-0.0008,0.135406
2024-10-15,500ETF,Spot ETF,rank,-0.5579,0.7,0.0,0,-0.015743,-0.0,0.0,-0.0,0.135406
2024-10-16,500ETF,Spot ETF,rank,0.9678,0.7,1.0,1,-0.011145,-0.011145,0.0008,-0.011945,0.123461
2024-10-17,500ETF,Spot ETF,rank,0.5229,0.7,0.0,0,-0.017223,-0.0,0.0008,-0.0008,0.122661
2024-10-18,500ETF,Spot ETF,rank,0.7028,0.7,1.0,1,0.064595,0.064595,0.0008,0.063795,0.186456
2024-10-21,500ETF,Spot ETF,rank,0.7187,0.7,1.0,1,0.013006,0.013006,0.0,0.013006,0.199462
2024-10-22,500ETF,Spot ETF,rank,-0.1477,0.7,0.0,0,0.007051,0.0,0.0008,-0.0008,0.198662
2024-10-23,500ETF,Spot ETF,rank,0.4545,0.7,0.0,0,0.000511,0.0,0.0,0.0,0.198662
2024-10-24,500ETF,Spot ETF,rank,-0.6239,0.7,0.0,0,0.001896,0.0,0.0,0.0,0.198662
2024-10-25,500ETF,Spot ETF,rank,0.7569,0.7,1.0,1,0.011057,0.011057,0.0008,0.010257,0.20892
2024-10-28,500ETF,Spot ETF,rank,-0.2358,0.7,0.0,0,0.007751,0.0,0.0008,-0.0008,0.20812
2024-10-29,500ETF,Spot ETF,rank,-0.1438,0.7,0.0,0,-0.006559,-0.0,0.0,-0.0,0.20812
2024-10-30,500ETF,Spot ETF,rank,1.3676,0.7,1.0,1,-0.006737,-0.006737,0.0008,-0.007537,0.200582
2024-10-31,500ETF,Spot ETF,rank,-0.4844,0.7,0.0,0,0.012699,0.0,0.0008,-0.0008,0.199782
2024-11-01,500ETF,Spot ETF,rank,0.4579,0.7,0.0,0,-0.004516,-0.0,0.0,-0.0,0.199782
2024-11-04,500ETF,Spot ETF,rank,1.2725,0.7,1.0,1,0.004343,0.004343,0.0008,0.003543,0.203326
2024-11-05,500ETF,Spot ETF,rank,0.9878,0.7,1.0,1,0.021754,0.021754,0.0,0.021754,0.22508
2024-11-06,500ETF,Spot ETF,rank,0.7241,0.7,1.0,1,-0.004161,-0.004161,0.0,-0.004161,0.220919
2024-11-07,500ETF,Spot ETF,rank,0.414,0.7,0.0,0,0.016279,0.0,0.0008,-0.0008,0.220119
2024-11-08,500ETF,Spot ETF,rank,0.6124,0.7,0.0,0,-0.010981,-0.0,0.0,-0.0,0.220119
2024-11-11,500ETF,Spot ETF,rank,1.1531,0.7,1.0,1,0.00704,0.00704,0.0008,0.00624,0.226359
2024-11-12,500ETF,Spot ETF,rank,0.4757,0.7,0.0,0,-0.024049,-0.0,0.0008,-0.0008,0.225559
2024-11-13,500ETF,Spot ETF,rank,0.4485,0.7,0.0,0,0.0,0.0,0.0,0.0,0.225559
2024-11-14,500ETF,Spot ETF,rank,-1.0119,0.7,-1.0,1,-0.018384,0.018384,0.0008,0.017584,0.243143
2024-11-15,500ETF,Spot ETF,rank,0.0931,0.7,0.0,0,-0.012768,-0.0,0.0008,-0.0008,0.242343
2024-11-18,500ETF,Spot ETF,rank,-0.7145,0.7,0.0,0,-0.008403,-0.0,0.0,-0.0,0.242343
2024-11-19,500ETF,Spot ETF,rank,1.2985,0.7,1.0,1,0.006012,0.006012,0.0008,0.005212,0.247555
2024-11-20,500ETF,Spot ETF,rank,0.6447,0.7,0.0,0,0.009913,0.0,0.0008,-0.0008,0.246755
2024-11-21,500ETF,Spot ETF,rank,0.1369,0.7,0.0,0,-0.001648,-0.0,0.0,-0.0,0.246755
2024-11-22,500ETF,Spot ETF,rank,-0.3803,0.7,0.0,0,-0.021578,-0.0,0.0,-0.0,0.246755
2024-11-25,500ETF,Spot ETF,rank,-0.2122,0.7,0.0,0,-0.000172,-0.0,0.0,-0.0,0.246755
2024-11-26,500ETF,Spot ETF,rank,0.8528,0.7,1.0,1,-0.006887,-0.006887,0.0008,-0.007687,0.239068
2024-11-27,500ETF,Spot ETF,rank,-0.9561,0.7,-1.0,1,0.027423,-0.027423,0.0016,-0.029023,0.210045
2024-11-28,500ETF,Spot ETF,rank,0.2687,0.7,0.0,0,-0.003233,-0.0,0.0008,-0.0008,0.209245
2024-11-29,500ETF,Spot ETF,rank,0.8152,0.7,1.0,1,0.017973,0.017973,0.0008,0.017173,0.226418
2024-12-02,500ETF,Spot ETF,rank,1.3471,0.7,1.0,1,0.001163,0.001163,0.0,0.001163,0.227582
2024-12-03,500ETF,Spot ETF,rank,-0.8973,0.7,0.0,0,0.004654,0.0,0.0008,-0.0008,0.226782
2024-12-04,500ETF,Spot ETF,rank,-0.8281,0.7,0.0,0,-0.006689,-0.0,0.0,-0.0,0.226782
2024-12-05,500ETF,Spot ETF,rank,0.38,0.7,0.0,0,0.005024,0.0,0.0,0.0,0.226782
2024-12-06,500ETF,Spot ETF,rank,-0.2672,0.7,0.0,0,0.019219,0.0,0.0,0.0,0.226782
2024-12-09,500ETF,Spot ETF,rank,0.1255,0.7,0.0,0,-0.002149,-0.0,0.0,-0.0,0.226782
2024-12-10,500ETF,Spot ETF,rank,-0.2392,0.7,0.0,0,-0.010111,-0.0,0.0,-0.0,0.226782
2024-12-11,500ETF,Spot ETF,rank,0.9294,0.7,1.0,1,0.004729,0.004729,0.0008,0.003929,0.23071
2024-12-12,500ETF,Spot ETF,rank,-0.3561,0.7,0.0,0,0.009239,0.0,0.0008,-0.0008,0.22991
2024-12-13,500ETF,Spot ETF,rank,-1.1293,0.7,-1.0,1,0.000656,-0.000656,0.0008,-0.001456,0.228455
2024-12-16,500ETF,Spot ETF,rank,-0.7536,0.7,0.0,0,-0.009301,-0.0,0.0008,-0.0008,0.227655
2024-12-17,500ETF,Spot ETF,rank,-0.5337,0.7,0.0,0,-0.010894,-0.0,0.0,-0.0,0.227655
2024-12-18,500ETF,Spot ETF,rank,0.3719,0.7,0.0,0,0.000335,0.0,0.0,0.0,0.227655
2024-12-19,500ETF,Spot ETF,rank,0.0689,0.7,0.0,0,0.008542,0.0,0.0,0.0,0.227655
2024-12-20,500ETF,Spot ETF,rank,0.7527,0.7,1.0,1,-0.001165,-0.001165,0.0008,-0.001965,0.22569
2024-12-23,500ETF,Spot ETF,rank,-0.1331,0.7,0.0,0,-0.012412,-0.0,0.0008,-0.0008,0.22489
2024-12-24,500ETF,Spot ETF,rank,1.0834,0.7,1.0,1,0.000168,0.000168,0.0008,-0.000632,0.224257
2024-12-25,500ETF,Spot ETF,rank,-1.0811,0.7,-1.0,1,-0.004727,0.004727,0.0016,0.003127,0.227384
2024-12-26,500ETF,Spot ETF,rank,1.0958,0.7,1.0,1,0.002511,0.002511,0.0016,0.000911,0.228295
2024-12-27,500ETF,Spot ETF,rank,0.8669,0.7,1.0,1,-0.004664,-0.004664,0.0,-0.004664,0.223631
2024-12-30,500ETF,Spot ETF,rank,0.422,0.7,0.0,0,-0.00183,-0.0,0.0008,-0.0008,0.222831
2024-12-31,500ETF,Spot ETF,rank,-1.1479,0.7,-1.0,1,-0.016169,0.016169,0.0008,0.015369,0.2382
2025-01-02,500ETF,Spot ETF,rank,-1.0201,0.7,-1.0,1,-0.030734,0.030734,0.0,0.030734,0.268934
2025-01-03,500ETF,Spot ETF,rank,-0.5345,0.7,0.0,0,-0.017245,-0.0,0.0008,-0.0008,0.268134
2025-01-06,500ETF,Spot ETF,rank,0.4168,0.7,0.0,0,-0.007459,-0.0,0.0,-0.0,0.268134
2025-01-07,500ETF,Spot ETF,rank,0.782,0.7,1.0,1,0.005052,0.005052,0.0008,0.004252,0.272386
2025-01-08,500ETF,Spot ETF,rank,-1.0453,0.7,-1.0,1,0.003619,-0.003619,0.0016,-0.005219,0.267167
2025-01-09,500ETF,Spot ETF,rank,0.9484,0.7,1.0,1,0.00198,0.00198,0.0016,0.00038,0.267547
2025-01-10,500ETF,Spot ETF,rank,0.7939,0.7,1.0,1,-0.009248,-0.009248,0.0,-0.009248,0.258299
2025-01-13,500ETF,Spot ETF,rank,0.7862,0.7,1.0,1,-0.001831,-0.001831,0.0,-0.001831,0.256468
2025-01-14,500ETF,Spot ETF,rank,0.9254,0.7,1.0,1,0.016654,0.016654,0.0,0.016654,0.273122
2025-01-15,500ETF,Spot ETF,rank,-0.8364,0.7,0.0,0,-0.002316,-0.0,0.0008,-0.0008,0.272322
2025-01-16,500ETF,Spot ETF,rank,1.6158,0.7,1.0,1,-0.009909,-0.009909,0.0008,-0.010709,0.261612
2025-01-17,500ETF,Spot ETF,rank,0.2827,0.7,0.0,0,0.011528,0.0,0.0008,-0.0008,0.260812
2025-01-20,500ETF,Spot ETF,rank,0.6872,0.7,0.0,0,-0.008532,-0.0,0.0,-0.0,0.260812
2025-01-21,500ETF,Spot ETF,rank,-0.8293,0.7,0.0,0,0.008036,0.0,0.0,0.0,0.260812
2025-01-22,500ETF,Spot ETF,rank,-0.6807,0.7,0.0,0,0.005016,0.0,0.0,0.0,0.260812
2025-01-23,500ETF,Spot ETF,rank,0.7339,0.7,1.0,1,-0.014182,-0.014182,0.0008,-0.014982,0.24583
2025-01-24,500ETF,Spot ETF,rank,0.917,0.7,1.0,1,0.006564,0.006564,0.0,0.006564,0.252395
2025-01-27,500ETF,Spot ETF,rank,-0.0218,0.7,0.0,0,-0.005335,-0.0,0.0008,-0.0008,0.251595
2025-02-05,500ETF,Spot ETF,rank,-0.5675,0.7,0.0,0,0.001249,0.0,0.0,0.0,0.251595
2025-02-06,500ETF,Spot ETF,rank,0.7193,0.7,1.0,1,0.017061,0.017061,0.0008,0.016261,0.267856
2025-02-07,500ETF,Spot ETF,rank,0.7543,0.7,1.0,1,0.000517,0.000517,0.0,0.000517,0.268373
2025-02-10,500ETF,Spot ETF,rank,0.284,0.7,0.0,0,0.002387,0.0,0.0008,-0.0008,0.267573
2025-02-11,500ETF,Spot ETF,rank,-1.1144,0.7,-1.0,1,0.00445,-0.00445,0.0008,-0.00525,0.262323
2025-02-12,500ETF,Spot ETF,rank,0.7044,0.7,1.0,1,0.002378,0.002378,0.0016,0.000778,0.263101
2025-02-13,500ETF,Spot ETF,rank,-0.4263,0.7,0.0,0,-0.002704,-0.0,0.0008,-0.0008,0.262301
2025-02-14,500ETF,Spot ETF,rank,0.6923,0.7,0.0,0,0.003883,0.0,0.0,0.0,0.262301
2025-02-17,500ETF,Spot ETF,rank,-0.5403,0.7,0.0,0,0.000505,0.0,0.0,0.0,0.262301
2025-02-18,500ETF,Spot ETF,rank,-0.5803,0.7,0.0,0,-0.018393,-0.0,0.0,-0.0,0.262301
2025-02-19,500ETF,Spot ETF,rank,0.5864,0.7,0.0,0,0.010509,0.0,0.0,0.0,0.262301
2025-02-20,500ETF,Spot ETF,rank,0.2686,0.7,0.0,0,0.005204,0.0,0.0,0.0,0.262301
2025-02-21,500ETF,Spot ETF,rank,0.2739,0.7,0.0,0,0.019321,0.0,0.0,0.0,0.262301
2025-02-24,500ETF,Spot ETF,rank,-0.5358,0.7,0.0,0,-0.001988,-0.0,0.0,-0.0,0.262301
2025-02-25,500ETF,Spot ETF,rank,-0.3872,0.7,0.0,0,0.000167,0.0,0.0,0.0,0.262301
2025-02-26,500ETF,Spot ETF,rank,0.5863,0.7,0.0,0,0.004319,0.0,0.0,0.0,0.262301
2025-02-27,500ETF,Spot ETF,rank,-0.1574,0.7,0.0,0,-0.00133,-0.0,0.0,-0.0,0.262301
2025-02-28,500ETF,Spot ETF,rank,-0.9618,0.7,-1.0,1,-0.014737,0.014737,0.0008,0.013937,0.276239
2025-03-03,500ETF,Spot ETF,rank,0.6057,0.7,0.0,0,-0.008488,-0.0,0.0008,-0.0008,0.275439
2025-03-04,500ETF,Spot ETF,rank,0.336,0.7,0.0,0,0.007109,0.0,0.0,0.0,0.275439
2025-03-05,500ETF,Spot ETF,rank,-0.1754,0.7,0.0,0,0.007267,0.0,0.0,0.0,0.275439
2025-03-06,500ETF,Spot ETF,rank,0.8686,0.7,1.0,1,0.005629,0.005629,0.0008,0.004829,0.280268
2025-03-07,500ETF,Spot ETF,rank,-0.4137,0.7,0.0,0,-0.003167,-0.0,0.0008,-0.0008,0.279468
2025-03-10,500ETF,Spot ETF,rank,-0.3314,0.7,0.0,0,0.003501,0.0,0.0,0.0,0.279468
2025-03-11,500ETF,Spot ETF,rank,0.3849,0.7,0.0,0,0.003823,0.0,0.0,0.0,0.279468
2025-03-12,500ETF,Spot ETF,rank,-0.3718,0.7,0.0,0,-0.000826,-0.0,0.0,-0.0,0.279468
2025-03-13,500ETF,Spot ETF,rank,-0.7069,0.7,0.0,0,0.002172,0.0,0.0,0.0,0.279468
2025-03-14,500ETF,Spot ETF,rank,0.7347,0.7,1.0,1,0.009569,0.009569,0.0008,0.008769,0.288237
2025-03-17,500ETF,Spot ETF,rank,-0.3359,0.7,0.0,0,0.002131,0.0,0.0008,-0.0008,0.287437
2025-03-18,500ETF,Spot ETF,rank,0.627,0.7,0.0,0,-0.004723,-0.0,0.0,-0.0,0.287437
2025-03-19,500ETF,Spot ETF,rank,-0.7142,0.7,0.0,0,0.001645,0.0,0.0,0.0,0.287437
2025-03-20,500ETF,Spot ETF,rank,-0.8823,0.7,0.0,0,-0.00033,-0.0,0.0,-0.0,0.287437
2025-03-21,500ETF,Spot ETF,rank,0.3231,0.7,0.0,0,-0.010151,-0.0,0.0,-0.0,0.287437
2025-03-24,500ETF,Spot ETF,rank,-0.0617,0.7,0.0,0,-0.004712,-0.0,0.0,-0.0,0.287437
2025-03-25,500ETF,Spot ETF,rank,0.371,0.7,0.0,0,-0.004534,-0.0,0.0,-0.0,0.287437
2025-03-26,500ETF,Spot ETF,rank,0.9219,0.7,1.0,1,-0.00403,-0.00403,0.0008,-0.00483,0.282608
2025-03-27,500ETF,Spot ETF,rank,-0.8041,0.7,0.0,0,0.004372,0.0,0.0008,-0.0008,0.281808
2025-03-28,500ETF,Spot ETF,rank,0.0888,0.7,0.0,0,-0.003373,-0.0,0.0,-0.0,0.281808
2025-03-31,500ETF,Spot ETF,rank,-0.4139,0.7,0.0,0,-0.007491,-0.0,0.0,-0.0,0.281808
2025-04-01,500ETF,Spot ETF,rank,0.7923,0.7,1.0,1,-0.001188,-0.001188,0.0008,-0.001988,0.279819
2025-04-02,500ETF,Spot ETF,rank,0.6013,0.7,0.0,0,-0.005082,-0.0,0.0008,-0.0008,0.279019
2025-04-03,500ETF,Spot ETF,rank,0.5248,0.7,0.0,0,-0.004441,-0.0,0.0,-0.0,0.279019
2025-04-07,500ETF,Spot ETF,rank,-0.6863,0.7,0.0,0,-0.029367,-0.0,0.0,-0.0,0.279019
2025-04-08,500ETF,Spot ETF,rank,1.2646,0.7,1.0,1,-0.01079,-0.01079,0.0008,-0.01159,0.267429
2025-04-09,500ETF,Spot ETF,rank,-0.7651,0.7,0.0,0,0.031861,0.0,0.0008,-0.0008,0.266629
2025-04-10,500ETF,Spot ETF,rank,1.1306,0.7,1.0,1,-0.009861,-0.009861,0.0008,-0.010661,0.255968
2025-04-11,500ETF,Spot ETF,rank,0.7269,0.7,1.0,1,0.005567,0.005567,0.0,0.005567,0.261535
2025-04-14,500ETF,Spot ETF,rank,0.2258,0.7,0.0,0,-0.001068,-0.0,0.0008,-0.0008,0.260735
2025-04-15,500ETF,Spot ETF,rank,-1.2006,0.7,-1.0,1,0.002152,-0.002152,0.0008,-0.002952,0.257783
2025-04-16,500ETF,Spot ETF,rank,-0.8207,0.7,0.0,0,-0.008658,-0.0,0.0008,-0.0008,0.256983
2025-04-17,500ETF,Spot ETF,rank,1.2471,0.7,1.0,1,-0.005021,-0.005021,0.0008,-0.005821,0.251162
2025-04-18,500ETF,Spot ETF,rank,-0.3618,0.7,0.0,0,0.00577,0.0,0.0008,-0.0008,0.250362
2025-04-21,500ETF,Spot ETF,rank,1.0095,0.7,1.0,1,0.008374,0.008374,0.0008,0.007574,0.257936
2025-04-22,500ETF,Spot ETF,rank,-0.5912,0.7,0.0,0,0.000356,0.0,0.0008,-0.0008,0.257136
2025-04-23,500ETF,Spot ETF,rank,0.2391,0.7,0.0,0,-0.000888,-0.0,0.0,-0.0,0.257136
2025-04-24,500ETF,Spot ETF,rank,-0.3704,0.7,0.0,0,-0.004449,-0.0,0.0,-0.0,0.257136
2025-04-25,500ETF,Spot ETF,rank,0.026,0.7,0.0,0,0.002315,0.0,0.0,0.0,0.257136
2025-04-28,500ETF,Spot ETF,rank,-0.864,0.7,0.0,0,0.002505,0.0,0.0,0.0,0.257136
2025-04-29,500ETF,Spot ETF,rank,0.0056,0.7,0.0,0,0.000536,0.0,0.0,0.0,0.257136
2025-04-30,500ETF,Spot ETF,rank,1.0276,0.7,1.0,1,0.0016,0.0016,0.0008,0.0008,0.257936
2025-05-06,500ETF,Spot ETF,rank,0.5792,0.7,0.0,0,0.005782,0.0,0.0008,-0.0008,0.257136
2025-05-07,500ETF,Spot ETF,rank,-0.3953,0.7,0.0,0,-0.006618,-0.0,0.0,-0.0,0.257136
2025-05-08,500ETF,Spot ETF,rank,0.7493,0.7,1.0,1,0.001213,0.001213,0.0008,0.000413,0.257549
2025-05-09,500ETF,Spot ETF,rank,-1.0233,0.7,-1.0,1,-0.004534,0.004534,0.0016,0.002934,0.260482
2025-05-12,500ETF,Spot ETF,rank,0.0418,0.7,0.0,0,0.002599,0.0,0.0008,-0.0008,0.259682
2025-05-13,500ETF,Spot ETF,rank,-0.6137,0.7,0.0,0,-0.003626,-0.0,0.0,-0.0,0.259682
2025-05-14,500ETF,Spot ETF,rank,-0.568,0.7,0.0,0,0.003287,0.0,0.0,0.0,0.259682
2025-05-15,500ETF,Spot ETF,rank,-1.185,0.7,-1.0,1,-0.002269,0.002269,0.0008,0.001469,0.261151
2025-05-16,500ETF,Spot ETF,rank,0.582,0.7,0.0,0,-0.002622,-0.0,0.0008,-0.0008,0.260351
2025-05-19,500ETF,Spot ETF,rank,-0.9929,0.7,-1.0,1,0.007894,-0.007894,0.0008,-0.008694,0.251657
2025-05-20,500ETF,Spot ETF,rank,-0.5443,0.7,0.0,0,0.006803,0.0,0.0008,-0.0008,0.250857
2025-05-21,500ETF,Spot ETF,rank,0.0296,0.7,0.0,0,0.003133,0.0,0.0,0.0,0.250857
2025-05-22,500ETF,Spot ETF,rank,-0.2718,0.7,0.0,0,-0.006104,-0.0,0.0,-0.0,0.250857
2025-05-23,500ETF,Spot ETF,rank,0.4445,0.7,0.0,0,-0.010013,-0.0,0.0,-0.0,0.250857
2025-05-26,500ETF,Spot ETF,rank,0.4147,0.7,0.0,0,-0.000705,-0.0,0.0,-0.0,0.250857
2025-05-27,500ETF,Spot ETF,rank,-0.9072,0.7,-1.0,1,0.000707,-0.000707,0.0008,-0.001507,0.24935
2025-05-28,500ETF,Spot ETF,rank,-0.1951,0.7,0.0,0,-0.001769,-0.0,0.0008,-0.0008,0.24855
2025-05-29,500ETF,Spot ETF,rank,1.0987,0.7,1.0,1,0.003848,0.003848,0.0008,0.003048,0.251598
2025-05-30,500ETF,Spot ETF,rank,-1.1914,0.7,-1.0,1,0.000703,-0.000703,0.0016,-0.002303,0.249295
2025-06-03,500ETF,Spot ETF,rank,1.0356,0.7,1.0,1,-0.003497,-0.003497,0.0016,-0.005097,0.244198
2025-06-04,500ETF,Spot ETF,rank,0.917,0.7,1.0,1,0.001567,0.001567,0.0,0.001567,0.245765
2025-06-05,500ETF,Spot ETF,rank,-0.7069,0.7,0.0,0,0.007108,0.0,0.0008,-0.0008,0.244965
2025-06-06,500ETF,Spot ETF,rank,-0.7038,0.7,0.0,0,0.000173,0.0,0.0,0.0,0.244965
2025-06-09,500ETF,Spot ETF,rank,0.5311,0.7,0.0,0,-0.000858,-0.0,0.0,-0.0,0.244965
2025-06-10,500ETF,Spot ETF,rank,-0.562,0.7,0.0,0,-0.006384,-0.0,0.0,-0.0,0.244965
2025-06-11,500ETF,Spot ETF,rank,1.3298,0.7,1.0,1,-0.002916,-0.002916,0.0008,-0.003716,0.241249
2025-06-12,500ETF,Spot ETF,rank,-0.1371,0.7,0.0,0,0.002578,0.0,0.0008,-0.0008,0.240449
2025-06-13,500ETF,Spot ETF,rank,-0.3918,0.7,0.0,0,-0.001558,-0.0,0.0,-0.0,0.240449
2025-06-16,500ETF,Spot ETF,rank,1.1204,0.7,1.0,1,-0.000861,-0.000861,0.0008,-0.001661,0.238788
2025-06-17,500ETF,Spot ETF,rank,-0.4705,0.7,0.0,0,-0.004147,-0.0,0.0008,-0.0008,0.237988
2025-06-18,500ETF,Spot ETF,rank,-0.169,0.7,0.0,0,0.001734,0.0,0.0,0.0,0.237988
2025-06-19,500ETF,Spot ETF,rank,0.0227,0.7,0.0,0,-0.010639,-0.0,0.0,-0.0,0.237988
2025-06-20,500ETF,Spot ETF,rank,0.0544,0.7,0.0,0,-0.003864,-0.0,0.0,-0.0,0.237988
2025-06-23,500ETF,Spot ETF,rank,0.9257,0.7,1.0,1,0.004205,0.004205,0.0008,0.003405,0.241393
2025-06-24,500ETF,Spot ETF,rank,1.3141,0.7,1.0,1,0.005183,0.005183,0.0,0.005183,0.246576
2025-06-25,500ETF,Spot ETF,rank,0.9735,0.7,1.0,1,0.009869,0.009869,0.0,0.009869,0.256445
2025-06-26,500ETF,Spot ETF,rank,-0.3612,0.7,0.0,0,-0.003726,-0.0,0.0008,-0.0008,0.255645
2025-06-27,500ETF,Spot ETF,rank,0.7284,0.7,1.0,1,-0.002367,-0.002367,0.0008,-0.003167,0.252479
2025-06-30,500ETF,Spot ETF,rank,0.4142,0.7,0.0,0,0.002689,0.0,0.0008,-0.0008,0.251679
2025-07-01,500ETF,Spot ETF,rank,-0.7589,0.7,0.0,0,0.002683,0.0,0.0,0.0,0.251679
2025-07-02,500ETF,Spot ETF,rank,-0.9935,0.7,-1.0,1,-0.002016,0.002016,0.0008,0.001216,0.252895
2025-07-03,500ETF,Spot ETF,rank,0.4173,0.7,0.0,0,0.002682,0.0,0.0008,-0.0008,0.252095
2025-07-04,500ETF,Spot ETF,rank,-0.7672,0.7,0.0,0,0.000839,0.0,0.0,0.0,0.252095
2025-07-07,500ETF,Spot ETF,rank,-0.2951,0.7,0.0,0,0.001345,0.0,0.0,0.0,0.252095
2025-07-08,500ETF,Spot ETF,rank,1.2019,0.7,1.0,1,0.005646,0.005646,0.0008,0.004846,0.256941
2025-07-09,500ETF,Spot ETF,rank,-0.1907,0.7,0.0,0,-0.002656,-0.0,0.0008,-0.0008,0.256141
2025-07-10,500ETF,Spot ETF,rank,0.1295,0.7,0.0,0,0.00332,0.0,0.0,0.0,0.256141
2025-07-11,500ETF,Spot ETF,rank,-0.4208,0.7,0.0,0,0.00806,0.0,0.0,0.0,0.256141
2025-07-14,500ETF,Spot ETF,rank,-0.2552,0.7,0.0,0,-0.00115,-0.0,0.0,-0.0,0.256141
2025-07-15,500ETF,Spot ETF,rank,0.864,0.7,1.0,1,-0.002136,-0.002136,0.0008,-0.002936,0.253205
2025-07-16,500ETF,Spot ETF,rank,0.7251,0.7,1.0,1,-0.00754,-0.00754,0.0,-0.00754,0.245665
2025-07-17,500ETF,Spot ETF,rank,0.9014,0.7,1.0,1,0.006365,0.006365,0.0,0.006365,0.25203
2025-07-18,500ETF,Spot ETF,rank,0.354,0.7,0.0,0,-0.001787,-0.0,0.0008,-0.0008,0.25123
2025-07-21,500ETF,Spot ETF,rank,0.7317,0.7,1.0,1,0.002413,0.002413,0.0008,0.001613,0.252843
2025-07-22,500ETF,Spot ETF,rank,0.2373,0.7,0.0,0,0.007665,0.0,0.0008,-0.0008,0.252043
2025-07-23,500ETF,Spot ETF,rank,-0.0595,0.7,0.0,0,-0.005247,-0.0,0.0,-0.0,0.252043
2025-07-24,500ETF,Spot ETF,rank,1.0733,0.7,1.0,1,0.008052,0.008052,0.0008,0.007252,0.259296
2025-07-25,500ETF,Spot ETF,rank,-0.3,0.7,0.0,0,0.000157,0.0,0.0008,-0.0008,0.258496
2025-07-28,500ETF,Spot ETF,rank,-0.6464,0.7,0.0,0,0.0,0.0,0.0,0.0,0.258496
2025-07-29,500ETF,Spot ETF,rank,-0.9267,0.7,-1.0,1,0.010665,-0.010665,0.0008,-0.011465,0.24703
2025-07-30,500ETF,Spot ETF,rank,-0.1905,0.7,0.0,0,-0.004213,-0.0,0.0008,-0.0008,0.24623
2025-07-31,500ETF,Spot ETF,rank,0.0986,0.7,0.0,0,-0.013455,-0.0,0.0,-0.0,0.24623
2025-08-01,500ETF,Spot ETF,rank,0.7302,0.7,1.0,1,-0.004604,-0.004604,0.0008,-0.005404,0.240826
2025-08-04,500ETF,Spot ETF,rank,0.2888,0.7,0.0,0,0.007771,0.0,0.0008,-0.0008,0.240026
2025-08-05,500ETF,Spot ETF,rank,0.366,0.7,0.0,0,0.002516,0.0,0.0,0.0,0.240026
2025-08-06,500ETF,Spot ETF,rank,0.0696,0.7,0.0,0,0.006865,0.0,0.0,0.0,0.240026
2025-08-07,500ETF,Spot ETF,rank,-0.2298,0.7,0.0,0,-0.001402,-0.0,0.0,-0.0,0.240026
2025-08-08,500ETF,Spot ETF,rank,-0.7775,0.7,0.0,0,0.002817,0.0,0.0,0.0,0.240026
2025-08-11,500ETF,Spot ETF,rank,0.9299,0.7,1.0,1,0.003253,0.003253,0.0008,0.002453,0.242479
2025-08-12,500ETF,Spot ETF,rank,-0.7033,0.7,0.0,0,0.00386,0.0,0.0008,-0.0008,0.241679
2025-08-13,500ETF,Spot ETF,rank,0.9888,0.7,1.0,1,0.006569,0.006569,0.0008,0.005769,0.247448
2025-08-14,500ETF,Spot ETF,rank,-0.6249,0.7,0.0,0,-0.005187,-0.0,0.0008,-0.0008,0.246648
2025-08-15,500ETF,Spot ETF,rank,1.4216,0.7,1.0,1,0.009687,0.009687,0.0008,0.008887,0.255535
2025-08-18,500ETF,Spot ETF,rank,-0.0023,0.7,0.0,0,0.00387,0.0,0.0008,-0.0008,0.254735
2025-08-19,500ETF,Spot ETF,rank,0.7867,0.7,1.0,1,-0.003411,-0.003411,0.0008,-0.004211,0.250524
2025-08-20,500ETF,Spot ETF,rank,-0.0433,0.7,0.0,0,0.009456,0.0,0.0008,-0.0008,0.249724
2025-08-21,500ETF,Spot ETF,rank,0.1443,0.7,0.0,0,-0.003101,-0.0,0.0,-0.0,0.249724
2025-08-22,500ETF,Spot ETF,rank,1.1411,0.7,1.0,1,0.010043,0.010043,0.0008,0.009243,0.258967
2025-08-25,500ETF,Spot ETF,rank,0.9224,0.7,1.0,1,0.003848,0.003848,0.0,0.003848,0.262815
2025-08-26,500ETF,Spot ETF,rank,0.4621,0.7,0.0,0,0.003398,0.0,0.0008,-0.0008,0.262015
2025-08-27,500ETF,Spot ETF,rank,0.8741,0.7,1.0,1,-0.003826,-0.003826,0.0008,-0.004626,0.257389
2025-08-28,500ETF,Spot ETF,rank,1.2106,0.7,1.0,1,0.009996,0.009996,0.0,0.009996,0.267385
2025-08-29,500ETF,Spot ETF,rank,-0.6358,0.7,0.0,0,0.002669,0.0,0.0008,-0.0008,0.266585
2025-09-01,500ETF,Spot ETF,rank,0.1044,0.7,0.0,0,0.008927,0.0,0.0,0.0,0.266585
2025-09-02,500ETF,Spot ETF,rank,-1.1087,0.7,-1.0,1,-0.011724,0.011724,0.0008,0.010924,0.277509
2025-09-03,500ETF,Spot ETF,rank,-0.3115,0.7,0.0,0,-0.007127,-0.0,0.0008,-0.0008,0.276709
2025-09-04,500ETF,Spot ETF,rank,-0.0293,0.7,0.0,0,-0.03305,-0.0,0.0,-0.0,0.276709
2025-09-05,500ETF,Spot ETF,rank,0.447,0.7,0.0,0,0.022677,0.0,0.0,0.0,0.276709
2025-09-08,500ETF,Spot ETF,rank,0.9284,0.7,1.0,1,0.004389,0.004389,0.0008,0.003589,0.280298
2025-09-09,500ETF,Spot ETF,rank,-0.0203,0.7,0.0,0,-0.011232,-0.0,0.0008,-0.0008,0.279498
2025-09-10,500ETF,Spot ETF,rank,1.1432,0.7,1.0,1,-0.003844,-0.003844,0.0008,-0.004644,0.274854
2025-09-11,500ETF,Spot ETF,rank,-0.4031,0.7,0.0,0,0.02656,0.0,0.0008,-0.0008,0.274054
2025-09-12,500ETF,Spot ETF,rank,0.8969,0.7,1.0,1,0.003999,0.003999,0.0008,0.003199,0.277253
2025-09-15,500ETF,Spot ETF,rank,-0.5188,0.7,0.0,0,0.000414,0.0,0.0008,-0.0008,0.276453
2025-09-16,500ETF,Spot ETF,rank,0.7608,0.7,1.0,1,0.002067,0.002067,0.0008,0.001267,0.277719
2025-09-17,500ETF,Spot ETF,rank,0.2167,0.7,0.0,0,0.007377,0.0,0.0008,-0.0008,0.276919
2025-09-18,500ETF,Spot ETF,rank,0.3385,0.7,0.0,0,-0.014078,-0.0,0.0,-0.0,0.276919
2025-09-19,500ETF,Spot ETF,rank,0.3841,0.7,0.0,0,0.001236,0.0,0.0,0.0,0.276919
2025-09-22,500ETF,Spot ETF,rank,-0.5028,0.7,0.0,0,0.010042,0.0,0.0,0.0,0.276919
2025-09-23,500ETF,Spot ETF,rank,-0.58,0.7,0.0,0,-0.007178,-0.0,0.0,-0.0,0.276919
2025-09-24,500ETF,Spot ETF,rank,1.0201,0.7,1.0,1,0.015371,0.015371,0.0008,0.014571,0.291491
2025-09-25,500ETF,Spot ETF,rank,0.8202,0.7,1.0,1,0.005239,0.005239,0.0,0.005239,0.296729
2025-09-26,500ETF,Spot ETF,rank,0.3816,0.7,0.0,0,-0.00935,-0.0,0.0008,-0.0008,0.295929
2025-09-29,500ETF,Spot ETF,rank,-0.1646,0.7,0.0,0,0.015013,0.0,0.0,0.0,0.295929
2025-09-30,500ETF,Spot ETF,rank,1.1293,0.7,1.0,1,0.002395,0.002395,0.0008,0.001595,0.297525
2025-10-09,500ETF,Spot ETF,rank,0.3564,0.7,0.0,0,0.012094,0.0,0.0008,-0.0008,0.296725
2025-10-10,500ETF,Spot ETF,rank,-1.0355,0.7,-1.0,1,-0.006904,0.006904,0.0008,0.006104,0.302829
2025-10-13,500ETF,Spot ETF,rank,0.2321,0.7,0.0,0,0.012912,0.0,0.0008,-0.0008,0.302029
2025-10-14,500ETF,Spot ETF,rank,0.4111,0.7,0.0,0,-0.029027,-0.0,0.0,-0.0,0.302029
2025-10-15,500ETF,Spot ETF,rank,-0.249,0.7,0.0,0,0.007899,0.0,0.0,0.0,0.302029
2025-10-16,500ETF,Spot ETF,rank,-0.4752,0.7,0.0,0,-0.006949,-0.0,0.0,-0.0,0.302029
2025-10-17,500ETF,Spot ETF,rank,-0.3167,0.7,0.0,0,-0.014357,-0.0,0.0,-0.0,0.302029
2025-10-20,500ETF,Spot ETF,rank,-0.0364,0.7,0.0,0,-0.01268,-0.0,0.0,-0.0,0.302029
2025-10-21,500ETF,Spot ETF,rank,0.6909,0.7,0.0,0,0.006756,0.0,0.0,0.0,0.302029
2025-10-22,500ETF,Spot ETF,rank,-0.4718,0.7,0.0,0,0.000138,0.0,0.0,0.0,0.302029
2025-10-23,500ETF,Spot ETF,rank,-1.1847,0.7,-1.0,1,0.012549,-0.012549,0.0008,-0.013349,0.28868
2025-10-24,500ETF,Spot ETF,rank,1.1137,0.7,1.0,1,0.006418,0.006418,0.0016,0.004818,0.293497
2025-10-27,500ETF,Spot ETF,rank,1.0956,0.7,1.0,1,0.002677,0.002677,0.0,0.002677,0.296175
2025-10-28,500ETF,Spot ETF,rank,-0.1496,0.7,0.0,0,-0.003351,-0.0,0.0008,-0.0008,0.295375
2025-10-29,500ETF,Spot ETF,rank,1.1646,0.7,1.0,1,0.01167,0.01167,0.0008,0.01087,0.306244
2025-10-30,500ETF,Spot ETF,rank,-1.1147,0.7,-1.0,1,-0.001463,0.001463,0.0016,-0.000137,0.306108
2025-10-31,500ETF,Spot ETF,rank,-0.3918,0.7,0.0,0,-0.005617,-0.0,0.0008,-0.0008,0.305308
2025-11-03,500ETF,Spot ETF,rank,-1.1864,0.7,-1.0,1,0.008786,-0.008786,0.0008,-0.009586,0.295722
2025-11-04,500ETF,Spot ETF,rank,-0.8112,0.7,0.0,0,-0.01188,-0.0,0.0008,-0.0008,0.294922
2025-11-05,500ETF,Spot ETF,rank,0.3114,0.7,0.0,0,0.013565,0.0,0.0,0.0,0.294922
2025-11-06,500ETF,Spot ETF,rank,1.0741,0.7,1.0,1,0.010269,0.010269,0.0008,0.009469,0.304391
2025-11-07,500ETF,Spot ETF,rank,-0.5483,0.7,0.0,0,0.002961,0.0,0.0008,-0.0008,0.303591
2025-11-10,500ETF,Spot ETF,rank,0.2373,0.7,0.0,0,0.001882,0.0,0.0,0.0,0.303591
2025-11-11,500ETF,Spot ETF,rank,-0.043,0.7,0.0,0,-0.006059,-0.0,0.0,-0.0,0.303591
2025-11-12,500ETF,Spot ETF,rank,-0.9565,0.7,-1.0,1,-0.001767,0.001767,0.0008,0.000967,0.304558
2025-11-13,500ETF,Spot ETF,rank,1.128,0.7,1.0,1,0.006594,0.006594,0.0016,0.004994,0.309552
2025-11-14,500ETF,Spot ETF,rank,-0.4036,0.7,0.0,0,-0.002839,-0.0,0.0008,-0.0008,0.308752
2025-11-17,500ETF,Spot ETF,rank,-0.2502,0.7,0.0,0,0.003276,0.0,0.0,0.0,0.308752
2025-11-18,500ETF,Spot ETF,rank,-0.582,0.7,0.0,0,-0.005097,-0.0,0.0,-0.0,0.308752
2025-11-19,500ETF,Spot ETF,rank,0.5742,0.7,0.0,0,-0.001656,-0.0,0.0,-0.0,0.308752
2025-11-20,500ETF,Spot ETF,rank,-0.4527,0.7,0.0,0,-0.009159,-0.0,0.0,-0.0,0.308752
2025-11-21,500ETF,Spot ETF,rank,-0.511,0.7,0.0,0,-0.008017,-0.0,0.0,-0.0,0.308752
2025-11-24,500ETF,Spot ETF,rank,-0.3179,0.7,0.0,0,0.007755,0.0,0.0,0.0,0.308752
2025-11-25,500ETF,Spot ETF,rank,1.1826,0.7,1.0,1,-0.001558,-0.001558,0.0008,-0.002358,0.306394
2025-11-26,500ETF,Spot ETF,rank,0.724,0.7,1.0,1,-0.005638,-0.005638,0.0,-0.005638,0.300757
2025-11-27,500ETF,Spot ETF,rank,1.3352,0.7,1.0,1,-0.011532,-0.011532,0.0,-0.011532,0.289225
2025-11-28,500ETF,Spot ETF,rank,0.1137,0.7,0.0,0,0.012277,0.0,0.0008,-0.0008,0.288425
2025-12-01,500ETF,Spot ETF,rank,0.7261,0.7,1.0,1,0.000139,0.000139,0.0008,-0.000661,0.287764
2025-12-02,500ETF,Spot ETF,rank,-1.097,0.7,-1.0,1,-0.002658,0.002658,0.0016,0.001058,0.288822
2025-12-03,500ETF,Spot ETF,rank,-0.0916,0.7,0.0,0,-0.004642,-0.0,0.0008,-0.0008,0.288022
2025-12-04,500ETF,Spot ETF,rank,-0.2278,0.7,0.0,0,0.006904,0.0,0.0,0.0,0.288022
2025-12-05,500ETF,Spot ETF,rank,-0.8358,0.7,0.0,0,0.011024,0.0,0.0,0.0,0.288022
2025-12-08,500ETF,Spot ETF,rank,0.3446,0.7,0.0,0,0.007024,0.0,0.0,0.0,0.288022
2025-12-09,500ETF,Spot ETF,rank,0.1751,0.7,0.0,0,-0.008411,-0.0,0.0,-0.0,0.288022
2025-12-10,500ETF,Spot ETF,rank,-0.931,0.7,-1.0,1,0.012457,-0.012457,0.0008,-0.013257,0.274765
2025-12-11,500ETF,Spot ETF,rank,-0.2607,0.7,0.0,0,-0.005524,-0.0,0.0008,-0.0008,0.273965
2025-12-12,500ETF,Spot ETF,rank,-0.1166,0.7,0.0,0,0.013114,0.0,0.0,0.0,0.273965
2025-12-15,500ETF,Spot ETF,rank,0.1494,0.7,0.0,0,-0.004411,-0.0,0.0,-0.0,0.273965
2025-12-16,500ETF,Spot ETF,rank,-1.3458,0.7,-1.0,1,-0.001262,0.001262,0.0008,0.000462,0.274427
2025-12-17,500ETF,Spot ETF,rank,0.8616,0.7,1.0,1,0.020155,0.020155,0.0016,0.018555,0.292982
2025-12-18,500ETF,Spot ETF,rank,1.0052,0.7,1.0,1,-0.006612,-0.006612,0.0,-0.006612,0.286371
2025-12-19,500ETF,Spot ETF,rank,0.1125,0.7,0.0,0,0.004813,0.0,0.0008,-0.0008,0.285571
2025-12-22,500ETF,Spot ETF,rank,1.2261,0.7,1.0,1,-0.000407,-0.000407,0.0008,-0.001207,0.284364
2025-12-23,500ETF,Spot ETF,rank,-0.0579,0.7,0.0,0,-0.004611,-0.0,0.0008,-0.0008,0.283564
2025-12-24,500ETF,Spot ETF,rank,0.3424,0.7,0.0,0,0.010232,0.0,0.0,0.0,0.283564
2025-12-25,500ETF,Spot ETF,rank,0.5001,0.7,0.0,0,0.009323,0.0,0.0,0.0,0.283564
2025-12-26,500ETF,Spot ETF,rank,0.7187,0.7,1.0,1,0.000924,0.000924,0.0008,0.000124,0.283688
2025-12-29,500ETF,Spot ETF,rank,-0.4909,0.7,0.0,0,-0.00212,-0.0,0.0008,-0.0008,0.282888
2025-12-30,500ETF,Spot ETF,rank,0.9459,0.7,1.0,1,0.001319,0.001319,0.0008,0.000519,0.283407
2025-12-31,500ETF,Spot ETF,rank,-0.5906,0.7,0.0,0,0.001716,0.0,0.0008,-0.0008,0.282607
