entry_date,expiry_date,etf_entry,iv,ivr,rsi,bbu,filter_passed,filter_would_pass,call_offsets,put_offsets,num_contracts,total_premium,total_net_rmb,Put_Buy____(Level_1)_contract,Put_Buy____(Level_1)_K,Put_Buy____(Level_1)_side,Put_Buy____(Level_1)_exec_px,Put_Buy____(Level_1)_premium,Put_Buy____(Level_1)_exercise,Put_Buy____(Level_1)_net,Put_Buy____(Level_1)_note
2022-09-19,2022-10-26,2.285,0.2309,1.0,23.65,3.0998,False,False,,,1,0.0,0.0,,,,,,,,
2022-10-27,2022-11-23,2.265,0.281,0.8492,43.07,2.7436,True,True,,1,1,-638.52,-640.52,90001249,2.25,buy,0.0639,-638.52,0.0,-640.52,expires_worthless
2022-11-24,2022-12-28,2.264,0.2603,0.5099,43.57,2.7548,True,True,,1,1,-663.0,-665.0,90001267,2.25,buy,0.0663,-663.0,0.0,-665.0,expires_worthless
2022-12-29,2023-01-30,2.277,0.1811,0.0,48.5,2.7121,False,False,,,1,0.0,0.0,,,,,,,,
2023-01-31,2023-02-22,2.507,0.2268,0.4138,70.27,2.9381,False,False,,,1,0.0,0.0,,,,,,,,
2023-02-23,2023-03-22,2.385,0.2162,0.3464,43.14,2.9389,False,False,,,1,0.0,0.0,,,,,,,,
2023-03-23,2023-04-26,2.288,0.1848,0.1449,43.08,2.7421,False,False,,,1,0.0,0.0,,,,,,,,
2023-04-27,2023-05-24,2.24,0.1876,0.1626,38.12,2.7802,False,False,,,1,0.0,0.0,,,,,,,,
2023-05-25,2023-06-28,2.184,0.191,0.1848,37.73,2.5812,False,False,,,1,0.0,0.0,,,,,,,,
2023-06-29,2023-07-26,2.129,0.182,0.1268,43.91,2.5427,True,True,,1,1,-253.98,-255.98,90002222,2.1,buy,0.0254,-253.98,0.0,-255.98,expires_worthless
2023-07-27,2023-08-23,2.129,0.1734,0.0718,47.38,2.5096,False,False,,,1,0.0,0.0,,,,,,,,
2023-08-24,2023-09-27,2.014,0.2186,0.3618,33.0,2.58,True,True,,1,1,-432.48,4.92,90002102,2.0,buy,0.0432,-432.48,440.0,4.92,exercised ETF=1.9560 K=2.0000
2023-09-28,2023-10-25,1.953,0.2006,0.2463,40.66,2.3701,False,False,,,1,0.0,0.0,,,,,,,,
2023-10-26,2023-11-22,1.829,0.1967,0.2213,31.43,2.3049,True,True,,1,1,-229.5,-231.5,90002681,1.8,buy,0.0229,-229.5,0.0,-231.5,expires_worthless
2023-11-23,2023-12-27,1.911,0.1731,0.0696,45.58,2.2812,True,True,,1,1,-339.66,1027.74,90002300,1.9,buy,0.034,-339.66,1370.0,1027.74,exercised ETF=1.7630 K=1.9000
2023-12-28,2024-01-24,1.833,0.2197,0.5535,51.13,2.1613,True,True,,1,1,-242.76,1254.64,90002920,1.8,buy,0.0243,-242.76,1500.0,1254.64,exercised ETF=1.6500 K=1.8000
2024-01-25,2024-02-28,1.675,0.234,0.6916,41.52,2.103,True,True,,1,1,-397.8,-399.8,90003046,1.65,buy,0.0398,-397.8,0.0,-399.8,expires_worthless
2024-02-29,2024-03-27,1.761,0.2692,0.6055,60.88,2.0638,False,False,,,1,0.0,0.0,,,,,,,,
2024-03-28,2024-04-24,1.758,0.2217,0.3319,46.6,2.1636,True,True,,1,1,-463.08,-155.68,90003351,1.75,buy,0.0463,-463.08,310.0,-155.68,exercised ETF=1.7190 K=1.7500
2024-04-25,2024-05-22,1.716,0.213,0.2815,44.2,2.076,True,True,,1,1,-326.4,-328.4,90003457,1.7,buy,0.0326,-326.4,0.0,-328.4,expires_worthless
2024-05-23,2024-06-26,1.811,0.1979,0.1714,51.9,2.1704,True,True,,1,1,-390.66,616.74,90002826,1.8,buy,0.0391,-390.66,1010.0,616.74,exercised ETF=1.6990 K=1.8000
2024-06-27,2024-07-24,1.67,0.2044,0.2102,34.29,2.0898,False,False,,,1,0.0,0.0,,,,,,,,
2024-07-25,2024-08-28,1.614,0.1721,0.0909,37.19,1.9429,False,False,,,1,0.0,0.0,,,,,,,,
2024-08-29,2024-09-25,1.513,0.1875,0.1756,33.71,1.8513,False,False,,,1,0.0,0.0,,,,,,,,
2024-09-26,2024-10-23,1.686,0.3126,0.8631,73.14,1.8587,False,False,,,1,0.0,0.0,,,,,,,,
2024-10-24,2024-11-27,2.132,0.3955,0.2288,59.48,2.9601,True,True,,1,1,-867.0,-869.0,90004383,2.1,buy,0.0867,-867.0,0.0,-869.0,expires_worthless
2024-11-28,2024-12-25,2.128,0.3183,0.1552,47.68,2.7306,True,True,,1,1,-645.66,-647.66,90004399,2.1,buy,0.0646,-645.66,0.0,-647.66,expires_worthless
2024-12-26,2025-01-22,2.166,0.2478,0.088,48.85,2.5658,False,False,,,1,0.0,0.0,,,,,,,,
2025-01-23,2025-02-26,2.052,0.2644,0.1038,48.36,2.4891,True,True,,1,1,-767.04,-769.04,90004912,2.05,buy,0.0767,-767.04,0.0,-769.04,expires_worthless
2025-02-27,2025-03-26,2.212,0.2529,0.0929,59.77,2.6015,False,False,,,1,0.0,0.0,,,,,,,,
2025-03-27,2025-04-23,2.103,0.1898,0.0327,42.48,2.5251,False,False,,,1,0.0,0.0,,,,,,,,
2025-04-24,2025-05-28,1.907,0.2032,0.0455,40.64,2.4345,True,True,,1,1,-563.04,-565.04,90005262,1.9,buy,0.0563,-563.04,0.0,-565.04,expires_worthless
2025-05-29,2025-06-25,1.989,0.1813,0.0246,50.71,2.3671,False,False,,,1,0.0,0.0,,,,,,,,
2025-06-26,2025-07-23,2.093,0.1843,0.0533,62.75,2.3942,False,False,,,1,0.0,0.0,,,,,,,,
2025-07-24,2025-08-27,2.325,0.2297,0.0955,79.69,2.6618,False,False,,,1,0.0,0.0,,,,,,,,
2025-08-28,2025-09-24,2.806,0.3858,0.2404,81.44,3.2355,False,False,,,1,0.0,0.0,,,,,,,,
2025-09-25,2025-10-22,3.211,0.3228,0.1819,73.8,3.6965,False,False,,,1,0.0,0.0,,,,,,,,
2025-10-23,2025-11-26,3.038,0.2743,0.3085,52.79,3.7346,True,True,,1,1,-984.3,-986.3,90006330,3.0,buy,0.0984,-984.3,0.0,-986.3,expires_worthless
2025-11-27,2025-12-24,3.012,0.2133,0.1809,46.22,3.7319,True,True,,1,1,-985.32,-987.32,90006204,3.0,buy,0.0985,-985.32,0.0,-987.32,expires_worthless
2025-12-25,2026-01-28,3.222,0.2,0.1532,59.34,3.7244,False,False,,,1,0.0,0.0,,,,,,,,
2026-01-29,2026-02-25,3.292,0.2514,0.2605,52.57,3.8744,False,False,,,1,0.0,0.0,,,,,,,,
2026-02-26,2026-03-25,3.336,0.2006,0.1544,54.91,3.8556,False,False,,,1,0.0,0.0,,,,,,,,
2026-03-26,2026-04-22,3.263,0.237,0.2305,48.49,3.8725,True,True,,1,1,-736.44,-738.44,90007169,3.2,buy,0.0736,-736.44,0.0,-738.44,expires_worthless
2026-04-23,2026-05-27,3.728,0.2604,0.4446,70.38,4.3964,False,False,,,1,0.0,0.0,,,,,,,,
2026-05-28,2026-06-24,4.138,0.3205,0.6446,71.09,4.7849,False,False,,,1,0.0,0.0,,,,,,,,
