order_book_id,sell_price,option_type,entry_date,expiry_date,otm_level,strike,mult,etf_entry,etf_settle,mid_price,intrinsic,net_rmb,note
10002552,0.0771,Short Call,2020-06-29,2020-07-22,0,4.1,10000.0,4.128,4.792,0.0787,0.692,-6150.74,assigned ETF=4.7920 K=4.1000
10002553,0.0363,Short Call,2020-06-29,2020-07-22,1,4.2,10000.0,4.128,4.792,0.037,0.592,-5559.4,assigned ETF=4.7920 K=4.2000
10002563,0.0148,Short Call,2020-06-29,2020-07-22,2,4.3,10000.0,4.128,4.792,0.0151,0.492,-4774.02,assigned ETF=4.7920 K=4.3000
10002567,0.0064,Short Call,2020-06-29,2020-07-22,3,4.4,10000.0,4.128,4.792,0.0065,0.392,-3858.3,assigned ETF=4.7920 K=4.4000
10002573,0.0022,Short Call,2020-06-29,2020-07-22,4,4.5,10000.0,4.128,4.792,0.0022,0.292,-2900.44,assigned ETF=4.7920 K=4.5000
10002581,0.0011,Short Call,2020-06-29,2020-07-22,5,4.6,10000.0,4.128,4.792,0.0011,0.192,-1911.22,assigned ETF=4.7920 K=4.6000
10002631,0.1749,Short Call,2020-07-23,2020-08-26,0,4.7,10000.0,4.766,4.763,0.1785,0.063,1117.3,assigned ETF=4.7630 K=4.7000
10002647,0.1272,Short Call,2020-07-23,2020-08-26,1,4.8,10000.0,4.766,4.763,0.1298,0.0,1270.04,expires_worthless
10002663,0.0913,Short Call,2020-07-23,2020-08-26,2,4.9,10000.0,4.766,4.763,0.0932,0.0,911.36,expires_worthless
10002699,0.065,Short Call,2020-07-23,2020-08-26,3,5.0,10000.0,4.766,4.763,0.0663,0.0,647.74,expires_worthless
10002700,0.027,Short Call,2020-07-23,2020-08-26,4,5.25,10000.0,4.766,4.763,0.0276,0.0,268.48,expires_worthless
10002701,0.0133,Short Call,2020-07-23,2020-08-26,5,5.5,10000.0,4.766,4.763,0.0136,0.0,131.28,expires_worthless
10002633,0.1677,Short Call,2020-08-27,2020-09-23,0,4.7,10000.0,4.799,4.713,0.1711,0.013,1544.78,assigned ETF=4.7130 K=4.7000
10002649,0.1162,Short Call,2020-08-27,2020-09-23,1,4.8,10000.0,4.799,4.713,0.1186,0.0,1160.28,expires_worthless
10002665,0.0784,Short Call,2020-08-27,2020-09-23,2,4.9,10000.0,4.799,4.713,0.08,0.0,782.0,expires_worthless
10002705,0.0533,Short Call,2020-08-27,2020-09-23,3,5.0,10000.0,4.799,4.713,0.0544,0.0,531.12,expires_worthless
10002706,0.019,Short Call,2020-08-27,2020-09-23,4,5.25,10000.0,4.799,4.713,0.0194,0.0,188.12,expires_worthless
10002707,0.0073,Short Call,2020-08-27,2020-09-23,5,5.5,10000.0,4.799,4.713,0.0075,0.0,71.5,expires_worthless
10002791,0.1338,Short Call,2020-09-24,2020-10-28,0,4.6,10000.0,4.636,4.804,0.1365,0.204,-704.3,assigned ETF=4.8040 K=4.6000
10002792,0.0913,Short Call,2020-09-24,2020-10-28,1,4.7,10000.0,4.636,4.804,0.0932,0.104,-128.64,assigned ETF=4.8040 K=4.7000
10002793,0.0589,Short Call,2020-09-24,2020-10-28,2,4.8,10000.0,4.636,4.804,0.0601,0.004,546.98,assigned ETF=4.8040 K=4.8000
10002794,0.0397,Short Call,2020-09-24,2020-10-28,3,4.9,10000.0,4.636,4.804,0.0405,0.0,394.9,expires_worthless
10002795,0.0266,Short Call,2020-09-24,2020-10-28,4,5.0,10000.0,4.636,4.804,0.0271,0.0,263.58,expires_worthless
10002796,0.0104,Short Call,2020-09-24,2020-10-28,5,5.25,10000.0,4.636,4.804,0.0106,0.0,101.88,expires_worthless
10002838,0.1237,Short Call,2020-10-29,2020-11-25,0,4.8,10000.0,4.848,4.978,0.1262,0.178,-545.24,assigned ETF=4.9780 K=4.8000
10002839,0.0794,Short Call,2020-10-29,2020-11-25,1,4.9,10000.0,4.848,4.978,0.081,0.078,11.8,assigned ETF=4.9780 K=4.9000
10002840,0.0486,Short Call,2020-10-29,2020-11-25,2,5.0,10000.0,4.848,4.978,0.0496,0.0,484.08,expires_worthless
10002841,0.0135,Short Call,2020-10-29,2020-11-25,3,5.25,10000.0,4.848,4.978,0.0138,0.0,133.24,expires_worthless
10002855,0.0055,Short Call,2020-10-29,2020-11-25,4,5.5,10000.0,4.848,4.978,0.0056,0.0,52.88,expires_worthless
10002856,0.0032,Short Call,2020-10-29,2020-11-25,5,5.75,10000.0,4.848,4.978,0.0033,0.0,30.34,expires_worthless
10002667,0.1396,Short Call,2020-11-26,2020-12-23,0,4.9,10000.0,4.985,5.074,0.1424,0.174,-346.48,assigned ETF=5.0740 K=4.9000
10002711,0.0857,Short Call,2020-11-26,2020-12-23,1,5.0,10000.0,4.985,5.074,0.0874,0.074,114.52,assigned ETF=5.0740 K=5.0000
10002712,0.025,Short Call,2020-11-26,2020-12-23,2,5.25,10000.0,4.985,5.074,0.0255,0.0,247.9,expires_worthless
10002713,0.0081,Short Call,2020-11-26,2020-12-23,3,5.5,10000.0,4.985,5.074,0.0083,0.0,79.34,expires_worthless
10002723,0.0044,Short Call,2020-11-26,2020-12-23,4,5.75,10000.0,4.985,5.074,0.0045,0.0,42.1,expires_worthless
10002901,0.0025,Short Call,2020-11-26,2020-12-23,5,6.0,10000.0,4.985,5.074,0.0026,0.0,23.48,expires_worthless
10002935,0.1403,Short Call,2020-12-24,2021-01-27,0,5.0,10000.0,5.074,5.521,0.1432,0.521,-3808.64,assigned ETF=5.5210 K=5.0000
10002936,0.0409,Short Call,2020-12-24,2021-01-27,1,5.25,10000.0,5.074,5.521,0.0417,0.271,-2303.34,assigned ETF=5.5210 K=5.2500
10002937,0.0115,Short Call,2020-12-24,2021-01-27,2,5.5,10000.0,5.074,5.521,0.0117,0.021,-97.34,assigned ETF=5.5210 K=5.5000
10002938,0.0045,Short Call,2020-12-24,2021-01-27,3,5.75,10000.0,5.074,5.521,0.0046,0.0,43.08,expires_worthless
10002939,0.0027,Short Call,2020-12-24,2021-01-27,4,6.0,10000.0,5.074,5.521,0.0028,0.0,25.44,expires_worthless
10003031,0.0018,Short Call,2020-12-24,2021-01-27,5,6.25,10000.0,5.074,5.521,0.0018,0.0,15.64,expires_worthless
10003146,0.2014,Short Call,2021-01-28,2021-02-24,0,5.25,10000.0,5.385,5.427,0.2055,0.177,241.9,assigned ETF=5.4270 K=5.2500
10003069,0.1073,Short Call,2021-01-28,2021-02-24,1,5.428,10132.0,5.385,5.427,0.1095,0.0,1085.26,expires_worthless
10003147,0.0802,Short Call,2021-01-28,2021-02-24,2,5.5,10000.0,5.385,5.427,0.0818,0.0,799.64,expires_worthless
10003070,0.0391,Short Call,2021-01-28,2021-02-24,3,5.675,10132.0,5.385,5.427,0.0399,0.0,394.18,expires_worthless
10003148,0.0289,Short Call,2021-01-28,2021-02-24,4,5.75,10000.0,5.385,5.427,0.0295,0.0,287.1,expires_worthless
10003071,0.0146,Short Call,2021-01-28,2021-02-24,5,5.9220000000000015,10132.0,5.385,5.427,0.0149,0.0,145.95,expires_worthless
10002751,0.1465,Short Call,2021-02-25,2021-03-24,0,5.428,10132.0,5.478,4.933,0.1495,0.0,1482.44,expires_worthless
10003165,0.1133,Short Call,2021-02-25,2021-03-24,1,5.5,10000.0,5.478,4.933,0.1156,0.0,1130.88,expires_worthless
10002769,0.0549,Short Call,2021-02-25,2021-03-24,2,5.675,10132.0,5.478,4.933,0.056,0.0,554.04,expires_worthless
10003166,0.0392,Short Call,2021-02-25,2021-03-24,3,5.75,10000.0,5.478,4.933,0.04,0.0,390.0,expires_worthless
10002903,0.0184,Short Call,2021-02-25,2021-03-24,4,5.9220000000000015,10132.0,5.478,4.933,0.0188,0.0,184.67,expires_worthless
10003167,0.0141,Short Call,2021-02-25,2021-03-24,5,6.0,10000.0,5.478,4.933,0.0144,0.0,139.12,expires_worthless
10003282,0.1294,Short Call,2021-03-25,2021-04-28,0,4.9,10000.0,4.929,5.127,0.132,0.227,-978.4,assigned ETF=5.1270 K=4.9000
10003283,0.0831,Short Call,2021-03-25,2021-04-28,1,5.0,10000.0,4.929,5.127,0.0848,0.127,-440.96,assigned ETF=5.1270 K=5.0000
10003284,0.0254,Short Call,2021-03-25,2021-04-28,2,5.25,10000.0,4.929,5.127,0.0259,0.0,251.82,expires_worthless
10003285,0.0084,Short Call,2021-03-25,2021-04-28,3,5.5,10000.0,4.929,5.127,0.0086,0.0,82.28,expires_worthless
10003286,0.004,Short Call,2021-03-25,2021-04-28,4,5.75,10000.0,4.929,5.127,0.0041,0.0,38.18,expires_worthless
10003287,0.0023,Short Call,2021-03-25,2021-04-28,5,6.0,10000.0,4.929,5.127,0.0023,0.0,20.54,expires_worthless
10003348,0.1999,Short Call,2021-04-29,2021-05-26,0,5.0,10000.0,5.173,5.328,0.204,0.328,-1282.8,assigned ETF=5.3280 K=5.0000
10003349,0.0645,Short Call,2021-04-29,2021-05-26,1,5.25,10000.0,5.173,5.328,0.0658,0.078,-137.16,assigned ETF=5.3280 K=5.2500
10003350,0.0149,Short Call,2021-04-29,2021-05-26,2,5.5,10000.0,5.173,5.328,0.0152,0.0,146.96,expires_worthless
10003351,0.004,Short Call,2021-04-29,2021-05-26,3,5.75,10000.0,5.173,5.328,0.0041,0.0,38.18,expires_worthless
10003361,0.0016,Short Call,2021-04-29,2021-05-26,4,6.0,10000.0,5.173,5.328,0.0016,0.0,13.68,expires_worthless
10003365,0.0008,Short Call,2021-04-29,2021-05-26,5,6.25,10000.0,5.173,5.328,0.0008,0.0,5.84,expires_worthless
10003182,0.1814,Short Call,2021-05-27,2021-06-23,0,5.25,10000.0,5.347,5.176,0.1851,0.0,1811.98,expires_worthless
10002885,0.0935,Short Call,2021-05-27,2021-06-23,1,5.428,10132.0,5.347,5.176,0.0954,0.0,945.26,expires_worthless
10003183,0.0705,Short Call,2021-05-27,2021-06-23,2,5.5,10000.0,5.347,5.176,0.0719,0.0,702.62,expires_worthless
10002897,0.0362,Short Call,2021-05-27,2021-06-23,3,5.675,10132.0,5.347,5.176,0.0369,0.0,364.39,expires_worthless
10003184,0.025,Short Call,2021-05-27,2021-06-23,4,5.75,10000.0,5.347,5.176,0.0255,0.0,247.9,expires_worthless
10002905,0.0128,Short Call,2021-05-27,2021-06-23,5,5.922,10132.0,5.347,5.176,0.0131,0.0,128.07,expires_worthless
10003436,0.2281,Short Call,2021-06-24,2021-07-28,0,5.0,10000.0,5.189,4.819,0.2328,0.0,2279.44,expires_worthless
10003437,0.0804,Short Call,2021-06-24,2021-07-28,1,5.25,10000.0,5.189,4.819,0.082,0.0,801.6,expires_worthless
10003438,0.0214,Short Call,2021-06-24,2021-07-28,2,5.5,10000.0,5.189,4.819,0.0218,0.0,211.64,expires_worthless
10003439,0.0068,Short Call,2021-06-24,2021-07-28,3,5.75,10000.0,5.189,4.819,0.0069,0.0,65.62,expires_worthless
10003440,0.0027,Short Call,2021-06-24,2021-07-28,4,6.0,10000.0,5.189,4.819,0.0028,0.0,25.44,expires_worthless
10003441,0.0015,Short Call,2021-06-24,2021-07-28,5,6.25,10000.0,5.189,4.819,0.0015,0.0,12.7,expires_worthless
10003481,0.0889,Short Call,2021-07-29,2021-08-25,0,4.9,10000.0,4.906,4.971,0.0907,0.071,176.86,assigned ETF=4.9710 K=4.9000
10003482,0.0483,Short Call,2021-07-29,2021-08-25,1,5.0,10000.0,4.906,4.971,0.0493,0.0,481.14,expires_worthless
10003483,0.0101,Short Call,2021-07-29,2021-08-25,2,5.25,10000.0,4.906,4.971,0.0103,0.0,98.94,expires_worthless
10003484,0.0043,Short Call,2021-07-29,2021-08-25,3,5.5,10000.0,4.906,4.971,0.0044,0.0,41.12,expires_worthless
10003485,0.0021,Short Call,2021-07-29,2021-08-25,4,5.75,10000.0,4.906,4.971,0.0021,0.0,18.58,expires_worthless
10003486,0.0013,Short Call,2021-07-29,2021-08-25,5,6.0,10000.0,4.906,4.971,0.0013,0.0,10.74,expires_worthless
10003223,0.1205,Short Call,2021-08-26,2021-09-22,0,4.8,10000.0,4.886,4.895,0.123,0.095,253.4,assigned ETF=4.8950 K=4.8000
10003224,0.0693,Short Call,2021-08-26,2021-09-22,1,4.9,10000.0,4.886,4.895,0.0707,0.0,690.86,expires_worthless
10003225,0.0367,Short Call,2021-08-26,2021-09-22,2,5.0,10000.0,4.886,4.895,0.0374,0.0,364.52,expires_worthless
10003226,0.0071,Short Call,2021-08-26,2021-09-22,3,5.25,10000.0,4.886,4.895,0.0072,0.0,68.56,expires_worthless
10003227,0.0024,Short Call,2021-08-26,2021-09-22,4,5.5,10000.0,4.886,4.895,0.0025,0.0,22.5,expires_worthless
10003228,0.0017,Short Call,2021-08-26,2021-09-22,5,5.75,10000.0,4.886,4.895,0.0017,0.0,14.66,expires_worthless
10003602,0.1196,Short Call,2021-09-23,2021-10-27,0,4.9,10000.0,4.924,4.97,0.122,0.07,493.6,assigned ETF=4.9700 K=4.9000
10003603,0.0757,Short Call,2021-09-23,2021-10-27,1,5.0,10000.0,4.924,4.97,0.0772,0.0,754.56,expires_worthless
10003604,0.0185,Short Call,2021-09-23,2021-10-27,2,5.25,10000.0,4.924,4.97,0.0189,0.0,183.22,expires_worthless
10003605,0.0039,Short Call,2021-09-23,2021-10-27,3,5.5,10000.0,4.924,4.97,0.004,0.0,37.2,expires_worthless
10003606,0.0015,Short Call,2021-09-23,2021-10-27,4,5.75,10000.0,4.924,4.97,0.0015,0.0,12.7,expires_worthless
10003607,0.001,Short Call,2021-09-23,2021-10-27,5,6.0,10000.0,4.924,4.97,0.001,0.0,7.8,expires_worthless
10003645,0.1196,Short Call,2021-10-28,2021-11-24,0,4.9,10000.0,4.949,4.997,0.122,0.097,223.6,assigned ETF=4.9970 K=4.9000
10003646,0.07,Short Call,2021-10-28,2021-11-24,1,5.0,10000.0,4.949,4.997,0.0714,0.0,697.72,expires_worthless
10003647,0.0123,Short Call,2021-10-28,2021-11-24,2,5.25,10000.0,4.949,4.997,0.0126,0.0,121.48,expires_worthless
10003648,0.0024,Short Call,2021-10-28,2021-11-24,3,5.5,10000.0,4.949,4.997,0.0025,0.0,22.5,expires_worthless
10003649,0.0005,Short Call,2021-10-28,2021-11-24,4,5.75,10000.0,4.949,4.997,0.0005,0.0,2.9,expires_worthless
10003659,0.0004,Short Call,2021-10-28,2021-11-24,5,6.0,10000.0,4.949,4.997,0.0004,0.0,1.92,expires_worthless
10003393,0.1196,Short Call,2021-11-25,2021-12-22,0,4.9,10000.0,4.978,4.982,0.122,0.082,373.6,assigned ETF=4.9820 K=4.9000
10003394,0.0652,Short Call,2021-11-25,2021-12-22,1,5.0,10000.0,4.978,4.982,0.0665,0.0,649.7,expires_worthless
10003395,0.0104,Short Call,2021-11-25,2021-12-22,2,5.25,10000.0,4.978,4.982,0.0106,0.0,101.88,expires_worthless
10003396,0.0023,Short Call,2021-11-25,2021-12-22,3,5.5,10000.0,4.978,4.982,0.0023,0.0,20.54,expires_worthless
10003397,0.0011,Short Call,2021-11-25,2021-12-22,4,5.75,10000.0,4.978,4.982,0.0011,0.0,8.78,expires_worthless
10003398,0.0007,Short Call,2021-11-25,2021-12-22,5,6.0,10000.0,4.978,4.982,0.0007,0.0,4.86,expires_worthless
10003731,0.1018,Short Call,2021-12-23,2022-01-26,0,5.0,10000.0,5.02,4.706,0.1039,0.0,1016.22,expires_worthless
10003732,0.0226,Short Call,2021-12-23,2022-01-26,1,5.25,10000.0,5.02,4.706,0.0231,0.0,224.38,expires_worthless
10003733,0.0052,Short Call,2021-12-23,2022-01-26,2,5.5,10000.0,5.02,4.706,0.0053,0.0,49.94,expires_worthless
10003734,0.0023,Short Call,2021-12-23,2022-01-26,3,5.75,10000.0,5.02,4.706,0.0023,0.0,20.54,expires_worthless
10003735,0.0014,Short Call,2021-12-23,2022-01-26,4,6.0,10000.0,5.02,4.706,0.0014,0.0,11.72,expires_worthless
10003835,0.0008,Short Call,2021-12-23,2022-01-26,5,6.25,10000.0,5.02,4.706,0.0008,0.0,5.84,expires_worthless
10003915,0.1114,Short Call,2022-01-27,2022-02-23,0,4.6,10000.0,4.625,4.615,0.1137,0.015,962.26,assigned ETF=4.6150 K=4.6000
10003860,0.0968,Short Call,2022-01-27,2022-02-23,1,4.628,10156.0,4.625,4.615,0.0988,0.0,981.34,expires_worthless
10003916,0.0633,Short Call,2022-01-27,2022-02-23,2,4.7,10000.0,4.625,4.615,0.0646,0.0,631.08,expires_worthless
10003861,0.0534,Short Call,2022-01-27,2022-02-23,3,4.726,10156.0,4.625,4.615,0.0545,0.0,540.43,expires_worthless
10003917,0.033,Short Call,2022-01-27,2022-02-23,4,4.8,10000.0,4.625,4.615,0.0337,0.0,328.26,expires_worthless
10003862,0.0269,Short Call,2022-01-27,2022-02-23,5,4.825,10156.0,4.625,4.615,0.0275,0.0,271.7,expires_worthless
10003551,0.0818,Short Call,2022-02-24,2022-03-23,0,4.529,10156.0,4.53,4.273,0.0835,0.0,829.07,expires_worthless
10003933,0.0487,Short Call,2022-02-24,2022-03-23,1,4.6,10000.0,4.53,4.273,0.0497,0.0,485.06,expires_worthless
10003552,0.0398,Short Call,2022-02-24,2022-03-23,2,4.628,10156.0,4.53,4.273,0.0406,0.0,402.09,expires_worthless
10003934,0.022,Short Call,2022-02-24,2022-03-23,3,4.7,10000.0,4.53,4.273,0.0224,0.0,217.52,expires_worthless
10003553,0.017,Short Call,2022-02-24,2022-03-23,4,4.726,10156.0,4.53,4.273,0.0173,0.0,170.18,expires_worthless
10003935,0.0081,Short Call,2022-02-24,2022-03-23,5,4.8,10000.0,4.53,4.273,0.0083,0.0,79.34,expires_worthless
10004053,0.0953,Short Call,2022-03-24,2022-04-27,0,4.2,10000.0,4.246,3.889,0.0972,0.0,950.56,expires_worthless
10004054,0.0524,Short Call,2022-03-24,2022-04-27,1,4.3,10000.0,4.246,3.889,0.0535,0.0,522.3,expires_worthless
10004055,0.0257,Short Call,2022-03-24,2022-04-27,2,4.4,10000.0,4.246,3.889,0.0262,0.0,254.76,expires_worthless
10004056,0.0116,Short Call,2022-03-24,2022-04-27,3,4.5,10000.0,4.246,3.889,0.0118,0.0,113.64,expires_worthless
10004057,0.0061,Short Call,2022-03-24,2022-04-27,4,4.6,10000.0,4.246,3.889,0.0062,0.0,58.76,expires_worthless
10004058,0.0032,Short Call,2022-03-24,2022-04-27,5,4.7,10000.0,4.246,3.889,0.0033,0.0,30.34,expires_worthless
10004181,0.102,Short Call,2022-04-28,2022-05-25,0,3.9,10000.0,3.915,3.982,0.1041,0.082,198.18,assigned ETF=3.9820 K=3.9000
10004182,0.0539,Short Call,2022-04-28,2022-05-25,1,4.0,10000.0,3.915,3.982,0.055,0.0,537.0,expires_worthless
10004183,0.0257,Short Call,2022-04-28,2022-05-25,2,4.1,10000.0,3.915,3.982,0.0262,0.0,254.76,expires_worthless
10004184,0.0119,Short Call,2022-04-28,2022-05-25,3,4.2,10000.0,3.915,3.982,0.0121,0.0,116.58,expires_worthless
10004185,0.0055,Short Call,2022-04-28,2022-05-25,4,4.3,10000.0,3.915,3.982,0.0056,0.0,52.88,expires_worthless
10004186,0.0028,Short Call,2022-04-28,2022-05-25,5,4.4,10000.0,3.915,3.982,0.0029,0.0,26.42,expires_worthless
10004091,0.1323,Short Call,2022-05-26,2022-06-22,0,3.9,10000.0,3.992,4.29,0.135,0.39,-2579.0,assigned ETF=4.2900 K=3.9000
10004092,0.0726,Short Call,2022-05-26,2022-06-22,1,4.0,10000.0,3.992,4.29,0.0741,0.29,-2175.82,assigned ETF=4.2900 K=4.0000
10004031,0.0359,Short Call,2022-05-26,2022-06-22,2,4.1,10000.0,3.992,4.29,0.0366,0.19,-1543.32,assigned ETF=4.2900 K=4.1000
10004015,0.0157,Short Call,2022-05-26,2022-06-22,3,4.2,10000.0,3.992,4.29,0.016,0.09,-745.2,assigned ETF=4.2900 K=4.2000
10003973,0.0069,Short Call,2022-05-26,2022-06-22,4,4.3,10000.0,3.992,4.29,0.007,0.0,66.6,expires_worthless
10003885,0.0054,Short Call,2022-05-26,2022-06-22,5,4.332,10156.0,3.992,4.29,0.0055,0.0,52.74,expires_worthless
10004306,0.1328,Short Call,2022-06-23,2022-07-27,0,4.3,10000.0,4.365,4.276,0.1355,0.0,1325.9,expires_worthless
10004307,0.0833,Short Call,2022-06-23,2022-07-27,1,4.4,10000.0,4.365,4.276,0.085,0.0,831.0,expires_worthless
10004319,0.0503,Short Call,2022-06-23,2022-07-27,2,4.5,10000.0,4.365,4.276,0.0513,0.0,500.74,expires_worthless
10004321,0.0315,Short Call,2022-06-23,2022-07-27,3,4.6,10000.0,4.365,4.276,0.0321,0.0,312.58,expires_worthless
10004333,0.018,Short Call,2022-06-23,2022-07-27,4,4.7,10000.0,4.365,4.276,0.0184,0.0,178.32,expires_worthless
10004362,0.1265,Short Call,2022-07-28,2022-08-24,0,4.2,10000.0,4.279,4.145,0.1291,0.0,1263.18,expires_worthless
10004363,0.072,Short Call,2022-07-28,2022-08-24,1,4.3,10000.0,4.279,4.145,0.0735,0.0,718.3,expires_worthless
10004364,0.0359,Short Call,2022-07-28,2022-08-24,2,4.4,10000.0,4.279,4.145,0.0366,0.0,356.68,expires_worthless
10004365,0.017,Short Call,2022-07-28,2022-08-24,3,4.5,10000.0,4.279,4.145,0.0173,0.0,167.54,expires_worthless
10004366,0.0067,Short Call,2022-07-28,2022-08-24,4,4.6,10000.0,4.279,4.145,0.0068,0.0,64.64,expires_worthless
10004367,0.0032,Short Call,2022-07-28,2022-08-24,5,4.7,10000.0,4.279,4.145,0.0033,0.0,30.34,expires_worthless
10004033,0.1313,Short Call,2022-08-25,2022-09-28,0,4.1,10000.0,4.181,3.893,0.134,0.0,1311.2,expires_worthless
10004017,0.072,Short Call,2022-08-25,2022-09-28,1,4.2,10000.0,4.181,3.893,0.0735,0.0,718.3,expires_worthless
10003993,0.0353,Short Call,2022-08-25,2022-09-28,2,4.3,10000.0,4.181,3.893,0.036,0.0,350.8,expires_worthless
10003994,0.0149,Short Call,2022-08-25,2022-09-28,3,4.4,10000.0,4.181,3.893,0.0152,0.0,146.96,expires_worthless
10003995,0.0062,Short Call,2022-08-25,2022-09-28,4,4.5,10000.0,4.181,3.893,0.0063,0.0,59.74,expires_worthless
10003996,0.0031,Short Call,2022-08-25,2022-09-28,5,4.6,10000.0,4.181,3.893,0.0032,0.0,29.36,expires_worthless
10004476,0.1388,Short Call,2022-09-29,2022-10-26,0,3.8,10000.0,3.894,3.716,0.1416,0.0,1385.68,expires_worthless
10004477,0.0746,Short Call,2022-09-29,2022-10-26,1,3.9,10000.0,3.894,3.716,0.0761,0.0,743.78,expires_worthless
10004478,0.0351,Short Call,2022-09-29,2022-10-26,2,4.0,10000.0,3.894,3.716,0.0358,0.0,348.84,expires_worthless
10004479,0.0151,Short Call,2022-09-29,2022-10-26,3,4.1,10000.0,3.894,3.716,0.0154,0.0,148.92,expires_worthless
10004480,0.0061,Short Call,2022-09-29,2022-10-26,4,4.2,10000.0,3.894,3.716,0.0062,0.0,58.76,expires_worthless
10004481,0.0031,Short Call,2022-09-29,2022-10-26,5,4.3,10000.0,3.894,3.716,0.0032,0.0,29.36,expires_worthless
10004614,0.1382,Short Call,2022-10-27,2022-11-23,0,3.6,10000.0,3.69,3.834,0.141,0.234,-960.2,assigned ETF=3.8340 K=3.6000
10004615,0.0783,Short Call,2022-10-27,2022-11-23,1,3.7,10000.0,3.69,3.834,0.0799,0.134,-558.98,assigned ETF=3.8340 K=3.7000
10004616,0.0392,Short Call,2022-10-27,2022-11-23,2,3.8,10000.0,3.69,3.834,0.04,0.034,50.0,assigned ETF=3.8340 K=3.8000
10004617,0.0174,Short Call,2022-10-27,2022-11-23,3,3.9,10000.0,3.69,3.834,0.0178,0.0,172.44,expires_worthless
10004618,0.0069,Short Call,2022-10-27,2022-11-23,4,4.0,10000.0,3.69,3.834,0.007,0.0,66.6,expires_worthless
10004619,0.0024,Short Call,2022-10-27,2022-11-23,5,4.1,10000.0,3.69,3.834,0.0025,0.0,22.5,expires_worthless
10004258,0.1075,Short Call,2022-11-24,2022-12-28,0,3.8,10000.0,3.816,3.934,0.1097,0.134,-266.94,assigned ETF=3.9340 K=3.8000
10004259,0.0624,Short Call,2022-11-24,2022-12-28,1,3.9,10000.0,3.816,3.934,0.0637,0.034,282.26,assigned ETF=3.9340 K=3.9000
10004260,0.0343,Short Call,2022-11-24,2022-12-28,2,4.0,10000.0,3.816,3.934,0.035,0.0,341.0,expires_worthless
10004261,0.0176,Short Call,2022-11-24,2022-12-28,3,4.1,10000.0,3.816,3.934,0.018,0.0,174.4,expires_worthless
10004262,0.009,Short Call,2022-11-24,2022-12-28,4,4.2,10000.0,3.816,3.934,0.0092,0.0,88.16,expires_worthless
10004263,0.0045,Short Call,2022-11-24,2022-12-28,5,4.3,10000.0,3.816,3.934,0.0046,0.0,43.08,expires_worthless
10004802,0.088,Short Call,2022-12-29,2023-01-30,0,3.9,10000.0,3.922,4.205,0.0898,0.305,-2171.96,assigned ETF=4.2050 K=3.9000
10004803,0.0426,Short Call,2022-12-29,2023-01-30,1,4.0,10000.0,3.922,4.205,0.0435,0.205,-1625.7,assigned ETF=4.2050 K=4.0000
10004804,0.0172,Short Call,2022-12-29,2023-01-30,2,4.1,10000.0,3.922,4.205,0.0176,0.105,-879.52,assigned ETF=4.2050 K=4.1000
10004805,0.0064,Short Call,2022-12-29,2023-01-30,3,4.2,10000.0,3.922,4.205,0.0065,0.005,11.7,assigned ETF=4.2050 K=4.2000
10004839,0.0024,Short Call,2022-12-29,2023-01-30,4,4.3,10000.0,3.922,4.205,0.0024,0.0,21.52,expires_worthless
10004921,0.0013,Short Call,2022-12-29,2023-01-30,5,4.4,10000.0,3.922,4.205,0.0013,0.0,10.74,expires_worthless
10004964,0.084,Short Call,2023-01-31,2023-02-22,0,4.135,10157.0,4.159,4.099,0.0857,0.0,851.05,expires_worthless
10005038,0.0522,Short Call,2023-01-31,2023-02-22,1,4.2,10000.0,4.159,4.099,0.0533,0.0,520.34,expires_worthless
10004965,0.0416,Short Call,2023-01-31,2023-02-22,2,4.234,10157.0,4.159,4.099,0.0424,0.0,420.04,expires_worthless
10005039,0.0238,Short Call,2023-01-31,2023-02-22,3,4.3,10000.0,4.159,4.099,0.0243,0.0,236.14,expires_worthless
10004993,0.0181,Short Call,2023-01-31,2023-02-22,4,4.332,10157.0,4.159,4.099,0.0185,0.0,182.15,expires_worthless
10005040,0.01,Short Call,2023-01-31,2023-02-22,5,4.4,10000.0,4.159,4.099,0.0102,0.0,97.96,expires_worthless
10004425,0.1122,Short Call,2023-02-23,2023-03-22,0,4.037,10157.0,4.099,3.993,0.1145,0.0,1137.72,expires_worthless
10005055,0.0758,Short Call,2023-02-23,2023-03-22,1,4.1,10000.0,4.099,3.993,0.0773,0.0,755.54,expires_worthless
10004426,0.0602,Short Call,2023-02-23,2023-03-22,2,4.135,10157.0,4.099,3.993,0.0614,0.0,609.17,expires_worthless
10005056,0.0376,Short Call,2023-02-23,2023-03-22,3,4.2,10000.0,4.099,3.993,0.0384,0.0,374.32,expires_worthless
10004427,0.0289,Short Call,2023-02-23,2023-03-22,4,4.234,10157.0,4.099,3.993,0.0295,0.0,291.64,expires_worthless
10005057,0.0173,Short Call,2023-02-23,2023-03-22,5,4.3,10000.0,4.099,3.993,0.0177,0.0,171.46,expires_worthless
10005204,0.0928,Short Call,2023-03-23,2023-04-26,0,4.0,10000.0,4.031,3.951,0.0947,0.0,926.06,expires_worthless
10005205,0.0452,Short Call,2023-03-23,2023-04-26,1,4.1,10000.0,4.031,3.951,0.0461,0.0,449.78,expires_worthless
10005206,0.0183,Short Call,2023-03-23,2023-04-26,2,4.2,10000.0,4.031,3.951,0.0187,0.0,181.26,expires_worthless
10005207,0.0066,Short Call,2023-03-23,2023-04-26,3,4.3,10000.0,4.031,3.951,0.0067,0.0,63.66,expires_worthless
10005208,0.0021,Short Call,2023-03-23,2023-04-26,4,4.4,10000.0,4.031,3.951,0.0021,0.0,18.58,expires_worthless
10005209,0.0011,Short Call,2023-03-23,2023-04-26,5,4.5,10000.0,4.031,3.951,0.0011,0.0,8.78,expires_worthless
10005282,0.1203,Short Call,2023-04-27,2023-05-24,0,3.9,10000.0,3.986,3.854,0.1228,0.0,1201.44,expires_worthless
10005283,0.0574,Short Call,2023-04-27,2023-05-24,1,4.0,10000.0,3.986,3.854,0.0586,0.0,572.28,expires_worthless
10005284,0.0223,Short Call,2023-04-27,2023-05-24,2,4.1,10000.0,3.986,3.854,0.0228,0.0,221.44,expires_worthless
10005285,0.0072,Short Call,2023-04-27,2023-05-24,3,4.2,10000.0,3.986,3.854,0.0073,0.0,69.54,expires_worthless
10005286,0.0024,Short Call,2023-04-27,2023-05-24,4,4.3,10000.0,3.986,3.854,0.0025,0.0,22.5,expires_worthless
10005287,0.001,Short Call,2023-04-27,2023-05-24,5,4.4,10000.0,3.986,3.854,0.001,0.0,7.8,expires_worthless
10004703,0.0787,Short Call,2023-05-25,2023-06-28,0,3.84,10157.0,3.845,3.877,0.0803,0.037,421.49,assigned ETF=3.8770 K=3.8400
10005071,0.05,Short Call,2023-05-25,2023-06-28,1,3.9,10000.0,3.845,3.877,0.051,0.0,497.8,expires_worthless
10004704,0.0361,Short Call,2023-05-25,2023-06-28,2,3.938,10157.0,3.845,3.877,0.0368,0.0,364.3,expires_worthless
10005072,0.0206,Short Call,2023-05-25,2023-06-28,3,4.0,10000.0,3.845,3.877,0.021,0.0,203.8,expires_worthless
10004705,0.0139,Short Call,2023-05-25,2023-06-28,4,4.037,10157.0,3.845,3.877,0.0142,0.0,139.34,expires_worthless
10005073,0.0072,Short Call,2023-05-25,2023-06-28,5,4.1,10000.0,3.845,3.877,0.0073,0.0,69.54,expires_worthless
10005420,0.0997,Short Call,2023-06-29,2023-07-26,0,3.8,10000.0,3.859,3.976,0.1017,0.176,-765.34,assigned ETF=3.9760 K=3.8000
10005421,0.0441,Short Call,2023-06-29,2023-07-26,1,3.9,10000.0,3.859,3.976,0.045,0.076,-321.0,assigned ETF=3.9760 K=3.9000
10005422,0.0169,Short Call,2023-06-29,2023-07-26,2,4.0,10000.0,3.859,3.976,0.0172,0.0,166.56,expires_worthless
10005423,0.0052,Short Call,2023-06-29,2023-07-26,3,4.1,10000.0,3.859,3.976,0.0053,0.0,49.94,expires_worthless
10005424,0.0018,Short Call,2023-06-29,2023-07-26,4,4.2,10000.0,3.859,3.976,0.0018,0.0,15.64,expires_worthless
10005425,0.001,Short Call,2023-06-29,2023-07-26,5,4.3,10000.0,3.859,3.976,0.001,0.0,7.8,expires_worthless
10005665,0.1041,Short Call,2023-07-27,2023-08-23,0,3.9,10000.0,3.972,3.768,0.1062,0.0,1038.76,expires_worthless
10005666,0.0487,Short Call,2023-07-27,2023-08-23,1,4.0,10000.0,3.972,3.768,0.0497,0.0,485.06,expires_worthless
10005667,0.0192,Short Call,2023-07-27,2023-08-23,2,4.1,10000.0,3.972,3.768,0.0196,0.0,190.08,expires_worthless
10005668,0.0061,Short Call,2023-07-27,2023-08-23,3,4.2,10000.0,3.972,3.768,0.0062,0.0,58.76,expires_worthless
10005669,0.0017,Short Call,2023-07-27,2023-08-23,4,4.3,10000.0,3.972,3.768,0.0017,0.0,14.66,expires_worthless
10005745,0.001,Short Call,2023-07-27,2023-08-23,5,4.4,10000.0,3.972,3.768,0.001,0.0,7.8,expires_worthless
10005169,0.1431,Short Call,2023-08-24,2023-09-27,0,3.7,10000.0,3.791,3.778,0.146,0.078,648.8,assigned ETF=3.7780 K=3.7000
10005123,0.0832,Short Call,2023-08-24,2023-09-27,1,3.8,10000.0,3.791,3.778,0.0849,0.0,830.02,expires_worthless
10005124,0.044,Short Call,2023-08-24,2023-09-27,2,3.9,10000.0,3.791,3.778,0.0449,0.0,438.02,expires_worthless
10005125,0.0226,Short Call,2023-08-24,2023-09-27,3,4.0,10000.0,3.791,3.778,0.0231,0.0,224.38,expires_worthless
10005126,0.0119,Short Call,2023-08-24,2023-09-27,4,4.1,10000.0,3.791,3.778,0.0121,0.0,116.58,expires_worthless
10005127,0.006,Short Call,2023-08-24,2023-09-27,5,4.2,10000.0,3.791,3.778,0.0061,0.0,57.78,expires_worthless
10005934,0.1027,Short Call,2023-09-28,2023-10-25,0,3.7,10000.0,3.764,3.569,0.1048,0.0,1025.04,expires_worthless
10005935,0.049,Short Call,2023-09-28,2023-10-25,1,3.8,10000.0,3.764,3.569,0.05,0.0,488.0,expires_worthless
10005936,0.0216,Short Call,2023-09-28,2023-10-25,2,3.9,10000.0,3.764,3.569,0.022,0.0,213.6,expires_worthless
10005937,0.0086,Short Call,2023-09-28,2023-10-25,3,4.0,10000.0,3.764,3.569,0.0088,0.0,84.24,expires_worthless
10005938,0.0043,Short Call,2023-09-28,2023-10-25,4,4.1,10000.0,3.764,3.569,0.0044,0.0,41.12,expires_worthless
10005939,0.0024,Short Call,2023-09-28,2023-10-25,5,4.2,10000.0,3.764,3.569,0.0025,0.0,22.5,expires_worthless
10006044,0.1132,Short Call,2023-10-26,2023-11-22,0,3.5,10000.0,3.582,3.611,0.1155,0.111,19.9,assigned ETF=3.6110 K=3.5000
10006045,0.0534,Short Call,2023-10-26,2023-11-22,1,3.6,10000.0,3.582,3.611,0.0545,0.011,422.1,assigned ETF=3.6110 K=3.6000
10006046,0.0205,Short Call,2023-10-26,2023-11-22,2,3.7,10000.0,3.582,3.611,0.0209,0.0,202.82,expires_worthless
10006047,0.0074,Short Call,2023-10-26,2023-11-22,3,3.8,10000.0,3.582,3.611,0.0076,0.0,72.48,expires_worthless
10006048,0.0029,Short Call,2023-10-26,2023-11-22,4,3.9,10000.0,3.582,3.611,0.003,0.0,27.4,expires_worthless
10006049,0.0014,Short Call,2023-10-26,2023-11-22,5,4.0,10000.0,3.582,3.611,0.0014,0.0,11.72,expires_worthless
10005347,0.0807,Short Call,2023-11-23,2023-12-27,0,3.6,10000.0,3.63,3.405,0.0823,0.0,804.54,expires_worthless
10005348,0.0345,Short Call,2023-11-23,2023-12-27,1,3.7,10000.0,3.63,3.405,0.0352,0.0,342.96,expires_worthless
10005349,0.0122,Short Call,2023-11-23,2023-12-27,2,3.8,10000.0,3.63,3.405,0.0124,0.0,119.52,expires_worthless
10005350,0.0045,Short Call,2023-11-23,2023-12-27,3,3.9,10000.0,3.63,3.405,0.0046,0.0,43.08,expires_worthless
10005351,0.0024,Short Call,2023-11-23,2023-12-27,4,4.0,10000.0,3.63,3.405,0.0024,0.0,21.52,expires_worthless
10005352,0.0013,Short Call,2023-11-23,2023-12-27,5,4.1,10000.0,3.63,3.405,0.0013,0.0,10.74,expires_worthless
10006293,0.1174,Short Call,2023-12-28,2024-01-24,0,3.4,10000.0,3.489,3.279,0.1198,0.0,1172.04,expires_worthless
10006294,0.0555,Short Call,2023-12-28,2024-01-24,1,3.5,10000.0,3.489,3.279,0.0566,0.0,552.68,expires_worthless
10006295,0.023,Short Call,2023-12-28,2024-01-24,2,3.6,10000.0,3.489,3.279,0.0235,0.0,228.3,expires_worthless
10006296,0.009,Short Call,2023-12-28,2024-01-24,3,3.7,10000.0,3.489,3.279,0.0092,0.0,88.16,expires_worthless
10006297,0.0038,Short Call,2023-12-28,2024-01-24,4,3.8,10000.0,3.489,3.279,0.0039,0.0,36.22,expires_worthless
10006298,0.0015,Short Call,2023-12-28,2024-01-24,5,3.9,10000.0,3.489,3.279,0.0015,0.0,12.7,expires_worthless
10006523,0.0674,Short Call,2024-01-25,2024-02-28,0,3.329,10214.0,3.335,3.448,0.0688,0.119,-528.8,assigned ETF=3.4480 K=3.3290
10006657,0.0373,Short Call,2024-01-25,2024-02-28,1,3.4,10000.0,3.335,3.448,0.0381,0.048,-108.62,assigned ETF=3.4480 K=3.4000
10006524,0.0298,Short Call,2024-01-25,2024-02-28,2,3.427,10214.0,3.335,3.448,0.0304,0.021,87.8,assigned ETF=3.4480 K=3.4270
10006658,0.0146,Short Call,2024-01-25,2024-02-28,3,3.5,10000.0,3.335,3.448,0.0149,0.0,144.02,expires_worthless
10006525,0.0116,Short Call,2024-01-25,2024-02-28,4,3.525,10214.0,3.335,3.448,0.0118,0.0,116.11,expires_worthless
10006659,0.006,Short Call,2024-01-25,2024-02-28,5,3.6,10000.0,3.335,3.448,0.0061,0.0,57.78,expires_worthless
10006676,0.0739,Short Call,2024-02-29,2024-03-27,0,3.5,10000.0,3.503,3.493,0.0754,0.0,736.92,expires_worthless
10005783,0.0611,Short Call,2024-02-29,2024-03-27,1,3.525,10214.0,3.503,3.493,0.0623,0.0,621.61,expires_worthless
10006677,0.0349,Short Call,2024-02-29,2024-03-27,2,3.6,10000.0,3.503,3.493,0.0356,0.0,346.88,expires_worthless
10005784,0.0291,Short Call,2024-02-29,2024-03-27,3,3.622,10214.0,3.503,3.493,0.0297,0.0,295.29,expires_worthless
10006709,0.0152,Short Call,2024-02-29,2024-03-27,4,3.7,10000.0,3.503,3.493,0.0155,0.0,149.9,expires_worthless
10005785,0.0131,Short Call,2024-02-29,2024-03-27,5,3.72,10214.0,3.503,3.493,0.0134,0.0,132.13,expires_worthless
10006938,0.0614,Short Call,2024-03-28,2024-04-24,0,3.5,10000.0,3.51,3.513,0.0627,0.013,482.46,assigned ETF=3.5130 K=3.5000
10006939,0.0239,Short Call,2024-03-28,2024-04-24,1,3.6,10000.0,3.51,3.513,0.0244,0.0,237.12,expires_worthless
10006940,0.0078,Short Call,2024-03-28,2024-04-24,2,3.7,10000.0,3.51,3.513,0.008,0.0,76.4,expires_worthless
10006941,0.0029,Short Call,2024-03-28,2024-04-24,3,3.8,10000.0,3.51,3.513,0.003,0.0,27.4,expires_worthless
10007007,0.0015,Short Call,2024-03-28,2024-04-24,4,3.9,10000.0,3.51,3.513,0.0015,0.0,12.7,expires_worthless
10007027,0.0008,Short Call,2024-03-28,2024-04-24,5,4.0,10000.0,3.51,3.513,0.0008,0.0,5.84,expires_worthless
10007057,0.0659,Short Call,2024-04-25,2024-05-22,0,3.5,10000.0,3.523,3.68,0.0672,0.18,-1143.44,assigned ETF=3.6800 K=3.5000
10007058,0.0232,Short Call,2024-04-25,2024-05-22,1,3.6,10000.0,3.523,3.68,0.0237,0.08,-569.74,assigned ETF=3.6800 K=3.6000
10007059,0.0068,Short Call,2024-04-25,2024-05-22,2,3.7,10000.0,3.523,3.68,0.0069,0.0,65.62,expires_worthless
10007060,0.0024,Short Call,2024-04-25,2024-05-22,3,3.8,10000.0,3.523,3.68,0.0025,0.0,22.5,expires_worthless
10007061,0.0013,Short Call,2024-04-25,2024-05-22,4,3.9,10000.0,3.523,3.68,0.0013,0.0,10.74,expires_worthless
10007129,0.0007,Short Call,2024-04-25,2024-05-22,5,4.0,10000.0,3.523,3.68,0.0007,0.0,4.86,expires_worthless
10006190,0.0731,Short Call,2024-05-23,2024-06-26,0,3.622,10214.0,3.643,3.499,0.0746,0.0,744.73,expires_worthless
10006711,0.0375,Short Call,2024-05-23,2024-06-26,1,3.7,10000.0,3.643,3.499,0.0383,0.0,373.34,expires_worthless
10006191,0.0314,Short Call,2024-05-23,2024-06-26,2,3.72,10214.0,3.643,3.499,0.032,0.0,318.31,expires_worthless
10006895,0.0138,Short Call,2024-05-23,2024-06-26,3,3.8,10000.0,3.643,3.499,0.0141,0.0,136.18,expires_worthless
10006192,0.0108,Short Call,2024-05-23,2024-06-26,4,3.818,10214.0,3.643,3.499,0.011,0.0,108.11,expires_worthless
10006907,0.0049,Short Call,2024-05-23,2024-06-26,5,3.9,10000.0,3.643,3.499,0.005,0.0,47.0,expires_worthless
10007352,0.1018,Short Call,2024-06-27,2024-07-24,0,3.4,10000.0,3.48,3.479,0.1039,0.079,226.22,assigned ETF=3.4790 K=3.4000
10007353,0.0422,Short Call,2024-06-27,2024-07-24,1,3.5,10000.0,3.48,3.479,0.0431,0.0,420.38,expires_worthless
10007354,0.0136,Short Call,2024-06-27,2024-07-24,2,3.6,10000.0,3.48,3.479,0.0139,0.0,134.22,expires_worthless
10007355,0.0033,Short Call,2024-06-27,2024-07-24,3,3.7,10000.0,3.48,3.479,0.0034,0.0,31.32,expires_worthless
10007356,0.001,Short Call,2024-06-27,2024-07-24,4,3.8,10000.0,3.48,3.479,0.001,0.0,7.8,expires_worthless
10007357,0.0005,Short Call,2024-06-27,2024-07-24,5,3.9,10000.0,3.48,3.479,0.0005,0.0,2.9,expires_worthless
10007472,0.0874,Short Call,2024-07-25,2024-08-28,0,3.4,10000.0,3.459,3.357,0.0892,0.0,872.16,expires_worthless
10007473,0.039,Short Call,2024-07-25,2024-08-28,1,3.5,10000.0,3.459,3.357,0.0398,0.0,388.04,expires_worthless
10007474,0.0136,Short Call,2024-07-25,2024-08-28,2,3.6,10000.0,3.459,3.357,0.0139,0.0,134.22,expires_worthless
10007475,0.0042,Short Call,2024-07-25,2024-08-28,3,3.7,10000.0,3.459,3.357,0.0043,0.0,40.14,expires_worthless
10007476,0.0015,Short Call,2024-07-25,2024-08-28,4,3.8,10000.0,3.459,3.357,0.0015,0.0,12.7,expires_worthless
10007477,0.0007,Short Call,2024-07-25,2024-08-28,5,3.9,10000.0,3.459,3.357,0.0007,0.0,4.86,expires_worthless
10006751,0.0726,Short Call,2024-08-29,2024-09-25,0,3.3,10000.0,3.347,3.474,0.0741,0.174,-1015.82,assigned ETF=3.4740 K=3.3000
10006752,0.0243,Short Call,2024-08-29,2024-09-25,1,3.4,10000.0,3.347,3.474,0.0248,0.074,-498.96,assigned ETF=3.4740 K=3.4000
10006753,0.0064,Short Call,2024-08-29,2024-09-25,2,3.5,10000.0,3.347,3.474,0.0065,0.0,61.7,expires_worthless
10006754,0.002,Short Call,2024-08-29,2024-09-25,3,3.6,10000.0,3.347,3.474,0.002,0.0,17.6,expires_worthless
10006755,0.0011,Short Call,2024-08-29,2024-09-25,4,3.7,10000.0,3.347,3.474,0.0011,0.0,8.78,expires_worthless
10006897,0.0008,Short Call,2024-08-29,2024-09-25,5,3.8,10000.0,3.347,3.474,0.0008,0.0,5.84,expires_worthless
10007733,0.1138,Short Call,2024-09-26,2024-10-23,0,3.6,10000.0,3.64,4.055,0.1161,0.455,-3414.22,assigned ETF=4.0550 K=3.6000
10007734,0.0761,Short Call,2024-09-26,2024-10-23,1,3.7,10000.0,3.64,4.055,0.0777,0.355,-2790.54,assigned ETF=4.0550 K=3.7000
10007735,0.0544,Short Call,2024-09-26,2024-10-23,2,3.8,10000.0,3.64,4.055,0.0555,0.255,-2008.1,assigned ETF=4.0550 K=3.8000
10007859,0.0346,Short Call,2024-09-26,2024-10-23,3,3.9,10000.0,3.64,4.055,0.0353,0.155,-1206.06,assigned ETF=4.0550 K=3.9000
10007967,0.1273,Short Call,2024-10-24,2024-11-27,0,4.0,10000.0,4.011,3.987,0.1299,0.0,1271.02,expires_worthless
10008003,0.0876,Short Call,2024-10-24,2024-11-27,1,4.1,10000.0,4.011,3.987,0.0894,0.0,874.12,expires_worthless
10008004,0.0604,Short Call,2024-10-24,2024-11-27,2,4.2,10000.0,4.011,3.987,0.0616,0.0,601.68,expires_worthless
10008005,0.0419,Short Call,2024-10-24,2024-11-27,3,4.3,10000.0,4.011,3.987,0.0428,0.0,417.44,expires_worthless
10008077,0.0303,Short Call,2024-10-24,2024-11-27,4,4.4,10000.0,4.011,3.987,0.0309,0.0,300.82,expires_worthless
10008078,0.0218,Short Call,2024-10-24,2024-11-27,5,4.5,10000.0,4.011,3.987,0.0222,0.0,215.56,expires_worthless
10007165,0.1176,Short Call,2024-11-28,2024-12-25,0,3.9,10000.0,3.958,4.072,0.12,0.172,-546.0,assigned ETF=4.0720 K=3.9000
10007231,0.0686,Short Call,2024-11-28,2024-12-25,1,4.0,10000.0,3.958,4.072,0.07,0.072,-36.0,assigned ETF=4.0720 K=4.0000
10007253,0.0393,Short Call,2024-11-28,2024-12-25,2,4.1,10000.0,3.958,4.072,0.0401,0.0,390.98,expires_worthless
10008009,0.0233,Short Call,2024-11-28,2024-12-25,3,4.2,10000.0,3.958,4.072,0.0238,0.0,231.24,expires_worthless
10008010,0.0141,Short Call,2024-11-28,2024-12-25,4,4.3,10000.0,3.958,4.072,0.0144,0.0,139.12,expires_worthless
10008083,0.0095,Short Call,2024-11-28,2024-12-25,5,4.4,10000.0,3.958,4.072,0.0097,0.0,93.06,expires_worthless
10008413,0.1228,Short Call,2024-12-26,2025-01-22,0,4.0,10000.0,4.073,3.886,0.1253,0.0,1225.94,expires_worthless
10008414,0.0715,Short Call,2024-12-26,2025-01-22,1,4.1,10000.0,4.073,3.886,0.073,0.0,713.4,expires_worthless
10008415,0.0404,Short Call,2024-12-26,2025-01-22,2,4.2,10000.0,4.073,3.886,0.0412,0.0,401.76,expires_worthless
10008416,0.0223,Short Call,2024-12-26,2025-01-22,3,4.3,10000.0,4.073,3.886,0.0228,0.0,221.44,expires_worthless
10008417,0.0125,Short Call,2024-12-26,2025-01-22,4,4.4,10000.0,4.073,3.886,0.0128,0.0,123.44,expires_worthless
10008559,0.0079,Short Call,2024-12-26,2025-01-22,5,4.5,10000.0,4.073,3.886,0.0081,0.0,77.38,expires_worthless
10008592,0.1329,Short Call,2025-01-23,2025-02-26,0,3.8,10000.0,3.897,4.054,0.1356,0.254,-1213.12,assigned ETF=4.0540 K=3.8000
10008593,0.081,Short Call,2025-01-23,2025-02-26,1,3.9,10000.0,3.897,4.054,0.0827,0.154,-731.54,assigned ETF=4.0540 K=3.9000
10008594,0.0466,Short Call,2025-01-23,2025-02-26,2,4.0,10000.0,3.897,4.054,0.0475,0.054,-76.5,assigned ETF=4.0540 K=4.0000
10008595,0.0263,Short Call,2025-01-23,2025-02-26,3,4.1,10000.0,3.897,4.054,0.0268,0.0,260.64,expires_worthless
10008596,0.0159,Short Call,2025-01-23,2025-02-26,4,4.2,10000.0,3.897,4.054,0.0162,0.0,156.76,expires_worthless
10008597,0.0096,Short Call,2025-01-23,2025-02-26,5,4.3,10000.0,3.897,4.054,0.0098,0.0,94.04,expires_worthless
10007969,0.1077,Short Call,2025-02-27,2025-03-26,0,4.0,10000.0,4.067,4.013,0.1099,0.013,945.02,assigned ETF=4.0130 K=4.0000
10008013,0.0556,Short Call,2025-02-27,2025-03-26,1,4.1,10000.0,4.067,4.013,0.0567,0.0,553.66,expires_worthless
10008014,0.0275,Short Call,2025-02-27,2025-03-26,2,4.2,10000.0,4.067,4.013,0.0281,0.0,273.38,expires_worthless
10008015,0.0137,Short Call,2025-02-27,2025-03-26,3,4.3,10000.0,4.067,4.013,0.014,0.0,135.2,expires_worthless
10008089,0.0077,Short Call,2025-02-27,2025-03-26,4,4.4,10000.0,4.067,4.013,0.0079,0.0,75.42,expires_worthless
10008090,0.0048,Short Call,2025-02-27,2025-03-26,5,4.5,10000.0,4.067,4.013,0.0049,0.0,46.02,expires_worthless
10008952,0.0724,Short Call,2025-03-27,2025-04-23,0,4.0,10000.0,4.027,3.882,0.0739,0.0,722.22,expires_worthless
10008953,0.0313,Short Call,2025-03-27,2025-04-23,1,4.1,10000.0,4.027,3.882,0.0319,0.0,310.62,expires_worthless
10008954,0.0125,Short Call,2025-03-27,2025-04-23,2,4.2,10000.0,4.027,3.882,0.0128,0.0,123.44,expires_worthless
10008955,0.0059,Short Call,2025-03-27,2025-04-23,3,4.3,10000.0,4.027,3.882,0.006,0.0,56.8,expires_worthless
10008956,0.0031,Short Call,2025-03-27,2025-04-23,4,4.4,10000.0,4.027,3.882,0.0032,0.0,29.36,expires_worthless
10008957,0.0022,Short Call,2025-03-27,2025-04-23,5,4.5,10000.0,4.027,3.882,0.0022,0.0,19.56,expires_worthless
10009071,0.111,Short Call,2025-04-24,2025-05-28,0,3.8,10000.0,3.882,3.942,0.1133,0.142,-311.66,assigned ETF=3.9420 K=3.8000
10009072,0.0546,Short Call,2025-04-24,2025-05-28,1,3.9,10000.0,3.882,3.942,0.0557,0.042,123.86,assigned ETF=3.9420 K=3.9000
10009073,0.0235,Short Call,2025-04-24,2025-05-28,2,4.0,10000.0,3.882,3.942,0.024,0.0,233.2,expires_worthless
10009074,0.0103,Short Call,2025-04-24,2025-05-28,3,4.1,10000.0,3.882,3.942,0.0105,0.0,100.9,expires_worthless
10009075,0.0062,Short Call,2025-04-24,2025-05-28,4,4.2,10000.0,3.882,3.942,0.0063,0.0,59.74,expires_worthless
10009076,0.0038,Short Call,2025-04-24,2025-05-28,5,4.3,10000.0,3.882,3.942,0.0039,0.0,36.22,expires_worthless
10008281,0.0907,Short Call,2025-05-29,2025-06-25,0,3.9,10000.0,3.966,4.001,0.0926,0.101,-104.52,assigned ETF=4.0010 K=3.9000
10008282,0.039,Short Call,2025-05-29,2025-06-25,1,4.0,10000.0,3.966,4.001,0.0398,0.001,378.04,assigned ETF=4.0010 K=4.0000
10008283,0.0141,Short Call,2025-05-29,2025-06-25,2,4.1,10000.0,3.966,4.001,0.0144,0.0,139.12,expires_worthless
10008284,0.0068,Short Call,2025-05-29,2025-06-25,3,4.2,10000.0,3.966,4.001,0.0069,0.0,65.62,expires_worthless
10008285,0.0037,Short Call,2025-05-29,2025-06-25,4,4.3,10000.0,3.966,4.001,0.0038,0.0,35.24,expires_worthless
10008286,0.0028,Short Call,2025-05-29,2025-06-25,5,4.4,10000.0,3.966,4.001,0.0029,0.0,26.42,expires_worthless
10009346,0.1025,Short Call,2025-06-26,2025-07-23,0,3.912,10226.0,3.986,4.199,0.1046,0.287,-1888.62,assigned ETF=4.1990 K=3.9120
10009442,0.0541,Short Call,2025-06-26,2025-07-23,1,4.0,10000.0,3.986,4.199,0.0552,0.199,-1451.04,assigned ETF=4.1990 K=4.0000
10009347,0.0499,Short Call,2025-06-26,2025-07-23,2,4.009,10226.0,3.986,4.199,0.0509,0.19,-1434.85,assigned ETF=4.1990 K=4.0090
10009443,0.0237,Short Call,2025-06-26,2025-07-23,3,4.1,10000.0,3.986,4.199,0.0242,0.099,-754.84,assigned ETF=4.1990 K=4.1000
10009348,0.023,Short Call,2025-06-26,2025-07-23,4,4.107,10226.0,3.986,4.199,0.0235,0.092,-707.29,assigned ETF=4.1990 K=4.1070
10009444,0.0113,Short Call,2025-06-26,2025-07-23,5,4.2,10000.0,3.986,4.199,0.0115,0.0,110.7,expires_worthless
10009533,0.0972,Short Call,2025-07-24,2025-08-27,0,4.2,10000.0,4.225,4.475,0.0992,0.275,-1779.84,assigned ETF=4.4750 K=4.2000
10009534,0.0564,Short Call,2025-07-24,2025-08-27,1,4.3,10000.0,4.225,4.475,0.0576,0.175,-1187.52,assigned ETF=4.4750 K=4.3000
10009535,0.033,Short Call,2025-07-24,2025-08-27,2,4.4,10000.0,4.225,4.475,0.0337,0.075,-421.74,assigned ETF=4.4750 K=4.4000
10009605,0.0199,Short Call,2025-07-24,2025-08-27,3,4.5,10000.0,4.225,4.475,0.0203,0.0,196.94,expires_worthless
10009627,0.0123,Short Call,2025-07-24,2025-08-27,4,4.6,10000.0,4.225,4.475,0.0126,0.0,121.48,expires_worthless
10009607,0.143,Short Call,2025-08-28,2025-09-24,0,4.5,10000.0,4.559,4.663,0.1459,0.163,-202.18,assigned ETF=4.6630 K=4.5000
10009629,0.098,Short Call,2025-08-28,2025-09-24,1,4.6,10000.0,4.559,4.663,0.1,0.063,348.0,assigned ETF=4.6630 K=4.6000
10009759,0.0676,Short Call,2025-08-28,2025-09-24,2,4.7,10000.0,4.559,4.663,0.069,0.0,674.2,expires_worthless
10009795,0.0484,Short Call,2025-08-28,2025-09-24,3,4.8,10000.0,4.559,4.663,0.0494,0.0,482.12,expires_worthless
10009819,0.0355,Short Call,2025-08-28,2025-09-24,4,4.9,10000.0,4.559,4.663,0.0362,0.0,352.76,expires_worthless
10009867,0.0239,Short Call,2025-08-28,2025-09-24,5,5.0,10000.0,4.559,4.663,0.0244,0.0,237.12,expires_worthless
10009912,0.1348,Short Call,2025-09-25,2025-10-22,0,4.6,10000.0,4.695,4.695,0.1376,0.095,396.48,assigned ETF=4.6950 K=4.6000
10009913,0.0771,Short Call,2025-09-25,2025-10-22,1,4.7,10000.0,4.695,4.695,0.0787,0.0,769.26,expires_worthless
10009914,0.0405,Short Call,2025-09-25,2025-10-22,2,4.8,10000.0,4.695,4.695,0.0413,0.0,402.74,expires_worthless
10009915,0.0195,Short Call,2025-09-25,2025-10-22,3,4.9,10000.0,4.695,4.695,0.0199,0.0,193.02,expires_worthless
10009979,0.0106,Short Call,2025-09-25,2025-10-22,4,5.0,10000.0,4.695,4.695,0.0108,0.0,103.84,expires_worthless
10010025,0.0051,Short Call,2025-09-25,2025-10-22,5,5.25,10000.0,4.695,4.695,0.0052,0.0,48.96,expires_worthless
10010087,0.1019,Short Call,2025-10-23,2025-11-26,0,4.7,10000.0,4.713,4.626,0.104,0.0,1017.2,expires_worthless
10010088,0.0597,Short Call,2025-10-23,2025-11-26,1,4.8,10000.0,4.713,4.626,0.0609,0.0,594.82,expires_worthless
10010089,0.0342,Short Call,2025-10-23,2025-11-26,2,4.9,10000.0,4.713,4.626,0.0349,0.0,340.02,expires_worthless
10010090,0.0175,Short Call,2025-10-23,2025-11-26,3,5.0,10000.0,4.713,4.626,0.0179,0.0,173.42,expires_worthless
10010091,0.0047,Short Call,2025-10-23,2025-11-26,4,5.25,10000.0,4.713,4.626,0.0048,0.0,45.04,expires_worthless
10010177,0.0019,Short Call,2025-10-23,2025-11-26,5,5.5,10000.0,4.713,4.626,0.0019,0.0,16.62,expires_worthless
10009631,0.0729,Short Call,2025-11-27,2025-12-24,0,4.6,10000.0,4.622,4.757,0.0744,0.157,-842.88,assigned ETF=4.7570 K=4.6000
10009761,0.0319,Short Call,2025-11-27,2025-12-24,1,4.7,10000.0,4.622,4.757,0.0325,0.057,-253.5,assigned ETF=4.7570 K=4.7000
10009797,0.012,Short Call,2025-11-27,2025-12-24,2,4.8,10000.0,4.622,4.757,0.0122,0.0,117.56,expires_worthless
10009821,0.0046,Short Call,2025-11-27,2025-12-24,3,4.9,10000.0,4.622,4.757,0.0047,0.0,44.06,expires_worthless
10009869,0.0024,Short Call,2025-11-27,2025-12-24,4,5.0,10000.0,4.622,4.757,0.0025,0.0,22.5,expires_worthless
10010027,0.0013,Short Call,2025-11-27,2025-12-24,5,5.25,10000.0,4.622,4.757,0.0013,0.0,10.74,expires_worthless
10010464,0.1119,Short Call,2025-12-25,2026-01-28,0,4.7,10000.0,4.766,4.725,0.1142,0.025,867.16,assigned ETF=4.7250 K=4.7000
10010465,0.0598,Short Call,2025-12-25,2026-01-28,1,4.8,10000.0,4.766,4.725,0.061,0.0,595.8,expires_worthless
10010466,0.0299,Short Call,2025-12-25,2026-01-28,2,4.9,10000.0,4.766,4.725,0.0305,0.0,296.9,expires_worthless
10010467,0.0138,Short Call,2025-12-25,2026-01-28,3,5.0,10000.0,4.766,4.725,0.0141,0.0,136.18,expires_worthless
10010533,0.0036,Short Call,2025-12-25,2026-01-28,4,5.25,10000.0,4.766,4.725,0.0037,0.0,34.26,expires_worthless
10010623,0.0012,Short Call,2025-12-25,2026-01-28,5,5.5,10000.0,4.766,4.725,0.0012,0.0,9.76,expires_worthless
10010889,0.1225,Short Call,2026-01-29,2026-02-25,0,4.7,10000.0,4.768,4.75,0.125,0.05,723.0,assigned ETF=4.7500 K=4.7000
10010650,0.0814,Short Call,2026-01-29,2026-02-25,1,4.776,10260.0,4.768,4.75,0.0831,0.0,833.55,expires_worthless
10010890,0.071,Short Call,2026-01-29,2026-02-25,2,4.8,10000.0,4.768,4.75,0.0725,0.0,708.5,expires_worthless
10010651,0.0475,Short Call,2026-01-29,2026-02-25,3,4.873,10260.0,4.768,4.75,0.0485,0.0,485.66,expires_worthless
10010891,0.0408,Short Call,2026-01-29,2026-02-25,4,4.9,10000.0,4.768,4.75,0.0416,0.0,405.68,expires_worthless
10010892,0.0233,Short Call,2026-01-29,2026-02-25,5,5.0,10000.0,4.768,4.75,0.0238,0.0,231.24,expires_worthless
10010907,0.0794,Short Call,2026-02-26,2026-03-25,0,4.7,10000.0,4.735,4.544,0.081,0.0,791.8,expires_worthless
10009823,0.0449,Short Call,2026-02-26,2026-03-25,1,4.776,10260.0,4.735,4.544,0.0458,0.0,458.51,expires_worthless
10010908,0.0366,Short Call,2026-02-26,2026-03-25,2,4.8,10000.0,4.735,4.544,0.0373,0.0,363.54,expires_worthless
10009871,0.02,Short Call,2026-02-26,2026-03-25,3,4.873,10260.0,4.735,4.544,0.0204,0.0,203.12,expires_worthless
10010909,0.0155,Short Call,2026-02-26,2026-03-25,4,4.9,10000.0,4.735,4.544,0.0158,0.0,152.84,expires_worthless
10010910,0.0071,Short Call,2026-02-26,2026-03-25,5,5.0,10000.0,4.735,4.544,0.0072,0.0,68.56,expires_worthless
10011121,0.127,Short Call,2026-03-26,2026-04-22,0,4.4,10000.0,4.488,4.811,0.1296,0.411,-2841.92,assigned ETF=4.8110 K=4.4000
10011122,0.0692,Short Call,2026-03-26,2026-04-22,1,4.5,10000.0,4.488,4.811,0.0706,0.311,-2420.12,assigned ETF=4.8110 K=4.5000
10011123,0.0319,Short Call,2026-03-26,2026-04-22,2,4.6,10000.0,4.488,4.811,0.0325,0.211,-1793.5,assigned ETF=4.8110 K=4.6000
10011124,0.0132,Short Call,2026-03-26,2026-04-22,3,4.7,10000.0,4.488,4.811,0.0135,0.111,-979.7,assigned ETF=4.8110 K=4.7000
10011125,0.006,Short Call,2026-03-26,2026-04-22,4,4.8,10000.0,4.488,4.811,0.0061,0.011,-52.22,assigned ETF=4.8110 K=4.8000
10011126,0.0032,Short Call,2026-03-26,2026-04-22,5,4.9,10000.0,4.488,4.811,0.0033,0.0,30.34,expires_worthless
10011316,0.0743,Short Call,2026-04-23,2026-05-27,0,4.8,10000.0,4.801,4.932,0.0758,0.132,-579.16,assigned ETF=4.9320 K=4.8000
10011317,0.0366,Short Call,2026-04-23,2026-05-27,1,4.9,10000.0,4.801,4.932,0.0373,0.032,43.54,assigned ETF=4.9320 K=4.9000
10011401,0.0185,Short Call,2026-04-23,2026-05-27,2,5.0,10000.0,4.801,4.932,0.0189,0.0,183.22,expires_worthless
10011409,0.0052,Short Call,2026-04-23,2026-05-27,3,5.25,10000.0,4.801,4.932,0.0053,0.0,49.94,expires_worthless
10011417,0.0022,Short Call,2026-04-23,2026-05-27,4,5.5,10000.0,4.801,4.932,0.0022,0.0,19.56,expires_worthless
10010927,0.092,Short Call,2026-05-28,2026-06-24,0,4.9,10000.0,4.932,4.784,0.0939,0.0,918.22,expires_worthless
10010928,0.0513,Short Call,2026-05-28,2026-06-24,1,5.0,10000.0,4.932,4.784,0.0523,0.0,510.54,expires_worthless
10010321,0.0246,Short Call,2026-05-28,2026-06-24,2,5.117,10260.0,4.932,4.784,0.0251,0.0,250.38,expires_worthless
10010929,0.0117,Short Call,2026-05-28,2026-06-24,3,5.25,10000.0,4.932,4.784,0.0119,0.0,114.62,expires_worthless
10010391,0.0068,Short Call,2026-05-28,2026-06-24,4,5.361,10260.0,4.932,4.784,0.0069,0.0,67.38,expires_worthless
10011067,0.0046,Short Call,2026-05-28,2026-06-24,5,5.5,10000.0,4.932,4.784,0.0047,0.0,44.06,expires_worthless
10002562,0.1295,Long Put,2020-06-29,2020-07-22,0,4.2,10000.0,4.128,4.792,0.127,0.0,-1297.4,expires_worthless
10002561,0.0712,Long Put,2020-06-29,2020-07-22,1,4.1,10000.0,4.128,4.792,0.0698,0.0,-713.96,expires_worthless
10002560,0.0348,Long Put,2020-06-29,2020-07-22,2,4.0,10000.0,4.128,4.792,0.0341,0.0,-349.82,expires_worthless
10002559,0.0154,Long Put,2020-06-29,2020-07-22,3,3.9,10000.0,4.128,4.792,0.0151,0.0,-156.02,expires_worthless
10002558,0.0093,Long Put,2020-06-29,2020-07-22,4,3.8,10000.0,4.128,4.792,0.0091,0.0,-94.82,expires_worthless
10002557,0.005,Long Put,2020-06-29,2020-07-22,5,3.7,10000.0,4.128,4.792,0.0049,0.0,-51.98,expires_worthless
10002648,0.1835,Long Put,2020-07-23,2020-08-26,0,4.8,10000.0,4.766,4.763,0.1799,0.037,-1466.98,exercised ETF=4.7630 K=4.8000
10002632,0.1295,Long Put,2020-07-23,2020-08-26,1,4.7,10000.0,4.766,4.763,0.127,0.0,-1297.4,expires_worthless
10002620,0.0894,Long Put,2020-07-23,2020-08-26,2,4.6,10000.0,4.766,4.763,0.0876,0.0,-895.52,expires_worthless
10002619,0.0593,Long Put,2020-07-23,2020-08-26,3,4.5,10000.0,4.766,4.763,0.0581,0.0,-594.62,expires_worthless
10002618,0.0382,Long Put,2020-07-23,2020-08-26,4,4.4,10000.0,4.766,4.763,0.0375,0.0,-384.5,expires_worthless
10002617,0.0225,Long Put,2020-07-23,2020-08-26,5,4.3,10000.0,4.766,4.763,0.0221,0.0,-227.42,expires_worthless
10002650,0.1452,Long Put,2020-08-27,2020-09-23,0,4.8,10000.0,4.799,4.713,0.1424,0.087,-584.48,exercised ETF=4.7130 K=4.8000
10002634,0.0981,Long Put,2020-08-27,2020-09-23,1,4.7,10000.0,4.799,4.713,0.0962,0.0,-983.24,expires_worthless
10002384,0.0608,Long Put,2020-08-27,2020-09-23,2,4.6,10000.0,4.799,4.713,0.0596,0.0,-609.92,expires_worthless
10002266,0.0375,Long Put,2020-08-27,2020-09-23,3,4.5,10000.0,4.799,4.713,0.0368,0.0,-377.36,expires_worthless
10002265,0.0215,Long Put,2020-08-27,2020-09-23,4,4.4,10000.0,4.799,4.713,0.0211,0.0,-217.22,expires_worthless
10002264,0.0119,Long Put,2020-08-27,2020-09-23,5,4.3,10000.0,4.799,4.713,0.0117,0.0,-121.34,expires_worthless
10002801,0.1737,Long Put,2020-09-24,2020-10-28,0,4.7,10000.0,4.636,4.804,0.1703,0.0,-1739.06,expires_worthless
10002800,0.1218,Long Put,2020-09-24,2020-10-28,1,4.6,10000.0,4.636,4.804,0.1194,0.0,-1219.88,expires_worthless
10002799,0.0765,Long Put,2020-09-24,2020-10-28,2,4.5,10000.0,4.636,4.804,0.075,0.0,-767.0,expires_worthless
10002798,0.0508,Long Put,2020-09-24,2020-10-28,3,4.4,10000.0,4.636,4.804,0.0498,0.0,-509.96,expires_worthless
10002812,0.0319,Long Put,2020-09-24,2020-10-28,4,4.3,10000.0,4.636,4.804,0.0313,0.0,-321.26,expires_worthless
10002814,0.0195,Long Put,2020-09-24,2020-10-28,5,4.2,10000.0,4.636,4.804,0.0191,0.0,-196.82,expires_worthless
10002848,0.1467,Long Put,2020-10-29,2020-11-25,0,4.9,10000.0,4.848,4.978,0.1438,0.0,-1468.76,expires_worthless
10002847,0.0917,Long Put,2020-10-29,2020-11-25,1,4.8,10000.0,4.848,4.978,0.0899,0.0,-918.98,expires_worthless
10002846,0.0536,Long Put,2020-10-29,2020-11-25,2,4.7,10000.0,4.848,4.978,0.0525,0.0,-537.5,expires_worthless
10002845,0.03,Long Put,2020-10-29,2020-11-25,3,4.6,10000.0,4.848,4.978,0.0294,0.0,-301.88,expires_worthless
10002844,0.0175,Long Put,2020-10-29,2020-11-25,4,4.5,10000.0,4.848,4.978,0.0172,0.0,-177.44,expires_worthless
10002843,0.0095,Long Put,2020-10-29,2020-11-25,5,4.4,10000.0,4.848,4.978,0.0093,0.0,-96.86,expires_worthless
10002714,0.1011,Long Put,2020-11-26,2020-12-23,0,5.0,10000.0,4.985,5.074,0.0991,0.0,-1012.82,expires_worthless
10002668,0.0562,Long Put,2020-11-26,2020-12-23,1,4.9,10000.0,4.985,5.074,0.0551,0.0,-564.02,expires_worthless
10002652,0.0287,Long Put,2020-11-26,2020-12-23,2,4.8,10000.0,4.985,5.074,0.0281,0.0,-288.62,expires_worthless
10002636,0.0135,Long Put,2020-11-26,2020-12-23,3,4.7,10000.0,4.985,5.074,0.0132,0.0,-136.64,expires_worthless
10002584,0.0073,Long Put,2020-11-26,2020-12-23,4,4.6,10000.0,4.985,5.074,0.0072,0.0,-75.44,expires_worthless
10002576,0.0043,Long Put,2020-11-26,2020-12-23,5,4.5,10000.0,4.985,5.074,0.0042,0.0,-44.84,expires_worthless
10002945,0.2213,Long Put,2020-12-24,2021-01-27,0,5.25,10000.0,5.074,5.521,0.217,0.0,-2215.4,expires_worthless
10002944,0.0707,Long Put,2020-12-24,2021-01-27,1,5.0,10000.0,5.074,5.521,0.0693,0.0,-708.86,expires_worthless
10002943,0.0403,Long Put,2020-12-24,2021-01-27,2,4.9,10000.0,5.074,5.521,0.0395,0.0,-404.9,expires_worthless
10002942,0.0219,Long Put,2020-12-24,2021-01-27,3,4.8,10000.0,5.074,5.521,0.0215,0.0,-221.3,expires_worthless
10002941,0.0118,Long Put,2020-12-24,2021-01-27,4,4.7,10000.0,5.074,5.521,0.0116,0.0,-120.32,expires_worthless
10002940,0.0074,Long Put,2020-12-24,2021-01-27,5,4.6,10000.0,5.074,5.521,0.0073,0.0,-76.46,expires_worthless
10003078,0.1575,Long Put,2021-01-28,2021-02-24,0,5.428,10132.0,5.385,5.427,0.1544,0.001,-1587.54,exercised ETF=5.4270 K=5.4280
10003155,0.075,Long Put,2021-01-28,2021-02-24,1,5.25,10000.0,5.385,5.427,0.0735,0.0,-751.7,expires_worthless
10003077,0.0539,Long Put,2021-01-28,2021-02-24,2,5.182,10132.0,5.385,5.427,0.0528,0.0,-547.67,expires_worthless
10003154,0.0237,Long Put,2021-01-28,2021-02-24,3,5.0,10000.0,5.385,5.427,0.0232,0.0,-238.64,expires_worthless
10003076,0.017,Long Put,2021-01-28,2021-02-24,4,4.935,10132.0,5.385,5.427,0.0167,0.0,-174.59,expires_worthless
10003153,0.0143,Long Put,2021-01-28,2021-02-24,5,4.9,10000.0,5.385,5.427,0.014,0.0,-144.8,expires_worthless
10003174,0.151,Long Put,2021-02-25,2021-03-24,0,5.5,10000.0,5.478,4.933,0.148,0.567,4158.4,exercised ETF=4.9330 K=5.5000
10002760,0.1142,Long Put,2021-02-25,2021-03-24,1,5.428,10132.0,5.478,4.933,0.112,0.495,3855.86,exercised ETF=4.9330 K=5.4280
10003173,0.0547,Long Put,2021-02-25,2021-03-24,2,5.25,10000.0,5.478,4.933,0.0536,0.317,2621.28,exercised ETF=4.9330 K=5.2500
10002759,0.0399,Long Put,2021-02-25,2021-03-24,3,5.182,10132.0,5.478,4.933,0.0391,0.249,2116.78,exercised ETF=4.9330 K=5.1820
10003172,0.0168,Long Put,2021-02-25,2021-03-24,4,5.0,10000.0,5.478,4.933,0.0165,0.067,499.7,exercised ETF=4.9330 K=5.0000
10002758,0.011,Long Put,2021-02-25,2021-03-24,5,4.935,10132.0,5.478,4.933,0.0108,0.002,-93.35,exercised ETF=4.9330 K=4.9350
10003292,0.1632,Long Put,2021-03-25,2021-04-28,0,5.0,10000.0,4.929,5.127,0.16,0.0,-1634.0,expires_worthless
10003291,0.1071,Long Put,2021-03-25,2021-04-28,1,4.9,10000.0,4.929,5.127,0.105,0.0,-1073.0,expires_worthless
10003290,0.0707,Long Put,2021-03-25,2021-04-28,2,4.8,10000.0,4.929,5.127,0.0693,0.0,-708.86,expires_worthless
10003302,0.0441,Long Put,2021-03-25,2021-04-28,3,4.7,10000.0,4.929,5.127,0.0432,0.0,-442.64,expires_worthless
10003310,0.0278,Long Put,2021-03-25,2021-04-28,4,4.6,10000.0,4.929,5.127,0.0273,0.0,-280.46,expires_worthless
10003320,0.0167,Long Put,2021-03-25,2021-04-28,5,4.5,10000.0,4.929,5.127,0.0164,0.0,-169.28,expires_worthless
10003358,0.155,Long Put,2021-04-29,2021-05-26,0,5.25,10000.0,5.173,5.328,0.152,0.0,-1552.4,expires_worthless
10003357,0.0429,Long Put,2021-04-29,2021-05-26,1,5.0,10000.0,5.173,5.328,0.0421,0.0,-431.42,expires_worthless
10003356,0.024,Long Put,2021-04-29,2021-05-26,2,4.9,10000.0,5.173,5.328,0.0235,0.0,-241.7,expires_worthless
10003355,0.0138,Long Put,2021-04-29,2021-05-26,3,4.8,10000.0,5.173,5.328,0.0135,0.0,-139.7,expires_worthless
10003354,0.0076,Long Put,2021-04-29,2021-05-26,4,4.7,10000.0,5.173,5.328,0.0075,0.0,-78.5,expires_worthless
10003353,0.0044,Long Put,2021-04-29,2021-05-26,5,4.6,10000.0,5.173,5.328,0.0043,0.0,-45.86,expires_worthless
10002894,0.165,Long Put,2021-05-27,2021-06-23,0,5.428,10132.0,5.347,5.176,0.1618,0.252,879.12,exercised ETF=5.1760 K=5.4280
10003191,0.0744,Long Put,2021-05-27,2021-06-23,1,5.25,10000.0,5.347,5.176,0.0729,0.074,-5.58,exercised ETF=5.1760 K=5.2500
10002893,0.0501,Long Put,2021-05-27,2021-06-23,2,5.182,10132.0,5.347,5.176,0.0491,0.006,-448.64,exercised ETF=5.1760 K=5.1820
10003190,0.0185,Long Put,2021-05-27,2021-06-23,3,5.0,10000.0,5.347,5.176,0.0181,0.0,-186.62,expires_worthless
10002892,0.0122,Long Put,2021-05-27,2021-06-23,4,4.935,10132.0,5.347,5.176,0.012,0.0,-126.02,expires_worthless
10003189,0.0099,Long Put,2021-05-27,2021-06-23,5,4.9,10000.0,5.347,5.176,0.0097,0.0,-100.94,expires_worthless
10003446,0.1315,Long Put,2021-06-24,2021-07-28,0,5.25,10000.0,5.189,4.819,0.1289,0.431,2993.22,exercised ETF=4.8190 K=5.2500
10003445,0.0326,Long Put,2021-06-24,2021-07-28,1,5.0,10000.0,5.189,4.819,0.032,0.181,1481.6,exercised ETF=4.8190 K=5.0000
10003444,0.0172,Long Put,2021-06-24,2021-07-28,2,4.9,10000.0,5.189,4.819,0.0169,0.081,635.62,exercised ETF=4.8190 K=4.9000
10003443,0.0089,Long Put,2021-06-24,2021-07-28,3,4.8,10000.0,5.189,4.819,0.0087,0.0,-90.74,expires_worthless
10003442,0.0051,Long Put,2021-06-24,2021-07-28,4,4.7,10000.0,5.189,4.819,0.005,0.0,-53.0,expires_worthless
10003458,0.0027,Long Put,2021-06-24,2021-07-28,5,4.6,10000.0,5.189,4.819,0.0026,0.0,-28.52,expires_worthless
10003491,0.1663,Long Put,2021-07-29,2021-08-25,0,5.0,10000.0,4.906,4.971,0.163,0.029,-1374.6,exercised ETF=4.9710 K=5.0000
10003490,0.1052,Long Put,2021-07-29,2021-08-25,1,4.9,10000.0,4.906,4.971,0.1031,0.0,-1053.62,expires_worthless
10003489,0.063,Long Put,2021-07-29,2021-08-25,2,4.8,10000.0,4.906,4.971,0.0618,0.0,-632.36,expires_worthless
10003488,0.0345,Long Put,2021-07-29,2021-08-25,3,4.7,10000.0,4.906,4.971,0.0338,0.0,-346.76,expires_worthless
10003500,0.0189,Long Put,2021-07-29,2021-08-25,4,4.6,10000.0,4.906,4.971,0.0185,0.0,-190.7,expires_worthless
10003524,0.0103,Long Put,2021-07-29,2021-08-25,5,4.5,10000.0,4.906,4.971,0.0101,0.0,-105.02,expires_worthless
10003233,0.1184,Long Put,2021-08-26,2021-09-22,0,4.9,10000.0,4.886,4.895,0.1161,0.005,-1136.22,exercised ETF=4.8950 K=4.9000
10003232,0.0728,Long Put,2021-08-26,2021-09-22,1,4.8,10000.0,4.886,4.895,0.0714,0.0,-730.28,expires_worthless
10003250,0.0417,Long Put,2021-08-26,2021-09-22,2,4.7,10000.0,4.886,4.895,0.0409,0.0,-419.18,expires_worthless
10003314,0.0226,Long Put,2021-08-26,2021-09-22,3,4.6,10000.0,4.886,4.895,0.0222,0.0,-228.44,expires_worthless
10003324,0.0124,Long Put,2021-08-26,2021-09-22,4,4.5,10000.0,4.886,4.895,0.0122,0.0,-126.44,expires_worthless
10003526,0.0064,Long Put,2021-08-26,2021-09-22,5,4.4,10000.0,4.886,4.895,0.0063,0.0,-66.26,expires_worthless
10003612,0.1625,Long Put,2021-09-23,2021-10-27,0,5.0,10000.0,4.924,4.97,0.1593,0.03,-1326.86,exercised ETF=4.9700 K=5.0000
10003611,0.1071,Long Put,2021-09-23,2021-10-27,1,4.9,10000.0,4.924,4.97,0.105,0.0,-1073.0,expires_worthless
10003610,0.0655,Long Put,2021-09-23,2021-10-27,2,4.8,10000.0,4.924,4.97,0.0642,0.0,-656.84,expires_worthless
10003609,0.0372,Long Put,2021-09-23,2021-10-27,3,4.7,10000.0,4.924,4.97,0.0365,0.0,-374.3,expires_worthless
10003608,0.0218,Long Put,2021-09-23,2021-10-27,4,4.6,10000.0,4.924,4.97,0.0214,0.0,-220.28,expires_worthless
10003620,0.0109,Long Put,2021-09-23,2021-10-27,5,4.5,10000.0,4.924,4.97,0.0107,0.0,-111.14,expires_worthless
10003655,0.1162,Long Put,2021-10-28,2021-11-24,0,5.0,10000.0,4.949,4.997,0.1139,0.003,-1133.78,exercised ETF=4.9970 K=5.0000
10003654,0.0685,Long Put,2021-10-28,2021-11-24,1,4.9,10000.0,4.949,4.997,0.0672,0.0,-687.44,expires_worthless
10003653,0.0364,Long Put,2021-10-28,2021-11-24,2,4.8,10000.0,4.949,4.997,0.0357,0.0,-366.14,expires_worthless
10003652,0.0184,Long Put,2021-10-28,2021-11-24,3,4.7,10000.0,4.949,4.997,0.018,0.0,-185.6,expires_worthless
10003651,0.008,Long Put,2021-10-28,2021-11-24,4,4.6,10000.0,4.949,4.997,0.0078,0.0,-81.56,expires_worthless
10003650,0.0045,Long Put,2021-10-28,2021-11-24,5,4.5,10000.0,4.949,4.997,0.0044,0.0,-46.88,expires_worthless
10003403,0.0933,Long Put,2021-11-25,2021-12-22,0,5.0,10000.0,4.978,4.982,0.0915,0.018,-755.3,exercised ETF=4.9820 K=5.0000
10003402,0.0483,Long Put,2021-11-25,2021-12-22,1,4.9,10000.0,4.978,4.982,0.0474,0.0,-485.48,expires_worthless
10003401,0.0232,Long Put,2021-11-25,2021-12-22,2,4.8,10000.0,4.978,4.982,0.0227,0.0,-233.54,expires_worthless
10003400,0.0108,Long Put,2021-11-25,2021-12-22,3,4.7,10000.0,4.978,4.982,0.0106,0.0,-110.12,expires_worthless
10003412,0.0053,Long Put,2021-11-25,2021-12-22,4,4.6,10000.0,4.978,4.982,0.0052,0.0,-55.04,expires_worthless
10003530,0.003,Long Put,2021-11-25,2021-12-22,5,4.5,10000.0,4.978,4.982,0.0029,0.0,-31.58,expires_worthless
10003741,0.2373,Long Put,2021-12-23,2022-01-26,0,5.25,10000.0,5.02,4.706,0.2326,0.544,3065.48,exercised ETF=4.7060 K=5.2500
10003740,0.0663,Long Put,2021-12-23,2022-01-26,1,5.0,10000.0,5.02,4.706,0.065,0.294,2275.0,exercised ETF=4.7060 K=5.0000
10003739,0.0333,Long Put,2021-12-23,2022-01-26,2,4.9,10000.0,5.02,4.706,0.0326,0.194,1605.48,exercised ETF=4.7060 K=4.9000
10003738,0.0164,Long Put,2021-12-23,2022-01-26,3,4.8,10000.0,5.02,4.706,0.0161,0.094,773.78,exercised ETF=4.7060 K=4.8000
10003737,0.008,Long Put,2021-12-23,2022-01-26,4,4.7,10000.0,5.02,4.706,0.0078,0.0,-81.56,expires_worthless
10003736,0.0041,Long Put,2021-12-23,2022-01-26,5,4.6,10000.0,5.02,4.706,0.004,0.0,-42.8,expires_worthless
10003869,0.0894,Long Put,2022-01-27,2022-02-23,0,4.628,10156.0,4.625,4.615,0.0876,0.013,-777.43,exercised ETF=4.6150 K=4.6280
10003924,0.0799,Long Put,2022-01-27,2022-02-23,1,4.6,10000.0,4.625,4.615,0.0783,0.0,-800.66,expires_worthless
10003868,0.0566,Long Put,2022-01-27,2022-02-23,2,4.529,10156.0,4.625,4.615,0.0555,0.0,-576.93,expires_worthless
10003923,0.0441,Long Put,2022-01-27,2022-02-23,3,4.5,10000.0,4.625,4.615,0.0432,0.0,-442.64,expires_worthless
10003880,0.0333,Long Put,2022-01-27,2022-02-23,4,4.431,10156.0,4.625,4.615,0.0326,0.0,-339.71,expires_worthless
10003922,0.0267,Long Put,2022-01-27,2022-02-23,5,4.4,10000.0,4.625,4.615,0.0262,0.0,-269.24,expires_worthless
10003942,0.1206,Long Put,2022-02-24,2022-03-23,0,4.6,10000.0,4.53,4.273,0.1182,0.327,2062.36,exercised ETF=4.2730 K=4.6000
10003560,0.0815,Long Put,2022-02-24,2022-03-23,1,4.529,10156.0,4.53,4.273,0.0799,0.256,1770.24,exercised ETF=4.2730 K=4.5290
10003941,0.0697,Long Put,2022-02-24,2022-03-23,2,4.5,10000.0,4.53,4.273,0.0683,0.227,1571.34,exercised ETF=4.2730 K=4.5000
10003559,0.0448,Long Put,2022-02-24,2022-03-23,3,4.431,10156.0,4.53,4.273,0.0439,0.158,1147.88,exercised ETF=4.2730 K=4.4310
10003940,0.0387,Long Put,2022-02-24,2022-03-23,4,4.4,10000.0,4.53,4.273,0.0379,0.127,881.42,exercised ETF=4.2730 K=4.4000
10003558,0.0243,Long Put,2022-02-24,2022-03-23,5,4.332,10156.0,4.53,4.273,0.0238,0.059,350.66,exercised ETF=4.2730 K=4.3320
10004063,0.1446,Long Put,2022-03-24,2022-04-27,0,4.3,10000.0,4.246,3.889,0.1418,0.411,2661.64,exercised ETF=3.8890 K=4.3000
10004062,0.0885,Long Put,2022-03-24,2022-04-27,1,4.2,10000.0,4.246,3.889,0.0868,0.311,2222.64,exercised ETF=3.8890 K=4.2000
10004074,0.0509,Long Put,2022-03-24,2022-04-27,2,4.1,10000.0,4.246,3.889,0.0499,0.211,1599.02,exercised ETF=3.8890 K=4.1000
10004090,0.0285,Long Put,2022-03-24,2022-04-27,3,4.0,10000.0,4.246,3.889,0.0279,0.111,823.42,exercised ETF=3.8890 K=4.0000
10004089,0.0154,Long Put,2022-03-24,2022-04-27,4,3.9,10000.0,4.246,3.889,0.0151,0.011,-46.02,exercised ETF=3.8890 K=3.9000
10004110,0.0091,Long Put,2022-03-24,2022-04-27,5,3.8,10000.0,4.246,3.889,0.0089,0.0,-92.78,expires_worthless
10004191,0.1466,Long Put,2022-04-28,2022-05-25,0,4.0,10000.0,3.915,3.982,0.1437,0.018,-1287.74,exercised ETF=3.9820 K=4.0000
10004190,0.0938,Long Put,2022-04-28,2022-05-25,1,3.9,10000.0,3.915,3.982,0.092,0.0,-940.4,expires_worthless
10004200,0.0582,Long Put,2022-04-28,2022-05-25,2,3.8,10000.0,3.915,3.982,0.0571,0.0,-584.42,expires_worthless
10004204,0.0365,Long Put,2022-04-28,2022-05-25,3,3.7,10000.0,3.915,3.982,0.0358,0.0,-367.16,expires_worthless
10004208,0.0222,Long Put,2022-04-28,2022-05-25,4,3.6,10000.0,3.915,3.982,0.0218,0.0,-224.36,expires_worthless
10004228,0.0139,Long Put,2022-04-28,2022-05-25,5,3.5,10000.0,3.915,3.982,0.0136,0.0,-140.72,expires_worthless
10004094,0.0939,Long Put,2022-05-26,2022-06-22,0,4.0,10000.0,3.992,4.29,0.0921,0.0,-941.42,expires_worthless
10004093,0.0537,Long Put,2022-05-26,2022-06-22,1,3.9,10000.0,3.992,4.29,0.0526,0.0,-538.52,expires_worthless
10004112,0.0292,Long Put,2022-05-26,2022-06-22,2,3.8,10000.0,3.992,4.29,0.0286,0.0,-293.72,expires_worthless
10004158,0.0156,Long Put,2022-05-26,2022-06-22,3,3.7,10000.0,3.992,4.29,0.0153,0.0,-158.06,expires_worthless
10004157,0.008,Long Put,2022-05-26,2022-06-22,4,3.6,10000.0,3.992,4.29,0.0078,0.0,-81.56,expires_worthless
10004232,0.0042,Long Put,2022-05-26,2022-06-22,5,3.5,10000.0,3.992,4.29,0.0041,0.0,-43.82,expires_worthless
10004316,0.1306,Long Put,2022-06-23,2022-07-27,0,4.4,10000.0,4.365,4.276,0.128,0.124,-67.6,exercised ETF=4.2760 K=4.4000
10004315,0.0796,Long Put,2022-06-23,2022-07-27,1,4.3,10000.0,4.365,4.276,0.078,0.024,-557.6,exercised ETF=4.2760 K=4.3000
10004314,0.0436,Long Put,2022-06-23,2022-07-27,2,4.2,10000.0,4.365,4.276,0.0427,0.0,-437.54,expires_worthless
10004313,0.0224,Long Put,2022-06-23,2022-07-27,3,4.1,10000.0,4.365,4.276,0.022,0.0,-226.4,expires_worthless
10004312,0.0112,Long Put,2022-06-23,2022-07-27,4,4.0,10000.0,4.365,4.276,0.011,0.0,-114.2,expires_worthless
10004311,0.006,Long Put,2022-06-23,2022-07-27,5,3.9,10000.0,4.365,4.276,0.0059,0.0,-62.18,expires_worthless
10004372,0.0991,Long Put,2022-07-28,2022-08-24,0,4.3,10000.0,4.279,4.145,0.0972,0.155,556.56,exercised ETF=4.1450 K=4.3000
10004371,0.0554,Long Put,2022-07-28,2022-08-24,1,4.2,10000.0,4.279,4.145,0.0543,0.055,-5.86,exercised ETF=4.1450 K=4.2000
10004370,0.0292,Long Put,2022-07-28,2022-08-24,2,4.1,10000.0,4.279,4.145,0.0286,0.0,-293.72,expires_worthless
10004369,0.015,Long Put,2022-07-28,2022-08-24,3,4.0,10000.0,4.279,4.145,0.0147,0.0,-151.94,expires_worthless
10004368,0.0064,Long Put,2022-07-28,2022-08-24,4,3.9,10000.0,4.279,4.145,0.0063,0.0,-66.26,expires_worthless
10004018,0.0946,Long Put,2022-08-25,2022-09-28,0,4.2,10000.0,4.181,3.893,0.0927,0.307,2122.46,exercised ETF=3.8930 K=4.2000
10004034,0.0545,Long Put,2022-08-25,2022-09-28,1,4.1,10000.0,4.181,3.893,0.0534,0.207,1523.32,exercised ETF=3.8930 K=4.1000
10004098,0.0294,Long Put,2022-08-25,2022-09-28,2,4.0,10000.0,4.181,3.893,0.0288,0.107,774.24,exercised ETF=3.8930 K=4.0000
10004097,0.0153,Long Put,2022-08-25,2022-09-28,3,3.9,10000.0,4.181,3.893,0.015,0.007,-85.0,exercised ETF=3.8930 K=3.9000
10004114,0.0085,Long Put,2022-08-25,2022-09-28,4,3.8,10000.0,4.181,3.893,0.0083,0.0,-86.66,expires_worthless
10004162,0.0047,Long Put,2022-08-25,2022-09-28,5,3.7,10000.0,4.181,3.893,0.0046,0.0,-48.92,expires_worthless
10004486,0.0742,Long Put,2022-09-29,2022-10-26,0,3.9,10000.0,3.894,3.716,0.0727,0.184,1096.46,exercised ETF=3.7160 K=3.9000
10004485,0.0363,Long Put,2022-09-29,2022-10-26,1,3.8,10000.0,3.894,3.716,0.0356,0.084,474.88,exercised ETF=3.7160 K=3.8000
10004484,0.0188,Long Put,2022-09-29,2022-10-26,2,3.7,10000.0,3.894,3.716,0.0184,0.0,-189.68,expires_worthless
10004574,0.0096,Long Put,2022-09-29,2022-10-26,3,3.6,10000.0,3.894,3.716,0.0094,0.0,-97.88,expires_worthless
10004584,0.005,Long Put,2022-09-29,2022-10-26,4,3.5,10000.0,3.894,3.716,0.0049,0.0,-51.98,expires_worthless
10004624,0.0867,Long Put,2022-10-27,2022-11-23,0,3.7,10000.0,3.69,3.834,0.085,0.0,-869.0,expires_worthless
10004623,0.0448,Long Put,2022-10-27,2022-11-23,1,3.6,10000.0,3.69,3.834,0.0439,0.0,-449.78,expires_worthless
10004622,0.0214,Long Put,2022-10-27,2022-11-23,2,3.5,10000.0,3.69,3.834,0.021,0.0,-216.2,expires_worthless
10004642,0.0107,Long Put,2022-10-27,2022-11-23,3,3.4,10000.0,3.69,3.834,0.0105,0.0,-109.1,expires_worthless
10004674,0.0048,Long Put,2022-10-27,2022-11-23,4,3.3,10000.0,3.69,3.834,0.0047,0.0,-49.94,expires_worthless
10004268,0.141,Long Put,2022-11-24,2022-12-28,0,3.9,10000.0,3.816,3.934,0.1382,0.0,-1411.64,expires_worthless
10004267,0.0863,Long Put,2022-11-24,2022-12-28,1,3.8,10000.0,3.816,3.934,0.0846,0.0,-864.92,expires_worthless
10004266,0.0479,Long Put,2022-11-24,2022-12-28,2,3.7,10000.0,3.816,3.934,0.047,0.0,-481.4,expires_worthless
10004265,0.0248,Long Put,2022-11-24,2022-12-28,3,3.6,10000.0,3.816,3.934,0.0243,0.0,-249.86,expires_worthless
10004264,0.0108,Long Put,2022-11-24,2022-12-28,4,3.5,10000.0,3.816,3.934,0.0106,0.0,-110.12,expires_worthless
10004644,0.005,Long Put,2022-11-24,2022-12-28,5,3.4,10000.0,3.816,3.934,0.0049,0.0,-51.98,expires_worthless
10004812,0.1119,Long Put,2022-12-29,2023-01-30,0,4.0,10000.0,3.922,4.205,0.1097,0.0,-1120.94,expires_worthless
10004811,0.0582,Long Put,2022-12-29,2023-01-30,1,3.9,10000.0,3.922,4.205,0.0571,0.0,-584.42,expires_worthless
10004810,0.026,Long Put,2022-12-29,2023-01-30,2,3.8,10000.0,3.922,4.205,0.0255,0.0,-262.1,expires_worthless
10004809,0.0113,Long Put,2022-12-29,2023-01-30,3,3.7,10000.0,3.922,4.205,0.0111,0.0,-115.22,expires_worthless
10004808,0.0045,Long Put,2022-12-29,2023-01-30,4,3.6,10000.0,3.922,4.205,0.0044,0.0,-46.88,expires_worthless
10004807,0.0018,Long Put,2022-12-29,2023-01-30,5,3.5,10000.0,3.922,4.205,0.0018,0.0,-20.36,expires_worthless
10005047,0.0847,Long Put,2023-01-31,2023-02-22,0,4.2,10000.0,4.159,4.099,0.083,0.101,161.4,exercised ETF=4.0990 K=4.2000
10004973,0.0503,Long Put,2023-01-31,2023-02-22,1,4.135,10157.0,4.159,4.099,0.0493,0.036,-147.1,exercised ETF=4.0990 K=4.1350
10005046,0.0382,Long Put,2023-01-31,2023-02-22,2,4.1,10000.0,4.159,4.099,0.0375,0.001,-374.5,exercised ETF=4.0990 K=4.1000
10004972,0.0211,Long Put,2023-01-31,2023-02-22,3,4.037,10157.0,4.159,4.099,0.0207,0.0,-216.45,expires_worthless
10005045,0.0148,Long Put,2023-01-31,2023-02-22,4,4.0,10000.0,4.159,4.099,0.0145,0.0,-149.9,expires_worthless
10004971,0.0083,Long Put,2023-01-31,2023-02-22,5,3.938,10157.0,4.159,4.099,0.0081,0.0,-85.92,expires_worthless
10005064,0.0707,Long Put,2023-02-23,2023-03-22,0,4.1,10000.0,4.099,3.993,0.0693,0.107,361.14,exercised ETF=3.9930 K=4.1000
10004434,0.0444,Long Put,2023-02-23,2023-03-22,1,4.037,10157.0,4.099,3.993,0.0435,0.044,-5.76,exercised ETF=3.9930 K=4.0370
10005063,0.0334,Long Put,2023-02-23,2023-03-22,2,4.0,10000.0,4.099,3.993,0.0327,0.007,-265.54,exercised ETF=3.9930 K=4.0000
10004433,0.0191,Long Put,2023-02-23,2023-03-22,3,3.938,10157.0,4.099,3.993,0.0187,0.0,-195.73,expires_worthless
10005062,0.0149,Long Put,2023-02-23,2023-03-22,4,3.9,10000.0,4.099,3.993,0.0146,0.0,-150.92,expires_worthless
10004432,0.0085,Long Put,2023-02-23,2023-03-22,5,3.84,10157.0,4.099,3.993,0.0083,0.0,-87.99,expires_worthless
10005214,0.1078,Long Put,2023-03-23,2023-04-26,0,4.1,10000.0,4.031,3.951,0.1057,0.149,409.86,exercised ETF=3.9510 K=4.1000
10005213,0.0551,Long Put,2023-03-23,2023-04-26,1,4.0,10000.0,4.031,3.951,0.054,0.049,-62.8,exercised ETF=3.9510 K=4.0000
10005212,0.026,Long Put,2023-03-23,2023-04-26,2,3.9,10000.0,4.031,3.951,0.0255,0.0,-262.1,expires_worthless
10005211,0.0113,Long Put,2023-03-23,2023-04-26,3,3.8,10000.0,4.031,3.951,0.0111,0.0,-115.22,expires_worthless
10005210,0.0044,Long Put,2023-03-23,2023-04-26,4,3.7,10000.0,4.031,3.951,0.0043,0.0,-45.86,expires_worthless
10005242,0.0015,Long Put,2023-03-23,2023-04-26,5,3.6,10000.0,4.031,3.951,0.0015,0.0,-17.3,expires_worthless
10005292,0.0634,Long Put,2023-04-27,2023-05-24,0,4.0,10000.0,3.986,3.854,0.0622,0.146,823.56,exercised ETF=3.8540 K=4.0000
10005291,0.0276,Long Put,2023-04-27,2023-05-24,1,3.9,10000.0,3.986,3.854,0.0271,0.046,181.58,exercised ETF=3.8540 K=3.9000
10005290,0.0105,Long Put,2023-04-27,2023-05-24,2,3.8,10000.0,3.986,3.854,0.0103,0.0,-107.06,expires_worthless
10005289,0.0041,Long Put,2023-04-27,2023-05-24,3,3.7,10000.0,3.986,3.854,0.004,0.0,-42.8,expires_worthless
10005288,0.0012,Long Put,2023-04-27,2023-05-24,4,3.6,10000.0,3.986,3.854,0.0012,0.0,-14.24,expires_worthless
10005080,0.0951,Long Put,2023-05-25,2023-06-28,0,3.9,10000.0,3.845,3.877,0.0932,0.023,-722.64,exercised ETF=3.8770 K=3.9000
10004712,0.0607,Long Put,2023-05-25,2023-06-28,1,3.84,10157.0,3.845,3.877,0.0595,0.0,-618.43,expires_worthless
10005079,0.0449,Long Put,2023-05-25,2023-06-28,2,3.8,10000.0,3.845,3.877,0.044,0.0,-450.8,expires_worthless
10004711,0.0282,Long Put,2023-05-25,2023-06-28,3,3.741,10157.0,3.845,3.877,0.0276,0.0,-287.94,expires_worthless
10005078,0.0191,Long Put,2023-05-25,2023-06-28,4,3.7,10000.0,3.845,3.877,0.0187,0.0,-192.74,expires_worthless
10004710,0.0115,Long Put,2023-05-25,2023-06-28,5,3.643,10157.0,3.845,3.877,0.0113,0.0,-119.07,expires_worthless
10005430,0.0755,Long Put,2023-06-29,2023-07-26,0,3.9,10000.0,3.859,3.976,0.074,0.0,-756.8,expires_worthless
10005429,0.0307,Long Put,2023-06-29,2023-07-26,1,3.8,10000.0,3.859,3.976,0.0301,0.0,-309.02,expires_worthless
10005428,0.0094,Long Put,2023-06-29,2023-07-26,2,3.7,10000.0,3.859,3.976,0.0092,0.0,-95.84,expires_worthless
10005427,0.0026,Long Put,2023-06-29,2023-07-26,3,3.6,10000.0,3.859,3.976,0.0025,0.0,-27.5,expires_worthless
10005426,0.0008,Long Put,2023-06-29,2023-07-26,4,3.5,10000.0,3.859,3.976,0.0008,0.0,-10.16,expires_worthless
10005464,0.0003,Long Put,2023-06-29,2023-07-26,5,3.4,10000.0,3.859,3.976,0.0003,0.0,-5.06,expires_worthless
10005675,0.0712,Long Put,2023-07-27,2023-08-23,0,4.0,10000.0,3.972,3.768,0.0698,0.232,1606.04,exercised ETF=3.7680 K=4.0000
10005674,0.0275,Long Put,2023-07-27,2023-08-23,1,3.9,10000.0,3.972,3.768,0.027,0.132,1042.6,exercised ETF=3.7680 K=3.9000
10005673,0.0085,Long Put,2023-07-27,2023-08-23,2,3.8,10000.0,3.972,3.768,0.0083,0.032,233.34,exercised ETF=3.7680 K=3.8000
10005672,0.0023,Long Put,2023-07-27,2023-08-23,3,3.7,10000.0,3.972,3.768,0.0023,0.0,-25.46,expires_worthless
10005671,0.0008,Long Put,2023-07-27,2023-08-23,4,3.6,10000.0,3.972,3.768,0.0008,0.0,-10.16,expires_worthless
10005670,0.0004,Long Put,2023-07-27,2023-08-23,5,3.5,10000.0,3.972,3.768,0.0004,0.0,-6.08,expires_worthless
10005132,0.0794,Long Put,2023-08-24,2023-09-27,0,3.8,10000.0,3.791,3.778,0.0778,0.022,-575.56,exercised ETF=3.7780 K=3.8000
10005170,0.0399,Long Put,2023-08-24,2023-09-27,1,3.7,10000.0,3.791,3.778,0.0391,0.0,-400.82,expires_worthless
10005182,0.0174,Long Put,2023-08-24,2023-09-27,2,3.6,10000.0,3.791,3.778,0.0171,0.0,-176.42,expires_worthless
10005256,0.0082,Long Put,2023-08-24,2023-09-27,3,3.5,10000.0,3.791,3.778,0.008,0.0,-83.6,expires_worthless
10005466,0.0031,Long Put,2023-08-24,2023-09-27,4,3.4,10000.0,3.791,3.778,0.003,0.0,-32.6,expires_worthless
10005944,0.0793,Long Put,2023-09-28,2023-10-25,0,3.8,10000.0,3.764,3.569,0.0777,0.231,1515.46,exercised ETF=3.5690 K=3.8000
10005943,0.033,Long Put,2023-09-28,2023-10-25,1,3.7,10000.0,3.764,3.569,0.0324,0.131,977.52,exercised ETF=3.5690 K=3.7000
10005942,0.0118,Long Put,2023-09-28,2023-10-25,2,3.6,10000.0,3.764,3.569,0.0116,0.031,189.68,exercised ETF=3.5690 K=3.6000
10005941,0.0045,Long Put,2023-09-28,2023-10-25,3,3.5,10000.0,3.764,3.569,0.0044,0.0,-46.88,expires_worthless
10005940,0.0015,Long Put,2023-09-28,2023-10-25,4,3.4,10000.0,3.764,3.569,0.0015,0.0,-17.3,expires_worthless
10006020,0.0007,Long Put,2023-09-28,2023-10-25,5,3.3,10000.0,3.764,3.569,0.0007,0.0,-9.14,expires_worthless
10006054,0.0651,Long Put,2023-10-26,2023-11-22,0,3.6,10000.0,3.582,3.611,0.0638,0.0,-652.76,expires_worthless
10006053,0.0254,Long Put,2023-10-26,2023-11-22,1,3.5,10000.0,3.582,3.611,0.0249,0.0,-255.98,expires_worthless
10006052,0.0083,Long Put,2023-10-26,2023-11-22,2,3.4,10000.0,3.582,3.611,0.0081,0.0,-84.62,expires_worthless
10006118,0.0028,Long Put,2023-10-26,2023-11-22,3,3.3,10000.0,3.582,3.611,0.0027,0.0,-29.54,expires_worthless
10006138,0.001,Long Put,2023-10-26,2023-11-22,4,3.2,10000.0,3.582,3.611,0.001,0.0,-12.2,expires_worthless
10006154,0.0005,Long Put,2023-10-26,2023-11-22,5,3.1,10000.0,3.582,3.611,0.0005,0.0,-7.1,expires_worthless
10005357,0.0955,Long Put,2023-11-23,2023-12-27,0,3.7,10000.0,3.63,3.405,0.0936,0.295,1993.28,exercised ETF=3.4050 K=3.7000
10005356,0.041,Long Put,2023-11-23,2023-12-27,1,3.6,10000.0,3.63,3.405,0.0402,0.195,1537.96,exercised ETF=3.4050 K=3.6000
10005392,0.0138,Long Put,2023-11-23,2023-12-27,2,3.5,10000.0,3.63,3.405,0.0135,0.095,810.3,exercised ETF=3.4050 K=3.5000
10005468,0.0041,Long Put,2023-11-23,2023-12-27,3,3.4,10000.0,3.63,3.405,0.004,0.0,-42.8,expires_worthless
10006022,0.0012,Long Put,2023-11-23,2023-12-27,4,3.3,10000.0,3.63,3.405,0.0012,0.0,-14.24,expires_worthless
10006140,0.0005,Long Put,2023-11-23,2023-12-27,5,3.2,10000.0,3.63,3.405,0.0005,0.0,-7.1,expires_worthless
10006303,0.0602,Long Put,2023-12-28,2024-01-24,0,3.5,10000.0,3.489,3.279,0.059,0.221,1606.2,exercised ETF=3.2790 K=3.5000
10006302,0.0224,Long Put,2023-12-28,2024-01-24,1,3.4,10000.0,3.489,3.279,0.022,0.121,983.6,exercised ETF=3.2790 K=3.4000
10006301,0.0069,Long Put,2023-12-28,2024-01-24,2,3.3,10000.0,3.489,3.279,0.0068,0.021,138.64,exercised ETF=3.2790 K=3.3000
10006300,0.0027,Long Put,2023-12-28,2024-01-24,3,3.2,10000.0,3.489,3.279,0.0026,0.0,-28.52,expires_worthless
10006446,0.001,Long Put,2023-12-28,2024-01-24,4,3.1,10000.0,3.489,3.279,0.001,0.0,-12.2,expires_worthless
10006472,0.0006,Long Put,2023-12-28,2024-01-24,5,3.0,10000.0,3.489,3.279,0.0006,0.0,-8.12,expires_worthless
10006666,0.1069,Long Put,2024-01-25,2024-02-28,0,3.4,10000.0,3.335,3.448,0.1048,0.0,-1070.96,expires_worthless
10006532,0.0656,Long Put,2024-01-25,2024-02-28,1,3.329,10214.0,3.335,3.448,0.0643,0.0,-671.9,expires_worthless
10006665,0.0524,Long Put,2024-01-25,2024-02-28,2,3.3,10000.0,3.335,3.448,0.0514,0.0,-526.28,expires_worthless
10006531,0.0297,Long Put,2024-01-25,2024-02-28,3,3.231,10214.0,3.335,3.448,0.0291,0.0,-305.17,expires_worthless
10006664,0.0229,Long Put,2024-01-25,2024-02-28,4,3.2,10000.0,3.335,3.448,0.0225,0.0,-231.5,expires_worthless
10006530,0.012,Long Put,2024-01-25,2024-02-28,5,3.133,10214.0,3.335,3.448,0.0118,0.0,-124.94,expires_worthless
10005792,0.0785,Long Put,2024-02-29,2024-03-27,0,3.525,10214.0,3.503,3.493,0.077,0.032,-477.36,exercised ETF=3.4930 K=3.5250
10006685,0.0655,Long Put,2024-02-29,2024-03-27,1,3.5,10000.0,3.503,3.493,0.0642,0.007,-586.84,exercised ETF=3.4930 K=3.5000
10005876,0.036,Long Put,2024-02-29,2024-03-27,2,3.427,10214.0,3.503,3.493,0.0353,0.0,-369.77,expires_worthless
10006684,0.0285,Long Put,2024-02-29,2024-03-27,3,3.4,10000.0,3.503,3.493,0.0279,0.0,-286.58,expires_worthless
10005898,0.0147,Long Put,2024-02-29,2024-03-27,4,3.329,10214.0,3.503,3.493,0.0144,0.0,-152.02,expires_worthless
10006683,0.0111,Long Put,2024-02-29,2024-03-27,5,3.3,10000.0,3.503,3.493,0.0109,0.0,-113.18,expires_worthless
10006948,0.1121,Long Put,2024-03-28,2024-04-24,0,3.6,10000.0,3.51,3.513,0.1099,0.087,-252.98,exercised ETF=3.5130 K=3.6000
10006947,0.0497,Long Put,2024-03-28,2024-04-24,1,3.5,10000.0,3.51,3.513,0.0487,0.0,-498.74,expires_worthless
10006946,0.0185,Long Put,2024-03-28,2024-04-24,2,3.4,10000.0,3.51,3.513,0.0181,0.0,-186.62,expires_worthless
10006945,0.006,Long Put,2024-03-28,2024-04-24,3,3.3,10000.0,3.51,3.513,0.0059,0.0,-62.18,expires_worthless
10006944,0.0027,Long Put,2024-03-28,2024-04-24,4,3.2,10000.0,3.51,3.513,0.0026,0.0,-28.52,expires_worthless
10006943,0.0013,Long Put,2024-03-28,2024-04-24,5,3.1,10000.0,3.51,3.513,0.0013,0.0,-15.26,expires_worthless
10007067,0.0996,Long Put,2024-04-25,2024-05-22,0,3.6,10000.0,3.523,3.68,0.0976,0.0,-997.52,expires_worthless
10007066,0.0411,Long Put,2024-04-25,2024-05-22,1,3.5,10000.0,3.523,3.68,0.0403,0.0,-413.06,expires_worthless
10007065,0.0134,Long Put,2024-04-25,2024-05-22,2,3.4,10000.0,3.523,3.68,0.0131,0.0,-135.62,expires_worthless
10007064,0.0036,Long Put,2024-04-25,2024-05-22,3,3.3,10000.0,3.523,3.68,0.0035,0.0,-37.7,expires_worthless
10007063,0.0012,Long Put,2024-04-25,2024-05-22,4,3.2,10000.0,3.523,3.68,0.0012,0.0,-14.24,expires_worthless
10007062,0.0006,Long Put,2024-04-25,2024-05-22,5,3.1,10000.0,3.523,3.68,0.0006,0.0,-8.12,expires_worthless
10006712,0.0914,Long Put,2024-05-23,2024-06-26,0,3.7,10000.0,3.643,3.499,0.0896,0.201,1094.08,exercised ETF=3.4990 K=3.7000
10006199,0.0482,Long Put,2024-05-23,2024-06-26,1,3.622,10214.0,3.643,3.499,0.0473,0.123,761.54,exercised ETF=3.4990 K=3.6220
10006704,0.0388,Long Put,2024-05-23,2024-06-26,2,3.6,10000.0,3.643,3.499,0.038,0.101,620.4,exercised ETF=3.4990 K=3.6000
10006198,0.0179,Long Put,2024-05-23,2024-06-26,3,3.525,10214.0,3.643,3.499,0.0175,0.026,81.24,exercised ETF=3.4990 K=3.5250
10006703,0.0136,Long Put,2024-05-23,2024-06-26,4,3.5,10000.0,3.643,3.499,0.0133,0.001,-127.66,exercised ETF=3.4990 K=3.5000
10006197,0.0065,Long Put,2024-05-23,2024-06-26,5,3.427,10214.0,3.643,3.499,0.0064,0.0,-68.68,expires_worthless
10007362,0.0602,Long Put,2024-06-27,2024-07-24,0,3.5,10000.0,3.48,3.479,0.059,0.021,-393.8,exercised ETF=3.4790 K=3.5000
10007361,0.0203,Long Put,2024-06-27,2024-07-24,1,3.4,10000.0,3.48,3.479,0.0199,0.0,-204.98,expires_worthless
10007360,0.0048,Long Put,2024-06-27,2024-07-24,2,3.3,10000.0,3.48,3.479,0.0047,0.0,-49.94,expires_worthless
10007424,0.0014,Long Put,2024-06-27,2024-07-24,3,3.2,10000.0,3.48,3.479,0.0014,0.0,-16.28,expires_worthless
10007442,0.0006,Long Put,2024-06-27,2024-07-24,4,3.1,10000.0,3.48,3.479,0.0006,0.0,-8.12,expires_worthless
10007482,0.0926,Long Put,2024-07-25,2024-08-28,0,3.5,10000.0,3.459,3.357,0.0908,0.143,501.84,exercised ETF=3.3570 K=3.5000
10007481,0.0409,Long Put,2024-07-25,2024-08-28,1,3.4,10000.0,3.459,3.357,0.0401,0.043,18.98,exercised ETF=3.3570 K=3.4000
10007480,0.0151,Long Put,2024-07-25,2024-08-28,2,3.3,10000.0,3.459,3.357,0.0148,0.0,-152.96,expires_worthless
10007479,0.0049,Long Put,2024-07-25,2024-08-28,3,3.2,10000.0,3.459,3.357,0.0048,0.0,-50.96,expires_worthless
10007478,0.0026,Long Put,2024-07-25,2024-08-28,4,3.1,10000.0,3.459,3.357,0.0025,0.0,-27.5,expires_worthless
10007570,0.0009,Long Put,2024-07-25,2024-08-28,5,3.0,10000.0,3.459,3.357,0.0009,0.0,-11.18,expires_worthless
10006761,0.0771,Long Put,2024-08-29,2024-09-25,0,3.4,10000.0,3.347,3.474,0.0756,0.0,-773.12,expires_worthless
10006760,0.0258,Long Put,2024-08-29,2024-09-25,1,3.3,10000.0,3.347,3.474,0.0253,0.0,-260.06,expires_worthless
10006759,0.0064,Long Put,2024-08-29,2024-09-25,2,3.2,10000.0,3.347,3.474,0.0063,0.0,-66.26,expires_worthless
10006758,0.002,Long Put,2024-08-29,2024-09-25,3,3.1,10000.0,3.347,3.474,0.002,0.0,-22.4,expires_worthless
10006757,0.0009,Long Put,2024-08-29,2024-09-25,4,3.0,10000.0,3.347,3.474,0.0009,0.0,-11.18,expires_worthless
10006756,0.0005,Long Put,2024-08-29,2024-09-25,5,2.95,10000.0,3.347,3.474,0.0005,0.0,-7.1,expires_worthless
10007743,0.1255,Long Put,2024-09-26,2024-10-23,0,3.7,10000.0,3.64,4.055,0.123,0.0,-1256.6,expires_worthless
10007742,0.0681,Long Put,2024-09-26,2024-10-23,1,3.6,10000.0,3.64,4.055,0.0668,0.0,-683.36,expires_worthless
10007741,0.0265,Long Put,2024-09-26,2024-10-23,2,3.5,10000.0,3.64,4.055,0.026,0.0,-267.2,expires_worthless
10007740,0.0095,Long Put,2024-09-26,2024-10-23,3,3.4,10000.0,3.64,4.055,0.0093,0.0,-96.86,expires_worthless
10007739,0.0031,Long Put,2024-09-26,2024-10-23,4,3.3,10000.0,3.64,4.055,0.003,0.0,-32.6,expires_worthless
10007738,0.0018,Long Put,2024-09-26,2024-10-23,5,3.2,10000.0,3.64,4.055,0.0018,0.0,-20.36,expires_worthless
10008006,0.175,Long Put,2024-10-24,2024-11-27,0,4.1,10000.0,4.011,3.987,0.1716,0.113,-622.32,exercised ETF=3.9870 K=4.1000
10007968,0.1133,Long Put,2024-10-24,2024-11-27,1,4.0,10000.0,4.011,3.987,0.1111,0.013,-1005.22,exercised ETF=3.9870 K=4.0000
10007896,0.0673,Long Put,2024-10-24,2024-11-27,2,3.9,10000.0,4.011,3.987,0.066,0.0,-675.2,expires_worthless
10007895,0.0362,Long Put,2024-10-24,2024-11-27,3,3.8,10000.0,4.011,3.987,0.0355,0.0,-364.1,expires_worthless
10007894,0.0197,Long Put,2024-10-24,2024-11-27,4,3.7,10000.0,4.011,3.987,0.0193,0.0,-198.86,expires_worthless
10007893,0.0097,Long Put,2024-10-24,2024-11-27,5,3.6,10000.0,4.011,3.987,0.0095,0.0,-98.9,expires_worthless
10007232,0.1112,Long Put,2024-11-28,2024-12-25,0,4.0,10000.0,3.958,4.072,0.109,0.0,-1113.8,expires_worthless
10007174,0.0608,Long Put,2024-11-28,2024-12-25,1,3.9,10000.0,3.958,4.072,0.0596,0.0,-609.92,expires_worthless
10007173,0.03,Long Put,2024-11-28,2024-12-25,2,3.8,10000.0,3.958,4.072,0.0294,0.0,-301.88,expires_worthless
10007172,0.0129,Long Put,2024-11-28,2024-12-25,3,3.7,10000.0,3.958,4.072,0.0126,0.0,-130.52,expires_worthless
10007171,0.006,Long Put,2024-11-28,2024-12-25,4,3.6,10000.0,3.958,4.072,0.0059,0.0,-62.18,expires_worthless
10007170,0.0031,Long Put,2024-11-28,2024-12-25,5,3.5,10000.0,3.958,4.072,0.003,0.0,-32.6,expires_worthless
10008423,0.0936,Long Put,2024-12-26,2025-01-22,0,4.1,10000.0,4.073,3.886,0.0918,0.214,1201.64,exercised ETF=3.8860 K=4.1000
10008422,0.0439,Long Put,2024-12-26,2025-01-22,1,4.0,10000.0,4.073,3.886,0.043,0.114,699.4,exercised ETF=3.8860 K=4.0000
10008421,0.0174,Long Put,2024-12-26,2025-01-22,2,3.9,10000.0,4.073,3.886,0.0171,0.014,-36.42,exercised ETF=3.8860 K=3.9000
10008420,0.0064,Long Put,2024-12-26,2025-01-22,3,3.8,10000.0,4.073,3.886,0.0063,0.0,-66.26,expires_worthless
10008419,0.0026,Long Put,2024-12-26,2025-01-22,4,3.7,10000.0,4.073,3.886,0.0025,0.0,-27.5,expires_worthless
10008418,0.0017,Long Put,2024-12-26,2025-01-22,5,3.6,10000.0,4.073,3.886,0.0017,0.0,-19.34,expires_worthless
10008602,0.0919,Long Put,2025-01-23,2025-02-26,0,3.9,10000.0,3.897,4.054,0.0901,0.0,-921.02,expires_worthless
10008601,0.0463,Long Put,2025-01-23,2025-02-26,1,3.8,10000.0,3.897,4.054,0.0454,0.0,-465.08,expires_worthless
10008600,0.0206,Long Put,2025-01-23,2025-02-26,2,3.7,10000.0,3.897,4.054,0.0202,0.0,-208.04,expires_worthless
10008668,0.0094,Long Put,2025-01-23,2025-02-26,3,3.6,10000.0,3.897,4.054,0.0092,0.0,-95.84,expires_worthless
10008686,0.0044,Long Put,2025-01-23,2025-02-26,4,3.5,10000.0,3.897,4.054,0.0043,0.0,-45.86,expires_worthless
10008710,0.0024,Long Put,2025-01-23,2025-02-26,5,3.4,10000.0,3.897,4.054,0.0024,0.0,-26.48,expires_worthless
10008016,0.0876,Long Put,2025-02-27,2025-03-26,0,4.1,10000.0,4.067,4.013,0.0859,0.087,-8.18,exercised ETF=4.0130 K=4.1000
10007970,0.0405,Long Put,2025-02-27,2025-03-26,1,4.0,10000.0,4.067,4.013,0.0397,0.0,-406.94,expires_worthless
10007630,0.0153,Long Put,2025-02-27,2025-03-26,2,3.9,10000.0,4.067,4.013,0.015,0.0,-155.0,expires_worthless
10007629,0.0052,Long Put,2025-02-27,2025-03-26,3,3.8,10000.0,4.067,4.013,0.0051,0.0,-54.02,expires_worthless
10007628,0.0026,Long Put,2025-02-27,2025-03-26,4,3.7,10000.0,4.067,4.013,0.0025,0.0,-27.5,expires_worthless
10007627,0.0014,Long Put,2025-02-27,2025-03-26,5,3.6,10000.0,4.067,4.013,0.0014,0.0,-16.28,expires_worthless
10008962,0.1047,Long Put,2025-03-27,2025-04-23,0,4.1,10000.0,4.027,3.882,0.1026,0.218,1131.48,exercised ETF=3.8820 K=4.1000
10008961,0.0454,Long Put,2025-03-27,2025-04-23,1,4.0,10000.0,4.027,3.882,0.0445,0.118,724.1,exercised ETF=3.8820 K=4.0000
10008960,0.0148,Long Put,2025-03-27,2025-04-23,2,3.9,10000.0,4.027,3.882,0.0145,0.018,30.1,exercised ETF=3.8820 K=3.9000
10008959,0.0047,Long Put,2025-03-27,2025-04-23,3,3.8,10000.0,4.027,3.882,0.0046,0.0,-48.92,expires_worthless
10008958,0.0019,Long Put,2025-03-27,2025-04-23,4,3.7,10000.0,4.027,3.882,0.0019,0.0,-21.38,expires_worthless
10009024,0.0011,Long Put,2025-03-27,2025-04-23,5,3.6,10000.0,4.027,3.882,0.0011,0.0,-13.22,expires_worthless
10009081,0.0855,Long Put,2025-04-24,2025-05-28,0,3.9,10000.0,3.882,3.942,0.0838,0.0,-856.76,expires_worthless
10009080,0.0418,Long Put,2025-04-24,2025-05-28,1,3.8,10000.0,3.882,3.942,0.041,0.0,-420.2,expires_worthless
10009079,0.02,Long Put,2025-04-24,2025-05-28,2,3.7,10000.0,3.882,3.942,0.0196,0.0,-201.92,expires_worthless
10009078,0.0099,Long Put,2025-04-24,2025-05-28,3,3.6,10000.0,3.882,3.942,0.0097,0.0,-100.94,expires_worthless
10009176,0.006,Long Put,2025-04-24,2025-05-28,4,3.5,10000.0,3.882,3.942,0.0059,0.0,-62.18,expires_worthless
10009175,0.004,Long Put,2025-04-24,2025-05-28,5,3.4,10000.0,3.882,3.942,0.0039,0.0,-41.78,expires_worthless
10008291,0.0799,Long Put,2025-05-29,2025-06-25,0,4.0,10000.0,3.966,4.001,0.0783,0.0,-800.66,expires_worthless
10008290,0.0331,Long Put,2025-05-29,2025-06-25,1,3.9,10000.0,3.966,4.001,0.0325,0.0,-333.5,expires_worthless
10008289,0.0125,Long Put,2025-05-29,2025-06-25,2,3.8,10000.0,3.966,4.001,0.0123,0.0,-127.46,expires_worthless
10008288,0.0054,Long Put,2025-05-29,2025-06-25,3,3.7,10000.0,3.966,4.001,0.0053,0.0,-56.06,expires_worthless
10008352,0.0032,Long Put,2025-05-29,2025-06-25,4,3.6,10000.0,3.966,4.001,0.0031,0.0,-33.62,expires_worthless
10008390,0.0023,Long Put,2025-05-29,2025-06-25,5,3.5,10000.0,3.966,4.001,0.0023,0.0,-25.46,expires_worthless
10009451,0.0681,Long Put,2025-06-26,2025-07-23,0,4.0,10000.0,3.986,4.199,0.0668,0.0,-683.36,expires_worthless
10009355,0.0295,Long Put,2025-06-26,2025-07-23,1,3.912,10226.0,3.986,4.199,0.0289,0.0,-303.44,expires_worthless
10009450,0.0264,Long Put,2025-06-26,2025-07-23,2,3.9,10000.0,3.986,4.199,0.0259,0.0,-266.18,expires_worthless
10009354,0.01,Long Put,2025-06-26,2025-07-23,3,3.814,10226.0,3.986,4.199,0.0098,0.0,-104.22,expires_worthless
10009449,0.0085,Long Put,2025-06-26,2025-07-23,4,3.8,10000.0,3.986,4.199,0.0083,0.0,-86.66,expires_worthless
10009353,0.0037,Long Put,2025-06-26,2025-07-23,5,3.716,10226.0,3.986,4.199,0.0036,0.0,-39.55,expires_worthless
10009543,0.1282,Long Put,2025-07-24,2025-08-27,0,4.3,10000.0,4.225,4.475,0.1257,0.0,-1284.14,expires_worthless
10009542,0.0683,Long Put,2025-07-24,2025-08-27,1,4.2,10000.0,4.225,4.475,0.067,0.0,-685.4,expires_worthless
10009541,0.0318,Long Put,2025-07-24,2025-08-27,2,4.1,10000.0,4.225,4.475,0.0312,0.0,-320.24,expires_worthless
10009540,0.0134,Long Put,2025-07-24,2025-08-27,3,4.0,10000.0,4.225,4.475,0.0131,0.0,-135.62,expires_worthless
10009539,0.006,Long Put,2025-07-24,2025-08-27,4,3.9,10000.0,4.225,4.475,0.0059,0.0,-62.18,expires_worthless
10009538,0.0034,Long Put,2025-07-24,2025-08-27,5,3.8,10000.0,4.225,4.475,0.0033,0.0,-35.66,expires_worthless
10009630,0.1403,Long Put,2025-08-28,2025-09-24,0,4.6,10000.0,4.559,4.663,0.1375,0.0,-1404.5,expires_worthless
10009608,0.0848,Long Put,2025-08-28,2025-09-24,1,4.5,10000.0,4.559,4.663,0.0831,0.0,-849.62,expires_worthless
10008908,0.046,Long Put,2025-08-28,2025-09-24,2,4.401,10226.0,4.559,4.663,0.0451,0.0,-472.42,expires_worthless
10009502,0.0453,Long Put,2025-08-28,2025-09-24,3,4.4,10000.0,4.559,4.663,0.0444,0.0,-454.88,expires_worthless
10008892,0.0232,Long Put,2025-08-28,2025-09-24,4,4.303,10226.0,4.559,4.663,0.0227,0.0,-238.77,expires_worthless
10009472,0.0222,Long Put,2025-08-28,2025-09-24,5,4.3,10000.0,4.559,4.663,0.0218,0.0,-224.36,expires_worthless
10009922,0.0842,Long Put,2025-09-25,2025-10-22,0,4.7,10000.0,4.695,4.695,0.0825,0.005,-793.5,exercised ETF=4.6950 K=4.7000
10009921,0.0425,Long Put,2025-09-25,2025-10-22,1,4.6,10000.0,4.695,4.695,0.0417,0.0,-427.34,expires_worthless
10009920,0.0194,Long Put,2025-09-25,2025-10-22,2,4.5,10000.0,4.695,4.695,0.019,0.0,-195.8,expires_worthless
10009919,0.0089,Long Put,2025-09-25,2025-10-22,3,4.4,10000.0,4.695,4.695,0.0087,0.0,-90.74,expires_worthless
10009918,0.0046,Long Put,2025-09-25,2025-10-22,4,4.3,10000.0,4.695,4.695,0.0045,0.0,-47.9,expires_worthless
10009917,0.0034,Long Put,2025-09-25,2025-10-22,5,4.2,10000.0,4.695,4.695,0.0033,0.0,-35.66,expires_worthless
10010097,0.1532,Long Put,2025-10-23,2025-11-26,0,4.8,10000.0,4.713,4.626,0.1502,0.174,205.96,exercised ETF=4.6260 K=4.8000
10010096,0.0971,Long Put,2025-10-23,2025-11-26,1,4.7,10000.0,4.713,4.626,0.0952,0.074,-233.04,exercised ETF=4.6260 K=4.7000
10010095,0.0562,Long Put,2025-10-23,2025-11-26,2,4.6,10000.0,4.713,4.626,0.0551,0.0,-564.02,expires_worthless
10010094,0.03,Long Put,2025-10-23,2025-11-26,3,4.5,10000.0,4.713,4.626,0.0294,0.0,-301.88,expires_worthless
10010093,0.0144,Long Put,2025-10-23,2025-11-26,4,4.4,10000.0,4.713,4.626,0.0141,0.0,-145.82,expires_worthless
10010092,0.0071,Long Put,2025-10-23,2025-11-26,5,4.3,10000.0,4.713,4.626,0.007,0.0,-73.4,expires_worthless
10009762,0.1269,Long Put,2025-11-27,2025-12-24,0,4.7,10000.0,4.622,4.757,0.1244,0.0,-1270.88,expires_worthless
10009632,0.0673,Long Put,2025-11-27,2025-12-24,1,4.6,10000.0,4.622,4.757,0.066,0.0,-675.2,expires_worthless
10009610,0.0318,Long Put,2025-11-27,2025-12-24,2,4.5,10000.0,4.622,4.757,0.0312,0.0,-320.24,expires_worthless
10009504,0.0145,Long Put,2025-11-27,2025-12-24,3,4.4,10000.0,4.622,4.757,0.0142,0.0,-146.84,expires_worthless
10009314,0.0067,Long Put,2025-11-27,2025-12-24,4,4.303,10226.0,4.622,4.757,0.0066,0.0,-70.84,expires_worthless
10009490,0.0066,Long Put,2025-11-27,2025-12-24,5,4.3,10000.0,4.622,4.757,0.0065,0.0,-68.3,expires_worthless
10010474,0.102,Long Put,2025-12-25,2026-01-28,0,4.8,10000.0,4.766,4.725,0.1,0.075,-272.0,exercised ETF=4.7250 K=4.8000
10010473,0.0541,Long Put,2025-12-25,2026-01-28,1,4.7,10000.0,4.766,4.725,0.053,0.0,-542.6,expires_worthless
10010472,0.0264,Long Put,2025-12-25,2026-01-28,2,4.6,10000.0,4.766,4.725,0.0259,0.0,-266.18,expires_worthless
10010471,0.0123,Long Put,2025-12-25,2026-01-28,3,4.5,10000.0,4.766,4.725,0.0121,0.0,-125.42,expires_worthless
10010470,0.006,Long Put,2025-12-25,2026-01-28,4,4.4,10000.0,4.766,4.725,0.0059,0.0,-62.18,expires_worthless
10010469,0.0036,Long Put,2025-12-25,2026-01-28,5,4.3,10000.0,4.766,4.725,0.0035,0.0,-37.7,expires_worthless
10010659,0.079,Long Put,2026-01-29,2026-02-25,0,4.776,10260.0,4.768,4.75,0.0775,0.026,-546.29,exercised ETF=4.7500 K=4.7760
10010898,0.0455,Long Put,2026-01-29,2026-02-25,1,4.7,10000.0,4.768,4.75,0.0446,0.0,-456.92,expires_worthless
10010658,0.036,Long Put,2026-01-29,2026-02-25,2,4.678,10260.0,4.768,4.75,0.0353,0.0,-371.42,expires_worthless
10010897,0.0186,Long Put,2026-01-29,2026-02-25,3,4.6,10000.0,4.768,4.75,0.0182,0.0,-187.64,expires_worthless
10010657,0.0163,Long Put,2026-01-29,2026-02-25,4,4.581,10260.0,4.768,4.75,0.016,0.0,-169.44,expires_worthless
10010896,0.0071,Long Put,2026-01-29,2026-02-25,5,4.5,10000.0,4.768,4.75,0.007,0.0,-73.4,expires_worthless
10009824,0.0942,Long Put,2026-02-26,2026-03-25,0,4.776,10260.0,4.735,4.544,0.0924,0.232,1411.34,exercised ETF=4.5440 K=4.7760
10010916,0.0538,Long Put,2026-02-26,2026-03-25,1,4.7,10000.0,4.735,4.544,0.0527,0.156,1020.46,exercised ETF=4.5440 K=4.7000
10009800,0.0452,Long Put,2026-02-26,2026-03-25,2,4.678,10260.0,4.735,4.544,0.0443,0.134,909.23,exercised ETF=4.5440 K=4.6780
10010915,0.0246,Long Put,2026-02-26,2026-03-25,3,4.6,10000.0,4.735,4.544,0.0241,0.056,312.18,exercised ETF=4.5440 K=4.6000
10009764,0.0203,Long Put,2026-02-26,2026-03-25,4,4.581,10260.0,4.735,4.544,0.0199,0.037,169.36,exercised ETF=4.5440 K=4.5810
10010914,0.0101,Long Put,2026-02-26,2026-03-25,5,4.5,10000.0,4.735,4.544,0.0099,0.0,-102.98,expires_worthless
10011131,0.1015,Long Put,2026-03-26,2026-04-22,0,4.5,10000.0,4.488,4.811,0.0995,0.0,-1016.9,expires_worthless
10011130,0.061,Long Put,2026-03-26,2026-04-22,1,4.4,10000.0,4.488,4.811,0.0598,0.0,-611.96,expires_worthless
10011194,0.0377,Long Put,2026-03-26,2026-04-22,2,4.3,10000.0,4.488,4.811,0.037,0.0,-379.4,expires_worthless
10011210,0.0231,Long Put,2026-03-26,2026-04-22,3,4.2,10000.0,4.488,4.811,0.0226,0.0,-232.52,expires_worthless
10011266,0.0149,Long Put,2026-03-26,2026-04-22,4,4.1,10000.0,4.488,4.811,0.0146,0.0,-150.92,expires_worthless
10011265,0.011,Long Put,2026-03-26,2026-04-22,5,4.0,10000.0,4.488,4.811,0.0108,0.0,-112.16,expires_worthless
10011326,0.1567,Long Put,2026-04-23,2026-05-27,0,4.9,10000.0,4.801,4.932,0.1536,0.0,-1568.72,expires_worthless
10011325,0.0944,Long Put,2026-04-23,2026-05-27,1,4.8,10000.0,4.801,4.932,0.0925,0.0,-945.5,expires_worthless
10011324,0.0553,Long Put,2026-04-23,2026-05-27,2,4.7,10000.0,4.801,4.932,0.0542,0.0,-554.84,expires_worthless
10011323,0.0306,Long Put,2026-04-23,2026-05-27,3,4.6,10000.0,4.801,4.932,0.03,0.0,-308.0,expires_worthless
10011322,0.0182,Long Put,2026-04-23,2026-05-27,4,4.5,10000.0,4.801,4.932,0.0178,0.0,-183.56,expires_worthless
10011321,0.0104,Long Put,2026-04-23,2026-05-27,5,4.4,10000.0,4.801,4.932,0.0102,0.0,-106.04,expires_worthless
10010937,0.1502,Long Put,2026-05-28,2026-06-24,0,5.0,10000.0,4.932,4.784,0.1473,0.216,655.54,exercised ETF=4.7840 K=5.0000
10010936,0.0918,Long Put,2026-05-28,2026-06-24,1,4.9,10000.0,4.932,4.784,0.09,0.116,240.0,exercised ETF=4.7840 K=4.9000
10010329,0.0801,Long Put,2026-05-28,2026-06-24,2,4.873,10260.0,4.932,4.784,0.0785,0.089,89.62,exercised ETF=4.7840 K=4.8730
10010935,0.0515,Long Put,2026-05-28,2026-06-24,3,4.8,10000.0,4.932,4.784,0.0505,0.016,-357.1,exercised ETF=4.7840 K=4.8000
10010328,0.0454,Long Put,2026-05-28,2026-06-24,4,4.776,10260.0,4.932,4.784,0.0445,0.0,-467.7,expires_worthless
10010934,0.0275,Long Put,2026-05-28,2026-06-24,5,4.7,10000.0,4.932,4.784,0.027,0.0,-277.4,expires_worthless
