trading_date,1Y
2011-03-30,0.028732999999999998
2011-03-31,0.0287337828
2011-04-01,0.0282591334
2011-04-02,0.0283457025
2011-04-06,0.0285900651
2011-04-07,0.0287093866
2011-04-08,0.028589027999999995
2011-04-11,0.028625498
2011-04-12,0.0284823959
2011-04-13,0.028144360700000003
2011-04-14,0.0281049365
2011-04-15,0.028133267000000003
2011-04-18,0.0282972116
2011-04-19,0.028186051700000003
2011-04-20,0.0282112273
2011-04-21,0.0282834108
2011-04-22,0.0283885223
2011-04-25,0.028399999999999998
2011-04-26,0.028485840499999998
2011-04-27,0.028077584500000002
2011-04-28,0.028065555
2011-04-29,0.028093863799999997
2011-05-03,0.0283350163
2011-05-04,0.0282000208
2011-05-05,0.0285282424
2011-05-06,0.0286605106
2011-05-09,0.0286135101
2011-05-10,0.0285665107
2011-05-11,0.028758276
2011-05-12,0.029065203300000002
2011-05-13,0.0297466266
2011-05-16,0.0297986474
2011-05-17,0.0295955062
2011-05-18,0.0295851165
2011-05-19,0.0297880259
2011-05-20,0.030370266099999998
2011-05-23,0.0304661747
2011-05-24,0.030550293399999998
2011-05-25,0.030576684799999997
2011-05-26,0.030589481699999997
2011-05-27,0.0300526349
2011-05-30,0.030316579899999998
2011-05-31,0.0303477581
2011-06-01,0.0304021564
2011-06-02,0.030597476600000003
2011-06-03,0.030418632000000004
2011-06-07,0.0305583377
2011-06-08,0.030924915
2011-06-09,0.0308330497
2011-06-10,0.030900705400000002
2011-06-13,0.0311848364
2011-06-14,0.0315517248
2011-06-15,0.0334653896
2011-06-16,0.035
2011-06-17,0.0361125839
2011-06-20,0.035808
2011-06-21,0.0358047528
2011-06-22,0.0359294723
2011-06-23,0.036168
2011-06-24,0.0359033878
2011-06-27,0.034956999999999995
2011-06-28,0.035007
2011-06-29,0.0349147905
2011-06-30,0.0347424871
2011-07-01,0.034319999999999996
2011-07-04,0.0340179992
2011-07-05,0.0340400004
2011-07-06,0.0341511413
2011-07-07,0.034
2011-07-08,0.0341
2011-07-11,0.0338205325
2011-07-12,0.03412280200000001
2011-07-13,0.0353227997
2011-07-14,0.0357787991
2011-07-15,0.0356739385
2011-07-18,0.035867971500000005
2011-07-19,0.0366504693
2011-07-20,0.0374996145
2011-07-21,0.0382422508
2011-07-22,0.0382754064
2011-07-25,0.0379429655
2011-07-26,0.0378423627
2011-07-27,0.0377931611
2011-07-28,0.0373932741
2011-07-29,0.0373386789
2011-08-01,0.0371017528
2011-08-02,0.0371942242
2011-08-03,0.0370453258
2011-08-04,0.037058609900000004
2011-08-05,0.036706656000000004
2011-08-08,0.0362326118
2011-08-09,0.0359899462
2011-08-10,0.0358208259
2011-08-11,0.035480722
2011-08-12,0.0357822571
2011-08-15,0.0358315721
2011-08-16,0.0362181923
2011-08-17,0.0362570659
2011-08-18,0.0365602951
2011-08-19,0.0364753827
2011-08-22,0.036390712500000005
2011-08-23,0.0364755814
2011-08-24,0.0366
2011-08-25,0.0366065381
2011-08-26,0.0366919876
2011-08-29,0.0380919909
2011-08-30,0.0393789911
2011-08-31,0.0391736714
2011-09-01,0.039
2011-09-02,0.038970469
2011-09-05,0.038923471
2011-09-06,0.0386753309
2011-09-07,0.0387274379
2011-09-08,0.0387164894
2011-09-09,0.0386420062
2011-09-13,0.038641798500000005
2011-09-14,0.0393418002
2011-09-15,0.039214080899999997
2011-09-16,0.039401
2011-09-19,0.0392192662
2011-09-20,0.0391163134
2011-09-21,0.038729282399999995
2011-09-22,0.0385289932
2011-09-23,0.0370319485
2011-09-26,0.0355191042
2011-09-27,0.035765799
2011-09-28,0.0361644279
2011-09-29,0.035829405099999996
2011-09-30,0.0360691391
2011-10-08,0.0359991883
2011-10-09,0.035531047999999996
2011-10-10,0.0345222069
2011-10-11,0.033824
2011-10-12,0.032323
2011-10-13,0.031501
2011-10-14,0.031466
2011-10-17,0.0314100003
2011-10-18,0.0314120007
2011-10-19,0.0314109993
2011-10-20,0.0314120007
2011-10-21,0.031400000000000004
2011-10-24,0.0313470006
2011-10-25,0.0316685058
2011-10-26,0.0316914919
2011-10-27,0.0318984311
2011-10-28,0.031898429400000004
2011-10-31,0.0313984299
2011-11-01,0.030899
2011-11-02,0.030680525000000004
2011-11-03,0.0302524259
2011-11-04,0.029969171000000003
2011-11-07,0.0299007525
2011-11-08,0.028563
2011-11-09,0.026438000000000003
2011-11-10,0.025705139199999998
2011-11-11,0.0256834281
2011-11-14,0.0255620657
2011-11-15,0.025459066500000002
2011-11-16,0.025692069499999998
2011-11-17,0.0259802474
2011-11-18,0.026012646799999997
2011-11-21,0.026110292999999996
2011-11-22,0.026397
2011-11-23,0.0267174097
2011-11-24,0.026753962200000002
2011-11-25,0.026931915
2011-11-28,0.027214591700000002
2011-11-29,0.0272395569
2011-11-30,0.027365884299999997
2011-12-01,0.0258658791
2011-12-02,0.0263338804
2011-12-05,0.0262128806
2011-12-06,0.0262934319
2011-12-07,0.0263
2011-12-08,0.0263000011
2011-12-09,0.0263240004
2011-12-12,0.026594647500000002
2011-12-13,0.0269255163
2011-12-14,0.027183292799999998
2011-12-15,0.027198344
2011-12-16,0.0272019602
2011-12-19,0.0271270845
2011-12-20,0.02712708
2011-12-21,0.027315999999999997
2011-12-22,0.027241001100000002
2011-12-23,0.027341001
2011-12-26,0.0273149991
2011-12-27,0.0273160005
2011-12-28,0.027341999999999998
2011-12-29,0.0273685002
2011-12-30,0.0272009993
2011-12-31,0.027167000799999997
2012-01-04,0.0272775006
2012-01-05,0.0274044991
2012-01-06,0.027390999800000003
2012-01-09,0.0273084998
2012-01-10,0.0272834992
2012-01-11,0.0278835011
2012-01-12,0.0278414989
2012-01-13,0.027938001200000003
2012-01-16,0.028250501200000003
2012-01-17,0.028208498999999998
2012-01-18,0.0286140213
2012-01-19,0.0284392752
2012-01-20,0.0281554176
2012-01-21,0.0281688657
2012-01-29,0.0277574179
2012-01-30,0.027757272300000004
2012-01-31,0.027657928300000002
2012-02-01,0.0278289673
2012-02-02,0.027733161200000002
2012-02-03,0.0278031133
2012-02-06,0.028130935
2012-02-07,0.0281756747
2012-02-08,0.0292754051
2012-02-09,0.029589100099999998
2012-02-10,0.029547030099999996
2012-02-13,0.0290373564
2012-02-14,0.029325330400000002
2012-02-15,0.0294366862
2012-02-16,0.0296956673
2012-02-17,0.0298563917
2012-02-20,0.0292185031
2012-02-21,0.029359533
2012-02-22,0.0293950821
2012-02-23,0.029411797599999998
2012-02-24,0.029269222199999997
2012-02-27,0.0293707644
2012-02-28,0.0294675098
2012-02-29,0.029475000699999997
2012-03-01,0.029305066
2012-03-02,0.029255823599999998
2012-03-05,0.0293069265
2012-03-06,0.0293216413
2012-03-07,0.0290134473
2012-03-08,0.0289578554
2012-03-09,0.0289218861
2012-03-12,0.0285950764
2012-03-13,0.028653877799999998
2012-03-14,0.0287853888
2012-03-15,0.0288721339
2012-03-16,0.028690008599999997
2012-03-19,0.028452153400000003
2012-03-20,0.028710752899999997
2012-03-21,0.0287746782
2012-03-22,0.0288156028
2012-03-23,0.028527654
2012-03-26,0.0284356174
2012-03-27,0.0284355229
2012-03-28,0.0284848633
2012-03-29,0.028335975800000003
2012-03-30,0.028355033399999997
2012-03-31,0.028355031000000003
2012-04-01,0.0285510302
2012-04-05,0.0285945296
2012-04-06,0.0287305307
2012-04-09,0.028698261500000002
2012-04-10,0.0287121536
2012-04-11,0.028713779499999998
2012-04-12,0.0289935096
2012-04-13,0.0287993488
2012-04-16,0.0288347622
2012-04-17,0.02872
2012-04-18,0.028545231100000002
2012-04-19,0.0284602308
2012-04-20,0.028369721499999997
2012-04-23,0.0284727192
2012-04-24,0.0284389504
2012-04-25,0.028455151600000003
2012-04-26,0.0284892457
2012-04-27,0.028540749500000004
2012-04-28,0.0285617495
2012-05-02,0.0284502506
2012-05-03,0.028496251099999998
2012-05-04,0.0286182499
2012-05-07,0.028612248899999998
2012-05-08,0.0285722494
2012-05-09,0.028398749799999998
2012-05-10,0.0279777503
2012-05-11,0.0275312495
2012-05-14,0.025487749599999998
2012-05-15,0.024765749
2012-05-16,0.024041750400000002
2012-05-17,0.0242672491
2012-05-18,0.0241962504
2012-05-21,0.0243172503
2012-05-22,0.0238172507
2012-05-23,0.023517251
2012-05-24,0.0226102495
2012-05-25,0.02234725
2012-05-28,0.0225
2012-05-29,0.0225
2012-05-30,0.0225340009
2012-05-31,0.0223070002
2012-06-01,0.0220420003
2012-06-04,0.022000000000000002
2012-06-05,0.022104001
2012-06-06,0.0222149992
2012-06-07,0.022513999899999998
2012-06-08,0.0215869999
2012-06-11,0.0217790008
2012-06-12,0.021888999899999997
2012-06-13,0.0220900011
2012-06-14,0.022507998900000003
2012-06-15,0.0224600005
2012-06-18,0.022609000199999996
2012-06-19,0.0233080006
2012-06-20,0.0237080002
2012-06-21,0.023654999700000002
2012-06-25,0.023666000399999998
2012-06-26,0.0236159992
2012-06-27,0.0237159991
2012-06-28,0.023565999999999997
2012-06-29,0.0234200001
2012-07-02,0.02347
2012-07-03,0.023452251
2012-07-04,0.0232522511
2012-07-05,0.023129251000000003
2012-07-06,0.022525
2012-07-09,0.0219790006
2012-07-10,0.022161
2012-07-11,0.0222359991
2012-07-12,0.0222869992
2012-07-13,0.0221713398
2012-07-16,0.0223530197
2012-07-17,0.0224530196
2012-07-18,0.022513019999999998
2012-07-19,0.0225910211
2012-07-20,0.022699019900000002
2012-07-23,0.022849021
2012-07-24,0.022890999999999998
2012-07-25,0.022818999299999997
2012-07-26,0.0227800012
2012-07-27,0.0229765548
2012-07-30,0.0229515505
2012-07-31,0.023076550999999997
2012-08-01,0.023277000000000003
2012-08-02,0.0233060002
2012-08-03,0.0235529995
2012-08-06,0.0237280011
2012-08-07,0.0240779996
2012-08-08,0.0243779993
2012-08-09,0.024381001000000003
2012-08-10,0.023959000100000002
2012-08-13,0.0241343248
2012-08-14,0.024183241799999998
2012-08-15,0.024572238899999998
2012-08-16,0.024622240099999998
2012-08-17,0.0247452402
2012-08-20,0.025216
2012-08-21,0.025566
2012-08-22,0.0258139992
2012-08-23,0.0263
2012-08-24,0.0262750006
2012-08-27,0.0264120007
2012-08-28,0.0268630004
2012-08-29,0.0269630003
2012-08-30,0.026917
2012-08-31,0.0268059993
2012-09-03,0.0267750001
2012-09-04,0.026250999
2012-09-05,0.026255
2012-09-06,0.0261549997
2012-09-07,0.026363999800000003
2012-09-10,0.0264750004
2012-09-11,0.026573998900000003
2012-09-12,0.0270230007
2012-09-13,0.0273653886
2012-09-14,0.0279843903
2012-09-17,0.0279843903
2012-09-18,0.0280223894
2012-09-19,0.0280223894
2012-09-20,0.028271389
2012-09-21,0.028401389099999997
2012-09-24,0.028401
2012-09-25,0.0284850506
2012-09-26,0.0283175585
2012-09-27,0.0281212435
2012-09-28,0.027921
2012-09-29,0.027920999499999998
2012-10-08,0.0278449988
2012-10-09,0.0278439999
2012-10-10,0.0276440001
2012-10-11,0.02762
2012-10-12,0.027543
2012-10-15,0.027511000600000002
2012-10-16,0.027641
2012-10-17,0.028441
2012-10-18,0.028971
2012-10-19,0.029219999999999996
2012-10-22,0.0290504015
2012-10-23,0.029061154500000002
2012-10-24,0.029421
2012-10-25,0.0297635944
2012-10-26,0.0297661332
2012-10-29,0.0298477544
2012-10-30,0.029533166899999998
2012-10-31,0.029327076299999998
2012-11-01,0.029428906600000002
2012-11-02,0.0295553921
2012-11-05,0.029475338
2012-11-06,0.029438397100000003
2012-11-07,0.0293412136
2012-11-08,0.0294233513
2012-11-09,0.029376927999999997
2012-11-12,0.0294241759
2012-11-13,0.029224212700000002
2012-11-14,0.0291879737
2012-11-15,0.029152050100000004
2012-11-16,0.0288864199
2012-11-19,0.028633000000000002
2012-11-20,0.028262999999999996
2012-11-21,0.028115952399999998
2012-11-22,0.028215543099999997
2012-11-23,0.0282313248
2012-11-26,0.028398824
2012-11-27,0.028438758499999998
2012-11-28,0.0283145561
2012-11-29,0.028665
2012-11-30,0.0288340791
2012-12-03,0.028743759299999998
2012-12-04,0.0288151353
2012-12-05,0.0291061401
2012-12-06,0.028985556699999998
2012-12-07,0.0289524938
2012-12-10,0.028975
2012-12-11,0.028998507500000003
2012-12-12,0.029089
2012-12-13,0.0290070009
2012-12-14,0.028919
2012-12-17,0.028937
2012-12-18,0.029114000799999998
2012-12-19,0.029063000699999997
2012-12-20,0.029102000000000003
2012-12-21,0.029179000899999998
2012-12-24,0.029375
2012-12-25,0.029178000000000003
2012-12-26,0.029277999399999997
2012-12-27,0.029073
2012-12-28,0.0289849997
2012-12-31,0.0290499997
2013-01-04,0.0291890001
2013-01-05,0.028768
2013-01-06,0.028687999999999998
2013-01-07,0.028689
2013-01-08,0.028498000000000002
2013-01-09,0.0283410001
2013-01-10,0.028547
2013-01-11,0.028647999999999996
2013-01-14,0.028360524499999998
2013-01-15,0.027995000000000003
2013-01-16,0.028110000000000003
2013-01-17,0.028111
2013-01-18,0.027811
2013-01-21,0.028001999899999998
2013-01-22,0.027902
2013-01-23,0.028373142100000002
2013-01-24,0.028383497900000002
2013-01-25,0.0283398882
2013-01-28,0.0284951247
2013-01-29,0.0282259763
2013-01-30,0.028091277300000002
2013-01-31,0.028046650899999997
2013-02-01,0.028063953399999998
2013-02-04,0.0278241155
2013-02-05,0.0277094027
2013-02-06,0.027869275500000002
2013-02-07,0.0278825265
2013-02-08,0.027658488800000002
2013-02-16,0.027161
2013-02-17,0.027116605
2013-02-18,0.0272196016
2013-02-19,0.0270913586
2013-02-20,0.0269293594
2013-02-21,0.027059161399999997
2013-02-22,0.0271069545
2013-02-25,0.0271994523
2013-02-26,0.027862078800000002
2013-02-27,0.027528487400000003
2013-02-28,0.0276116036
2013-03-01,0.0277265343
2013-03-04,0.027726531000000002
2013-03-05,0.0276559622
2013-03-06,0.027638925300000002
2013-03-07,0.0276451276
2013-03-08,0.0276753661
2013-03-11,0.0277193689
2013-03-12,0.0276688499
2013-03-13,0.027659
2013-03-14,0.027687
2013-03-15,0.0275029993
2013-03-18,0.0275939989
2013-03-19,0.027513999999999997
2013-03-20,0.027441000899999998
2013-03-21,0.027341001
2013-03-22,0.027341001
2013-03-25,0.027221000000000002
2013-03-26,0.027121
2013-03-27,0.0268787446
2013-03-28,0.026854975200000002
2013-03-29,0.0267899755
2013-04-01,0.026798872600000002
2013-04-02,0.0267158814
2013-04-03,0.0267414938
2013-04-07,0.026702423099999997
2013-04-08,0.0264323992
2013-04-09,0.0264211879
2013-04-10,0.0265040383
2013-04-11,0.0265750347
2013-04-12,0.0267903683
2013-04-15,0.0266357999
2013-04-16,0.026719043400000003
2013-04-17,0.027084785400000002
2013-04-18,0.027585000000000002
2013-04-19,0.0286627837
2013-04-22,0.028898287999999998
2013-04-23,0.028495177599999998
2013-04-24,0.028242732099999997
2013-04-25,0.028310644
2013-04-26,0.0281621504
2013-04-27,0.0279050037
2013-04-28,0.0278417469
2013-05-02,0.0277676008
2013-05-03,0.0277592132
2013-05-06,0.028008291600000002
2013-05-07,0.0280519762
2013-05-08,0.0283287602
2013-05-09,0.028330307399999997
2013-05-10,0.0283051822
2013-05-13,0.028415503499999998
2013-05-14,0.028411829399999998
2013-05-15,0.0282976729
2013-05-16,0.028458766899999998
2013-05-17,0.0286222966
2013-05-20,0.0286525866
2013-05-21,0.0288120727
2013-05-22,0.028714
2013-05-23,0.0286494056
2013-05-24,0.028672572299999997
2013-05-27,0.0286554353
2013-05-28,0.0286094519
2013-05-29,0.0286103372
2013-05-30,0.028609001499999998
2013-05-31,0.0286818043
2013-06-03,0.0287141294
2013-06-04,0.0288124883
2013-06-05,0.029112489199999998
2013-06-06,0.0293621672
2013-06-07,0.030309127199999997
2013-06-08,0.0310067526
2013-06-09,0.0308435985
2013-06-13,0.030858525
2013-06-14,0.0310235119
2013-06-17,0.0309995103
2013-06-18,0.0315094125
2013-06-19,0.032606135200000004
2013-06-20,0.0356061411
2013-06-21,0.036106
2013-06-24,0.036504
2013-06-25,0.0365039992
2013-06-26,0.0357376662
2013-06-27,0.0344631703
2013-06-28,0.0348115759
2013-07-01,0.0347056403
2013-07-02,0.0337210906
2013-07-03,0.0342123238
2013-07-04,0.033912
2013-07-05,0.0337157684
2013-07-08,0.0339157701
2013-07-09,0.034016000000000005
2013-07-10,0.0350006462
2013-07-11,0.035001000000000004
2013-07-12,0.035005918399999995
2013-07-15,0.0349981708
2013-07-16,0.0342987949
2013-07-17,0.034345106900000005
2013-07-18,0.0345444309
2013-07-19,0.0346241222
2013-07-22,0.0352483611
2013-07-23,0.0355029886
2013-07-24,0.0357460993
2013-07-25,0.0351071335
2013-07-26,0.0350338584
2013-07-29,0.0351280874
2013-07-30,0.0350000984
2013-07-31,0.034908065
2013-08-01,0.0343469447
2013-08-02,0.0339377363
2013-08-05,0.0341898484
2013-08-06,0.0340472239
2013-08-07,0.0340685729
2013-08-08,0.034271415
2013-08-09,0.034333267099999995
2013-08-12,0.0344792791
2013-08-13,0.0348368168
2013-08-14,0.0353733128
2013-08-15,0.035541
2013-08-16,0.0360409999
2013-08-19,0.0362409997
2013-08-20,0.0362409997
2013-08-21,0.036341
2013-08-22,0.036436
2013-08-23,0.036435
2013-08-26,0.0362120604
2013-08-27,0.0362150598
2013-08-28,0.036235187099999996
2013-08-29,0.0360861897
2013-08-30,0.0361861897
2013-09-02,0.0361731911
2013-09-03,0.036173000000000004
2013-09-04,0.0359800005
2013-09-05,0.0360549998
2013-09-06,0.036012001
2013-09-09,0.0361059999
2013-09-10,0.0361059999
2013-09-11,0.0361059999
2013-09-12,0.0359060001
2013-09-13,0.0361059999
2013-09-16,0.035906
2013-09-17,0.0359060001
2013-09-18,0.0359060001
2013-09-22,0.0357297111
2013-09-23,0.0358808708
2013-09-24,0.0361
2013-09-25,0.036000000000000004
2013-09-26,0.0355011392
2013-09-27,0.0355011392
2013-09-29,0.0356011391
2013-09-30,0.035451400300000005
2013-10-08,0.035451
2013-10-09,0.0355389905
2013-10-10,0.0356269789
2013-10-11,0.035427
2013-10-12,0.0354270005
2013-10-14,0.0354270005
2013-10-15,0.035169
2013-10-16,0.035169
2013-10-17,0.035469000300000005
2013-10-18,0.035469000300000005
2013-10-21,0.035521890800000004
2013-10-22,0.0355218911
2013-10-23,0.035644999999999996
2013-10-24,0.036445
2013-10-25,0.0374449992
2013-10-28,0.0376486301
2013-10-29,0.0378522611
2013-10-30,0.0401522589
2013-10-31,0.0397522593
2013-11-01,0.039422
2013-11-04,0.039222
2013-11-05,0.039522
2013-11-06,0.0397520377
2013-11-07,0.0401182415
2013-11-08,0.040214187600000006
2013-11-11,0.0415870887
2013-11-12,0.0412087802
2013-11-13,0.0411419777
2013-11-14,0.040956191100000004
2013-11-15,0.041453618399999996
2013-11-18,0.04155975
2013-11-19,0.0413623427
2013-11-20,0.041807770599999995
2013-11-21,0.0415603969
2013-11-22,0.0412652281
2013-11-25,0.041214809299999995
2013-11-26,0.0410671667
2013-11-27,0.041016685600000005
2013-11-28,0.040472255
2013-11-29,0.0397868106
2013-12-02,0.040385377
2013-12-03,0.040484343799999996
2013-12-04,0.040029042199999997
2013-12-05,0.040341179
2013-12-06,0.0403639027
2013-12-09,0.0403638983
2013-12-10,0.040284396400000005
2013-12-11,0.0404887544
2013-12-12,0.0403357325
2013-12-13,0.0403404093
2013-12-16,0.040389999999999995
2013-12-17,0.0402899981
2013-12-18,0.040689
2013-12-19,0.0409529591
2013-12-20,0.041053
2013-12-23,0.041253000000000005
2013-12-24,0.041546
2013-12-25,0.041546
2013-12-26,0.041546
2013-12-27,0.041496000000000005
2013-12-30,0.041522103899999996
2013-12-31,0.042189
2014-01-02,0.042251000000000004
2014-01-03,0.04231
2014-01-06,0.042131999999999996
2014-01-07,0.042503
2014-01-08,0.04181
2014-01-09,0.041839
2014-01-10,0.041338999999999994
2014-01-13,0.040615
2014-01-14,0.040384
2014-01-15,0.039984
2014-01-16,0.039584
2014-01-17,0.039163
2014-01-20,0.03891
2014-01-21,0.037799
2014-01-22,0.0373
2014-01-23,0.036974
2014-01-24,0.03678
2014-01-26,0.03639
2014-01-27,0.036054
2014-01-28,0.036054
2014-01-29,0.036044
2014-01-30,0.036094
2014-02-07,0.035653000000000004
2014-02-08,0.035838999999999996
2014-02-10,0.035039
2014-02-11,0.035517
2014-02-12,0.035448
2014-02-13,0.034683
2014-02-14,0.034654
2014-02-17,0.034339
2014-02-18,0.034061
2014-02-19,0.033925000000000004
2014-02-20,0.033585
2014-02-21,0.033523
2014-02-24,0.033503
2014-02-25,0.03294
2014-02-26,0.032764
2014-02-27,0.032464
2014-02-28,0.032775
2014-03-03,0.033075
2014-03-04,0.033325
2014-03-05,0.032933
2014-03-06,0.032733
2014-03-07,0.032509
2014-03-10,0.032002
2014-03-11,0.032401
2014-03-12,0.032083
2014-03-13,0.031621
2014-03-14,0.031621
2014-03-17,0.031133
2014-03-18,0.031032999999999998
2014-03-19,0.031333
2014-03-20,0.031133
2014-03-21,0.031433
2014-03-24,0.031233
2014-03-25,0.031032999999999998
2014-03-26,0.031032999999999998
2014-03-27,0.030994999999999998
2014-03-28,0.031095
2014-03-31,0.030901
2014-04-01,0.030892
2014-04-02,0.030892
2014-04-03,0.030851000000000003
2014-04-04,0.031158
2014-04-08,0.031759
2014-04-09,0.032659
2014-04-10,0.033147
2014-04-11,0.035647000000000005
2014-04-14,0.035574
2014-04-15,0.035373999999999996
2014-04-16,0.035174
2014-04-17,0.034003
2014-04-18,0.035003
2014-04-21,0.036059
2014-04-22,0.035786
2014-04-23,0.03581
2014-04-24,0.036141
2014-04-25,0.035944
2014-04-28,0.035956999999999996
2014-04-29,0.035808
2014-04-30,0.035774
2014-05-04,0.035562
2014-05-05,0.035613
2014-05-06,0.035509
2014-05-07,0.035267
2014-05-08,0.03497
2014-05-09,0.034687
2014-05-12,0.034974
2014-05-13,0.035024
2014-05-14,0.035132
2014-05-15,0.035126
2014-05-16,0.035139000000000004
2014-05-19,0.034881999999999996
2014-05-20,0.035036
2014-05-21,0.035037
2014-05-22,0.034682
2014-05-23,0.034584000000000004
2014-05-26,0.034562
2014-05-27,0.033587
2014-05-28,0.033732000000000005
2014-05-29,0.033589
2014-05-30,0.033589
2014-06-03,0.033139
2014-06-04,0.032339
2014-06-05,0.031739
2014-06-06,0.031939
2014-06-09,0.031739
2014-06-10,0.031488999999999996
2014-06-11,0.032489
2014-06-12,0.033289
2014-06-13,0.033489
2014-06-16,0.033298
2014-06-17,0.033498
2014-06-18,0.033898000000000005
2014-06-19,0.034123
2014-06-20,0.034039
2014-06-23,0.033788
2014-06-24,0.033805
2014-06-25,0.033901
2014-06-26,0.033615
2014-06-27,0.033639999999999996
2014-06-30,0.033814000000000004
2014-07-01,0.03405
2014-07-02,0.034561
2014-07-03,0.034656
2014-07-04,0.034506
2014-07-07,0.034441
2014-07-08,0.034325999999999995
2014-07-09,0.034839
2014-07-10,0.035115
2014-07-11,0.035115
2014-07-14,0.035196
2014-07-15,0.035893
2014-07-16,0.037277
2014-07-17,0.037771
2014-07-18,0.038653
2014-07-21,0.038088000000000004
2014-07-22,0.037799
2014-07-23,0.037794
2014-07-24,0.037369
2014-07-25,0.037238
2014-07-28,0.037274
2014-07-29,0.037576
2014-07-30,0.037576
2014-07-31,0.03738
2014-08-01,0.037231
2014-08-04,0.037131
2014-08-05,0.037165
2014-08-06,0.037112
2014-08-07,0.037014
2014-08-08,0.03703
2014-08-11,0.03728
2014-08-12,0.03748
2014-08-13,0.037924
2014-08-14,0.037766
2014-08-15,0.037443
2014-08-18,0.037474
2014-08-19,0.037433999999999995
2014-08-20,0.037834
2014-08-21,0.038049
2014-08-22,0.038121
2014-08-25,0.038148
2014-08-26,0.038276
2014-08-27,0.03807
2014-08-28,0.037973
2014-08-29,0.038103
2014-09-01,0.038041
2014-09-02,0.037937
2014-09-03,0.038193000000000005
2014-09-04,0.038022
2014-09-05,0.037808
2014-09-09,0.037948
2014-09-10,0.037904
2014-09-11,0.038058999999999996
2014-09-12,0.038224999999999995
2014-09-15,0.038024
2014-09-16,0.038284
2014-09-17,0.037924
2014-09-18,0.037675
2014-09-19,0.037732999999999996
2014-09-22,0.037929
2014-09-23,0.037637000000000004
2014-09-24,0.037819
2014-09-25,0.037521
2014-09-26,0.037462
2014-09-28,0.037401
2014-09-29,0.037511
2014-09-30,0.037401
2014-10-08,0.037408000000000004
2014-10-09,0.037409
2014-10-10,0.037357999999999995
2014-10-11,0.037261999999999997
2014-10-13,0.03721
2014-10-14,0.036716
2014-10-15,0.036355
2014-10-16,0.035672
2014-10-17,0.035385
2014-10-20,0.035010000000000006
2014-10-21,0.034849
2014-10-22,0.034851
2014-10-23,0.034763999999999996
2014-10-24,0.034966
2014-10-27,0.034516
2014-10-28,0.034163
2014-10-29,0.034024
2014-10-30,0.03381
2014-10-31,0.033555
2014-11-03,0.032953
2014-11-04,0.032425999999999996
2014-11-05,0.032463
2014-11-06,0.032329
2014-11-07,0.031972
2014-11-10,0.0318
2014-11-11,0.031555
2014-11-12,0.031515
2014-11-13,0.031516999999999996
2014-11-14,0.031543999999999996
2014-11-17,0.031692
2014-11-18,0.031522
2014-11-19,0.031522
2014-11-20,0.032121
2014-11-21,0.032686
2014-11-24,0.031325
2014-11-25,0.030041
2014-11-26,0.030302
2014-11-27,0.030302
2014-11-28,0.030347
2014-12-01,0.030243000000000003
2014-12-02,0.030442999999999998
2014-12-03,0.030642999999999997
2014-12-04,0.030556999999999997
2014-12-05,0.031431
2014-12-08,0.031983000000000004
2014-12-09,0.033669
2014-12-10,0.033769
2014-12-11,0.033609
2014-12-12,0.033325999999999995
2014-12-15,0.033309000000000005
2014-12-16,0.033283
2014-12-17,0.034383
2014-12-18,0.034998999999999995
2014-12-19,0.03525
2014-12-22,0.03495
2014-12-23,0.034801
2014-12-24,0.034005
2014-12-25,0.033418
2014-12-26,0.033189
2014-12-29,0.03273
2014-12-30,0.032486
2014-12-31,0.032586
2015-01-04,0.032536999999999996
2015-01-05,0.032313999999999996
2015-01-06,0.032189
2015-01-07,0.031767
2015-01-08,0.031889999999999995
2015-01-09,0.031787
2015-01-12,0.032146
2015-01-13,0.032014
2015-01-14,0.032012
2015-01-15,0.032059000000000004
2015-01-16,0.032029
2015-01-19,0.031887
2015-01-20,0.031812
2015-01-21,0.031751999999999996
2015-01-22,0.031652
2015-01-23,0.031606
2015-01-26,0.031427000000000004
2015-01-27,0.030817
2015-01-28,0.030955
2015-01-29,0.030980000000000004
2015-01-30,0.030962999999999997
2015-02-02,0.030832000000000002
2015-02-03,0.030907
2015-02-04,0.030906
2015-02-05,0.030804
2015-02-06,0.030912000000000002
2015-02-09,0.030855999999999998
2015-02-10,0.030932
2015-02-11,0.030928
2015-02-12,0.030872
2015-02-13,0.030859
2015-02-15,0.030656
2015-02-16,0.030801
2015-02-17,0.030624
2015-02-25,0.030352999999999998
2015-02-26,0.030352999999999998
2015-02-27,0.030438
2015-02-28,0.030396
2015-03-02,0.030488
2015-03-03,0.030341
2015-03-04,0.030291000000000002
2015-03-05,0.030518
2015-03-06,0.030576
2015-03-09,0.030787
2015-03-10,0.030812
2015-03-11,0.030615
2015-03-12,0.030495
2015-03-13,0.030944
2015-03-16,0.030944
2015-03-17,0.031142
2015-03-18,0.031042
2015-03-19,0.030992000000000002
2015-03-20,0.03102
2015-03-23,0.031032
2015-03-24,0.031031
2015-03-25,0.031183000000000002
2015-03-26,0.031483
2015-03-27,0.031833
2015-03-30,0.031833
2015-03-31,0.032236
2015-04-01,0.032186
2015-04-02,0.031743
2015-04-03,0.031753
2015-04-07,0.031800999999999996
2015-04-08,0.031802000000000004
2015-04-09,0.031202
2015-04-10,0.031602
2015-04-13,0.031602
2015-04-14,0.031301999999999996
2015-04-15,0.031002000000000002
2015-04-16,0.030729000000000003
2015-04-17,0.031627999999999996
2015-04-20,0.030872
2015-04-21,0.030091999999999997
2015-04-22,0.030152
2015-04-23,0.029713
2015-04-24,0.029276
2015-04-27,0.028662999999999998
2015-04-28,0.028266
2015-04-29,0.028267
2015-04-30,0.02694
2015-05-04,0.027296
2015-05-05,0.027277999999999997
2015-05-06,0.027080000000000003
2015-05-07,0.026912
2015-05-08,0.026821
2015-05-11,0.026562000000000002
2015-05-12,0.025691000000000002
2015-05-13,0.024501
2015-05-14,0.023557
2015-05-15,0.02344
2015-05-18,0.02374
2015-05-19,0.024574
2015-05-20,0.024391
2015-05-21,0.024373
2015-05-22,0.023822
2015-05-25,0.022462
2015-05-26,0.020338
2015-05-27,0.018707
2015-05-28,0.019369
2015-05-29,0.019387
2015-06-01,0.019947
2015-06-02,0.019651000000000002
2015-06-03,0.019355999999999998
2015-06-04,0.018813
2015-06-05,0.018763000000000002
2015-06-08,0.018576
2015-06-09,0.017786
2015-06-10,0.017097
2015-06-11,0.017103
2015-06-12,0.01687
2015-06-15,0.016482
2015-06-16,0.016407
2015-06-17,0.016890000000000002
2015-06-18,0.017044
2015-06-19,0.017494
2015-06-23,0.017159
2015-06-24,0.017165
2015-06-25,0.017128
2015-06-26,0.017627999999999998
2015-06-29,0.017528
2015-06-30,0.017378
2015-07-01,0.017378
2015-07-02,0.017745
2015-07-03,0.01774
2015-07-06,0.017455000000000002
2015-07-07,0.019155
2015-07-08,0.022654999999999998
2015-07-09,0.022654999999999998
2015-07-10,0.023555000000000003
2015-07-13,0.024455
2015-07-14,0.024485999999999997
2015-07-15,0.024367999999999997
2015-07-16,0.024471
2015-07-17,0.024501
2015-07-20,0.024583
2015-07-21,0.024417
2015-07-22,0.024071
2015-07-23,0.023334999999999998
2015-07-24,0.02336
2015-07-27,0.023113
2015-07-28,0.022616999999999998
2015-07-29,0.022387999999999998
2015-07-30,0.022317999999999998
2015-07-31,0.02253
2015-08-03,0.023038
2015-08-04,0.023254
2015-08-05,0.022428
2015-08-06,0.022073
2015-08-07,0.021753
2015-08-10,0.021842999999999998
2015-08-11,0.022433
2015-08-12,0.023180999999999997
2015-08-13,0.022883
2015-08-14,0.023273000000000002
2015-08-17,0.022466
2015-08-18,0.022621000000000002
2015-08-19,0.022570999999999997
2015-08-20,0.022608000000000003
2015-08-21,0.022608000000000003
2015-08-24,0.022807
2015-08-25,0.022799999999999997
2015-08-26,0.022656999999999997
2015-08-27,0.022660999999999997
2015-08-28,0.022735
2015-08-31,0.022519
2015-09-01,0.022628
2015-09-02,0.022586
2015-09-06,0.02254
2015-09-07,0.022643
2015-09-08,0.022736999999999997
2015-09-09,0.022543
2015-09-10,0.022546
2015-09-11,0.022543
2015-09-14,0.022862
2015-09-15,0.023260999999999997
2015-09-16,0.023330000000000004
2015-09-17,0.023062
2015-09-18,0.023292
2015-09-21,0.023271
2015-09-22,0.023077999999999998
2015-09-23,0.023086000000000002
2015-09-24,0.022893
2015-09-25,0.023624999999999997
2015-09-28,0.024032
2015-09-29,0.02389
2015-09-30,0.023919000000000003
2015-10-08,0.024030999999999997
2015-10-09,0.024091
2015-10-10,0.024116
2015-10-12,0.024269
2015-10-13,0.024186
2015-10-14,0.024083999999999998
2015-10-15,0.02419
2015-10-16,0.024319999999999998
2015-10-19,0.024286
2015-10-20,0.024255
2015-10-21,0.024273
2015-10-22,0.024234
2015-10-23,0.024453999999999997
2015-10-26,0.024237
2015-10-27,0.023748000000000002
2015-10-28,0.023698
2015-10-29,0.023683
2015-10-30,0.023513000000000003
2015-11-02,0.024032
2015-11-03,0.024284
2015-11-04,0.024312
2015-11-05,0.024342000000000003
2015-11-06,0.02463
2015-11-09,0.025389
2015-11-10,0.025550000000000003
2015-11-11,0.025616
2015-11-12,0.025499
2015-11-13,0.025589
2015-11-16,0.026040999999999998
2015-11-17,0.025911
2015-11-18,0.025907
2015-11-19,0.025948000000000002
2015-11-20,0.025764
2015-11-23,0.025849
2015-11-24,0.025676
2015-11-25,0.025802000000000002
2015-11-26,0.025639
2015-11-27,0.025737999999999997
2015-11-30,0.025754000000000003
2015-12-01,0.025754000000000003
2015-12-02,0.025655999999999998
2015-12-03,0.025506
2015-12-04,0.025351
2015-12-07,0.025200999999999998
2015-12-08,0.024911
2015-12-09,0.024866000000000003
2015-12-10,0.024841000000000002
2015-12-11,0.024644
2015-12-14,0.024523000000000003
2015-12-15,0.024474
2015-12-16,0.024028
2015-12-17,0.023906999999999998
2015-12-18,0.023647
2015-12-21,0.023601
2015-12-22,0.023204
2015-12-23,0.023332000000000002
2015-12-24,0.023135
2015-12-25,0.022946
2015-12-28,0.023076
2015-12-29,0.023076
2015-12-30,0.022979
2015-12-31,0.022979
2016-01-04,0.023479
2016-01-05,0.023680000000000003
2016-01-06,0.023690000000000003
2016-01-07,0.023700000000000002
2016-01-08,0.023634
2016-01-11,0.023511
2016-01-12,0.023054
2016-01-13,0.022804
2016-01-14,0.022793
2016-01-15,0.022782
2016-01-18,0.022618
2016-01-19,0.022724
2016-01-20,0.023105
2016-01-21,0.023006000000000002
2016-01-22,0.02306
2016-01-25,0.023109
2016-01-26,0.02311
2016-01-27,0.023519
2016-01-28,0.023607999999999997
2016-01-29,0.023214000000000002
2016-02-01,0.023109
2016-02-02,0.023208000000000003
2016-02-03,0.02316
2016-02-04,0.02316
2016-02-05,0.023259
2016-02-06,0.023268
2016-02-14,0.023018
2016-02-15,0.023192
2016-02-16,0.023452
2016-02-17,0.022816999999999997
2016-02-18,0.022718
2016-02-19,0.02251
2016-02-22,0.022677999999999997
2016-02-23,0.022622
2016-02-24,0.022638
2016-02-25,0.022834
2016-02-26,0.022764000000000003
2016-02-29,0.022576
2016-03-01,0.022086
2016-03-02,0.022092999999999998
2016-03-03,0.022132
2016-03-04,0.021741999999999997
2016-03-07,0.021901999999999998
2016-03-08,0.021869999999999997
2016-03-09,0.021863999999999998
2016-03-10,0.021894999999999998
2016-03-11,0.021612
2016-03-14,0.021469000000000002
2016-03-15,0.021275
2016-03-16,0.021012
2016-03-17,0.020788
2016-03-18,0.020551
2016-03-21,0.020552
2016-03-22,0.020842
2016-03-23,0.020589
2016-03-24,0.02069
2016-03-25,0.02053
2016-03-28,0.020918000000000003
2016-03-29,0.021039
2016-03-30,0.020796000000000002
2016-03-31,0.020861
2016-04-01,0.020964
2016-04-05,0.020853999999999998
2016-04-06,0.021057000000000003
2016-04-07,0.021358000000000002
2016-04-08,0.021677
2016-04-11,0.021776
2016-04-12,0.021893
2016-04-13,0.022319
2016-04-14,0.022259
2016-04-15,0.022172
2016-04-18,0.022187000000000002
2016-04-19,0.022143000000000003
2016-04-20,0.022296
2016-04-21,0.022349
2016-04-22,0.022706
2016-04-25,0.023273000000000002
2016-04-26,0.023011
2016-04-27,0.022805
2016-04-28,0.023029
2016-04-29,0.02307
2016-05-03,0.022751999999999998
2016-05-04,0.023126
2016-05-05,0.0235
2016-05-06,0.023403
2016-05-09,0.023526
2016-05-10,0.023248
2016-05-11,0.023071
2016-05-12,0.023001999999999998
2016-05-13,0.022905000000000002
2016-05-16,0.022992
2016-05-17,0.022989000000000002
2016-05-18,0.023131
2016-05-19,0.023142999999999997
2016-05-20,0.023064
2016-05-23,0.023003999999999997
2016-05-24,0.023187000000000003
2016-05-25,0.02313
2016-05-26,0.023194
2016-05-27,0.023168
2016-05-30,0.023195999999999998
2016-05-31,0.023201
2016-06-01,0.023438
2016-06-02,0.023753000000000003
2016-06-03,0.023975
2016-06-06,0.024022
2016-06-07,0.023979
2016-06-08,0.024041
2016-06-12,0.02416
2016-06-13,0.024130000000000002
2016-06-14,0.024087
2016-06-15,0.024071
2016-06-16,0.024006
2016-06-17,0.023988999999999996
2016-06-20,0.024061
2016-06-21,0.024076
2016-06-22,0.024019999999999996
2016-06-23,0.023979
2016-06-24,0.024005000000000002
2016-06-27,0.023985
2016-06-28,0.023917
2016-06-29,0.024022
2016-06-30,0.023901
2016-07-01,0.023611
2016-07-04,0.023611
2016-07-05,0.023464
2016-07-06,0.023317
2016-07-07,0.023169999999999996
2016-07-08,0.023073999999999997
2016-07-11,0.023039
2016-07-12,0.023131
2016-07-13,0.023295
2016-07-14,0.023191000000000003
2016-07-15,0.023187000000000003
2016-07-18,0.022994
2016-07-19,0.022938
2016-07-20,0.02265
2016-07-21,0.022404
2016-07-22,0.022629
2016-07-25,0.022629
2016-07-26,0.022663000000000003
2016-07-27,0.022423000000000002
2016-07-28,0.022383
2016-07-29,0.022393999999999997
2016-08-01,0.022369
2016-08-02,0.022454000000000002
2016-08-03,0.022157
2016-08-04,0.021959999999999997
2016-08-05,0.02186
2016-08-08,0.021851
2016-08-09,0.021789
2016-08-10,0.02169
2016-08-11,0.021530999999999998
2016-08-12,0.021385
2016-08-15,0.021301999999999998
2016-08-16,0.020954999999999998
2016-08-17,0.021004000000000002
2016-08-18,0.020904
2016-08-19,0.021015000000000002
2016-08-22,0.021032000000000002
2016-08-23,0.021026
2016-08-24,0.021108
2016-08-25,0.021199
2016-08-26,0.021262
2016-08-29,0.021282000000000002
2016-08-30,0.021286
2016-08-31,0.02116
2016-09-01,0.02113
2016-09-02,0.021297
2016-09-05,0.021267
2016-09-06,0.021359
2016-09-07,0.02128
2016-09-08,0.021404999999999997
2016-09-09,0.021622
2016-09-12,0.021854
2016-09-13,0.021722
2016-09-14,0.021717
2016-09-18,0.021834
2016-09-19,0.021783999999999998
2016-09-20,0.021734
2016-09-21,0.021734
2016-09-22,0.021634
2016-09-23,0.021584
2016-09-26,0.021534
2016-09-27,0.021684000000000002
2016-09-28,0.021684000000000002
2016-09-29,0.021684000000000002
2016-09-30,0.021584
2016-10-08,0.021507000000000002
2016-10-09,0.0216
2016-10-10,0.021487
2016-10-11,0.021513
2016-10-12,0.02159
2016-10-13,0.021467
2016-10-14,0.021381
2016-10-17,0.021495
2016-10-18,0.021446
2016-10-19,0.021360999999999998
2016-10-20,0.021360999999999998
2016-10-21,0.021461
2016-10-24,0.021593
2016-10-25,0.021493
2016-10-26,0.021803
2016-10-27,0.021869999999999997
2016-10-28,0.021751
2016-10-31,0.021711
2016-11-01,0.021741
2016-11-02,0.021621
2016-11-03,0.0215
2016-11-04,0.021391
2016-11-07,0.021450999999999998
2016-11-08,0.021450999999999998
2016-11-09,0.021401
2016-11-10,0.021401
2016-11-11,0.021406
2016-11-14,0.021313
2016-11-15,0.021618
2016-11-16,0.021514000000000002
2016-11-17,0.021813
2016-11-18,0.022258
2016-11-21,0.022027
2016-11-22,0.021753
2016-11-23,0.021852999999999997
2016-11-24,0.022002
2016-11-25,0.022294
2016-11-28,0.0222
2016-11-29,0.022599
2016-11-30,0.023010000000000003
2016-12-01,0.02327
2016-12-02,0.023509000000000002
2016-12-05,0.023974000000000002
2016-12-06,0.023702
2016-12-07,0.023984000000000002
2016-12-08,0.024399999999999998
2016-12-09,0.025095999999999997
2016-12-12,0.025744
2016-12-13,0.025995
2016-12-14,0.027059000000000003
2016-12-15,0.028555999999999998
2016-12-16,0.029874
2016-12-19,0.030491
2016-12-20,0.030491
2016-12-21,0.029194
2016-12-22,0.028718
2016-12-23,0.027164999999999998
2016-12-26,0.027235999999999996
2016-12-27,0.027347999999999997
2016-12-28,0.027507
2016-12-29,0.02718
2016-12-30,0.026493000000000003
2016-12-31,0.026503000000000002
2017-01-03,0.027484
2017-01-04,0.027489999999999997
2017-01-05,0.027804000000000002
2017-01-06,0.027799
2017-01-09,0.02765
2017-01-10,0.027252000000000002
2017-01-11,0.027164
2017-01-12,0.027147
2017-01-13,0.026865999999999998
2017-01-16,0.026223999999999997
2017-01-17,0.026677
2017-01-18,0.02638
2017-01-19,0.026678
2017-01-20,0.026413000000000002
2017-01-22,0.026430000000000002
2017-01-23,0.026429
2017-01-24,0.026418
2017-01-25,0.026543
2017-01-26,0.026757
2017-02-03,0.027402000000000003
2017-02-04,0.027926000000000003
2017-02-06,0.028439000000000002
2017-02-07,0.028942000000000002
2017-02-08,0.028620999999999997
2017-02-09,0.028300000000000002
2017-02-10,0.028357
2017-02-13,0.028467
2017-02-14,0.028228
2017-02-15,0.028226
2017-02-16,0.028127
2017-02-17,0.027982
2017-02-20,0.027505
2017-02-21,0.027166000000000003
2017-02-22,0.027087
2017-02-23,0.02698
2017-02-24,0.027069
2017-02-27,0.027105999999999998
2017-02-28,0.027121
2017-03-01,0.027143999999999998
2017-03-02,0.027617
2017-03-03,0.028002
2017-03-06,0.02786
2017-03-07,0.027857
2017-03-08,0.028246000000000004
2017-03-09,0.028368
2017-03-10,0.028271
2017-03-13,0.028138
2017-03-14,0.028314
2017-03-15,0.028365
2017-03-16,0.02859
2017-03-17,0.028647999999999996
2017-03-20,0.028579
2017-03-21,0.028939
2017-03-22,0.028885
2017-03-23,0.028841000000000002
2017-03-24,0.028517
2017-03-27,0.028517
2017-03-28,0.028467
2017-03-29,0.028442
2017-03-30,0.028443
2017-03-31,0.028632
2017-04-01,0.029125
2017-04-05,0.029554999999999998
2017-04-06,0.029766
2017-04-07,0.029962
2017-04-10,0.030066000000000002
2017-04-11,0.030041
2017-04-12,0.030015999999999998
2017-04-13,0.030017000000000002
2017-04-14,0.030333000000000002
2017-04-17,0.030757
2017-04-18,0.030908
2017-04-19,0.030912000000000002
2017-04-20,0.031164
2017-04-21,0.03105
2017-04-24,0.031138
2017-04-25,0.03115
2017-04-26,0.031400000000000004
2017-04-27,0.0317
2017-04-28,0.031672
2017-05-02,0.032422
2017-05-03,0.033079
2017-05-04,0.033736
2017-05-05,0.033922
2017-05-08,0.033919000000000005
2017-05-09,0.034074
2017-05-10,0.034530000000000005
2017-05-11,0.034348000000000004
2017-05-12,0.034683
2017-05-15,0.034709
2017-05-16,0.034883000000000004
2017-05-17,0.034856
2017-05-18,0.034784999999999996
2017-05-19,0.034827
2017-05-22,0.034876
2017-05-23,0.034923
2017-05-24,0.03486
2017-05-25,0.034655
2017-05-26,0.034704
2017-05-27,0.034651
2017-05-31,0.034542
2017-06-01,0.034817999999999995
2017-06-02,0.034964
2017-06-05,0.035018
2017-06-06,0.035158
2017-06-07,0.035982
2017-06-08,0.03659
2017-06-09,0.036574
2017-06-12,0.036137999999999997
2017-06-13,0.036137999999999997
2017-06-14,0.036042
2017-06-15,0.035941
2017-06-16,0.035979000000000004
2017-06-19,0.03573
2017-06-20,0.035488
2017-06-21,0.035488
2017-06-22,0.035489
2017-06-23,0.035057
2017-06-26,0.034815
2017-06-27,0.034495
2017-06-28,0.034545
2017-06-29,0.034496
2017-06-30,0.0346
2017-07-03,0.034596
2017-07-04,0.034546
2017-07-05,0.034648
2017-07-06,0.034464
2017-07-07,0.034575
2017-07-10,0.034579
2017-07-11,0.034579
2017-07-12,0.03456000000000001
2017-07-13,0.034525
2017-07-14,0.034506
2017-07-17,0.034383
2017-07-18,0.034378
2017-07-19,0.03442
2017-07-20,0.034071
2017-07-21,0.034047
2017-07-24,0.03406
2017-07-25,0.033923
2017-07-26,0.033998
2017-07-27,0.033889
2017-07-28,0.03383
2017-07-31,0.033974000000000004
2017-08-01,0.034127
2017-08-02,0.033963
2017-08-03,0.0338
2017-08-04,0.033303
2017-08-07,0.033563
2017-08-08,0.033614000000000005
2017-08-09,0.033621
2017-08-10,0.033448000000000006
2017-08-11,0.033413
2017-08-14,0.03326
2017-08-15,0.033403
2017-08-16,0.03335
2017-08-17,0.033333
2017-08-18,0.033373
2017-08-21,0.033364
2017-08-22,0.033352
2017-08-23,0.033355
2017-08-24,0.033468
2017-08-25,0.03361
2017-08-28,0.033605
2017-08-29,0.033609
2017-08-30,0.033957
2017-08-31,0.033883
2017-09-01,0.033908999999999995
2017-09-04,0.033959
2017-09-05,0.034214
2017-09-06,0.035062
2017-09-07,0.034837
2017-09-08,0.034624999999999996
2017-09-11,0.034771
2017-09-12,0.034832
2017-09-13,0.034912
2017-09-14,0.034803
2017-09-15,0.034759000000000005
2017-09-18,0.034695000000000004
2017-09-19,0.034759000000000005
2017-09-20,0.034661
2017-09-21,0.034714999999999996
2017-09-22,0.034674
2017-09-25,0.034686
2017-09-26,0.034477
2017-09-27,0.034566
2017-09-28,0.034579
2017-09-29,0.034585
2017-09-30,0.03466
2017-10-09,0.034826
2017-10-10,0.034914
2017-10-11,0.034788
2017-10-12,0.034891
2017-10-13,0.034881
2017-10-16,0.034966
2017-10-17,0.035037
2017-10-18,0.034962
2017-10-19,0.034937
2017-10-20,0.034836
2017-10-23,0.034856
2017-10-24,0.034844
2017-10-25,0.034969
2017-10-26,0.035127
2017-10-27,0.035194
2017-10-30,0.035532
2017-10-31,0.035683
2017-11-01,0.035790999999999996
2017-11-02,0.035790999999999996
2017-11-03,0.03576
2017-11-06,0.035977
2017-11-07,0.035994
2017-11-08,0.035927
2017-11-09,0.035787
2017-11-10,0.035922
2017-11-13,0.035922
2017-11-14,0.035955
2017-11-15,0.036154
2017-11-16,0.036154
2017-11-17,0.036154
2017-11-20,0.036101
2017-11-21,0.036203
2017-11-22,0.036403
2017-11-23,0.036498
2017-11-24,0.036688
2017-11-27,0.036905
2017-11-28,0.037000000000000005
2017-11-29,0.036801
2017-11-30,0.036404
2017-12-01,0.036344
2017-12-04,0.036305000000000004
2017-12-05,0.036342
2017-12-06,0.037442
2017-12-07,0.037348
2017-12-08,0.037545999999999996
2017-12-11,0.037548
2017-12-12,0.037647
2017-12-13,0.037846000000000005
2017-12-14,0.037780999999999995
2017-12-15,0.037780999999999995
2017-12-18,0.037631
2017-12-19,0.03773
2017-12-20,0.038029
2017-12-21,0.037979
2017-12-22,0.037979
2017-12-25,0.037979
2017-12-26,0.037979
2017-12-27,0.037979
2017-12-28,0.037955
2017-12-29,0.037909
2017-12-30,0.037909
2017-12-31,0.037909
2018-01-02,0.036767
2018-01-03,0.036667
2018-01-04,0.035968
2018-01-05,0.035392
2018-01-08,0.035336
2018-01-09,0.035382
2018-01-10,0.035675
2018-01-11,0.035675
2018-01-12,0.035827
2018-01-15,0.035826
2018-01-16,0.035828
2018-01-17,0.035828
2018-01-18,0.035828
2018-01-19,0.035602999999999996
2018-01-22,0.035198
2018-01-23,0.035398
2018-01-24,0.035198
2018-01-25,0.035098
2018-01-26,0.035205
2018-01-29,0.035101
2018-01-30,0.035101
2018-01-31,0.034701
2018-02-01,0.034300000000000004
2018-02-02,0.034404
2018-02-05,0.034514
2018-02-06,0.034088
2018-02-07,0.034014
2018-02-08,0.033986
2018-02-09,0.033938
2018-02-11,0.033969
2018-02-12,0.033868
2018-02-13,0.03388
2018-02-14,0.03374
2018-02-22,0.033905
2018-02-23,0.033773
2018-02-24,0.033773
2018-02-26,0.03306
2018-02-27,0.032713
2018-02-28,0.032313999999999996
2018-03-01,0.03238
2018-03-02,0.03269
2018-03-05,0.032769
2018-03-06,0.032771
2018-03-07,0.032583
2018-03-08,0.032677
2018-03-09,0.032599
2018-03-12,0.032778999999999996
2018-03-13,0.033059
2018-03-14,0.033092
2018-03-15,0.033198
2018-03-16,0.033153999999999996
2018-03-19,0.033128000000000005
2018-03-20,0.033144
2018-03-21,0.032846
2018-03-22,0.032698
2018-03-23,0.032367
2018-03-26,0.0329
2018-03-27,0.033221
2018-03-28,0.033221
2018-03-29,0.033221
2018-03-30,0.033221
2018-04-02,0.032831
2018-04-03,0.032991
2018-04-04,0.032591
2018-04-08,0.032776
2018-04-09,0.032281
2018-04-10,0.032383999999999996
2018-04-11,0.032387
2018-04-12,0.032092
2018-04-13,0.032013
2018-04-16,0.031707
2018-04-17,0.031611
2018-04-18,0.029125
2018-04-19,0.029611000000000002
2018-04-20,0.030061
2018-04-23,0.030484
2018-04-24,0.030152
2018-04-25,0.030247000000000003
2018-04-26,0.030278999999999997
2018-04-27,0.030154999999999998
2018-04-28,0.029965000000000002
2018-05-02,0.030208
2018-05-03,0.029769999999999998
2018-05-04,0.029372
2018-05-07,0.029319
2018-05-08,0.029233
2018-05-09,0.029295
2018-05-10,0.029235
2018-05-11,0.029304999999999998
2018-05-14,0.029469
2018-05-15,0.029668999999999997
2018-05-16,0.030185
2018-05-17,0.030701
2018-05-18,0.030711
2018-05-21,0.031368
2018-05-22,0.031229
2018-05-23,0.031233
2018-05-24,0.031245
2018-05-25,0.031249
2018-05-28,0.031415
2018-05-29,0.031397
2018-05-30,0.031528
2018-05-31,0.031488
2018-06-01,0.031619
2018-06-04,0.031751
2018-06-05,0.031703
2018-06-06,0.032003
2018-06-07,0.032161
2018-06-08,0.032117
2018-06-11,0.03218
2018-06-12,0.032414
2018-06-13,0.032406000000000004
2018-06-14,0.032209
2018-06-15,0.032183
2018-06-19,0.032168
2018-06-20,0.032848
2018-06-21,0.032856
2018-06-22,0.032775
2018-06-25,0.032792
2018-06-26,0.032772
2018-06-27,0.032775
2018-06-28,0.032242
2018-06-29,0.03159
2018-07-02,0.03134
2018-07-03,0.030543
2018-07-04,0.030602
2018-07-05,0.030304
2018-07-06,0.030208
2018-07-09,0.030404
2018-07-10,0.030602999999999998
2018-07-11,0.030654
2018-07-12,0.030654
2018-07-13,0.030654
2018-07-16,0.030259
2018-07-17,0.030259
2018-07-18,0.030508
2018-07-19,0.030507
2018-07-20,0.030507
2018-07-23,0.030508
2018-07-24,0.030508
2018-07-25,0.03011
2018-07-26,0.029910000000000003
2018-07-27,0.029025
2018-07-30,0.028816
2018-07-31,0.02841
2018-08-01,0.028069999999999998
2018-08-02,0.027722000000000004
2018-08-03,0.027247
2018-08-06,0.026627
2018-08-07,0.02603
2018-08-08,0.026230000000000003
2018-08-09,0.027227
2018-08-10,0.027252000000000002
2018-08-13,0.028130000000000002
2018-08-14,0.028121999999999998
2018-08-15,0.028399999999999998
2018-08-16,0.028408000000000003
2018-08-17,0.028833
2018-08-20,0.029004
2018-08-21,0.029432
2018-08-22,0.029034
2018-08-23,0.028791
2018-08-24,0.028376000000000002
2018-08-27,0.028544999999999997
2018-08-28,0.02867
2018-08-29,0.028593
2018-08-30,0.028344
2018-08-31,0.028451
2018-09-03,0.028387
2018-09-04,0.028475999999999998
2018-09-05,0.02847
2018-09-06,0.028414000000000002
2018-09-07,0.028437999999999998
2018-09-10,0.028407
2018-09-11,0.028457
2018-09-12,0.028489999999999998
2018-09-13,0.028592
2018-09-14,0.028623
2018-09-17,0.028635999999999998
2018-09-18,0.028793000000000003
2018-09-19,0.030102000000000004
2018-09-20,0.030314
2018-09-21,0.030266
2018-09-25,0.030271
2018-09-26,0.030251
2018-09-27,0.030177
2018-09-28,0.030038
2018-09-29,0.029900000000000003
2018-09-30,0.029657
2018-10-08,0.029579
2018-10-09,0.029388
2018-10-10,0.029394999999999998
2018-10-11,0.028902
2018-10-12,0.028904
2018-10-15,0.0288
2018-10-16,0.028902
2018-10-17,0.029026999999999997
2018-10-18,0.029026999999999997
2018-10-19,0.029026999999999997
2018-10-22,0.029026999999999997
2018-10-23,0.028879000000000002
2018-10-24,0.028561999999999997
2018-10-25,0.028561999999999997
2018-10-26,0.02844
2018-10-29,0.028203
2018-10-30,0.028054000000000003
2018-10-31,0.028054000000000003
2018-11-01,0.027858
2018-11-02,0.027863000000000002
2018-11-05,0.027763
2018-11-06,0.027516
2018-11-07,0.027269
2018-11-08,0.026771
2018-11-09,0.026586
2018-11-12,0.026122999999999997
2018-11-13,0.025913
2018-11-14,0.02559
2018-11-15,0.025092
2018-11-16,0.02508
2018-11-19,0.025092
2018-11-20,0.025190999999999998
2018-11-21,0.024968
2018-11-22,0.024891999999999997
2018-11-23,0.025115
2018-11-26,0.025007
2018-11-27,0.02495
2018-11-28,0.0248
2018-11-29,0.024700000000000003
2018-11-30,0.024826
2018-12-03,0.024822999999999998
2018-12-04,0.024604
2018-12-05,0.024604
2018-12-06,0.024585
2018-12-07,0.0246
2018-12-10,0.024839000000000003
2018-12-11,0.024742
2018-12-12,0.024607
2018-12-13,0.024617
2018-12-14,0.024792
2018-12-17,0.024710999999999997
2018-12-18,0.024861
2018-12-19,0.027010999999999997
2018-12-20,0.026906
2018-12-21,0.026806
2018-12-24,0.027045
2018-12-25,0.027146
2018-12-26,0.027001
2018-12-27,0.026611
2018-12-28,0.02603
2018-12-29,0.026000000000000002
2018-12-30,0.026000000000000002
2018-12-31,0.026000000000000002
2019-01-02,0.025013999999999998
2019-01-03,0.025017
2019-01-04,0.024525
2019-01-07,0.024026000000000002
2019-01-08,0.023527999999999997
2019-01-09,0.023777
2019-01-10,0.023627
2019-01-11,0.024065
2019-01-14,0.02426
2019-01-15,0.024345
2019-01-16,0.0236
2019-01-17,0.0235
2019-01-18,0.023498
2019-01-21,0.024209
2019-01-22,0.023999000000000003
2019-01-23,0.024099
2019-01-24,0.024003999999999998
2019-01-25,0.023804
2019-01-28,0.023961
2019-01-29,0.023877000000000002
2019-01-30,0.023803
2019-01-31,0.023873000000000002
2019-02-01,0.02351
2019-02-02,0.02351
2019-02-03,0.023506
2019-02-11,0.023381
2019-02-12,0.023053
2019-02-13,0.023251
2019-02-14,0.02313
2019-02-15,0.023094
2019-02-18,0.023206
2019-02-19,0.023141
2019-02-20,0.023053
2019-02-21,0.023356
2019-02-22,0.023592
2019-02-25,0.02344
2019-02-26,0.023546
2019-02-27,0.0239
2019-02-28,0.024053
2019-03-01,0.024338000000000002
2019-03-04,0.024442
2019-03-05,0.024430999999999998
2019-03-06,0.024485999999999997
2019-03-07,0.024531999999999998
2019-03-08,0.024503
2019-03-11,0.024471
2019-03-12,0.024613
2019-03-13,0.024704999999999998
2019-03-14,0.024719
2019-03-15,0.024632
2019-03-18,0.024773
2019-03-19,0.024787
2019-03-20,0.024698
2019-03-21,0.024498000000000002
2019-03-22,0.024655
2019-03-25,0.024794999999999998
2019-03-26,0.024706000000000002
2019-03-27,0.024669
2019-03-28,0.024478
2019-03-29,0.024377
2019-04-01,0.024407
2019-04-02,0.024522
2019-04-03,0.024639
2019-04-04,0.024759000000000003
2019-04-08,0.024746
2019-04-09,0.024664000000000002
2019-04-10,0.024752999999999997
2019-04-11,0.024794
2019-04-12,0.0252
2019-04-15,0.025335999999999997
2019-04-16,0.025856
2019-04-17,0.027156
2019-04-18,0.026712
2019-04-19,0.026797
2019-04-22,0.026913
2019-04-23,0.02702
2019-04-24,0.026968000000000002
2019-04-25,0.026902
2019-04-26,0.026742
2019-04-28,0.026987999999999998
2019-04-29,0.027223
2019-04-30,0.026902
2019-05-05,0.026902
2019-05-06,0.026794
2019-05-07,0.026764
2019-05-08,0.026801
2019-05-09,0.026618
2019-05-10,0.02685
2019-05-13,0.026844
2019-05-14,0.026783
2019-05-15,0.026848
2019-05-16,0.026830000000000003
2019-05-17,0.026775000000000004
2019-05-20,0.026593
2019-05-21,0.026623
2019-05-22,0.027000000000000003
2019-05-23,0.026949999999999998
2019-05-24,0.026912
2019-05-27,0.027534999999999997
2019-05-28,0.027351999999999998
2019-05-29,0.027149999999999997
2019-05-30,0.026964000000000002
2019-05-31,0.026789999999999998
2019-06-03,0.026934
2019-06-04,0.02671
2019-06-05,0.026632
2019-06-06,0.026542
2019-06-10,0.026661
2019-06-11,0.026772
2019-06-12,0.026848999999999998
2019-06-13,0.027155
2019-06-14,0.027338
2019-06-17,0.027264
2019-06-18,0.02727
2019-06-19,0.027231
2019-06-20,0.026889
2019-06-21,0.026608
2019-06-24,0.026633
2019-06-25,0.026593
2019-06-26,0.026604000000000003
2019-06-27,0.026565
2019-06-28,0.026429
2019-07-01,0.026554
2019-07-02,0.026263
2019-07-03,0.025926
2019-07-04,0.025844999999999996
2019-07-05,0.025956999999999997
2019-07-08,0.026099999999999998
2019-07-09,0.026267
2019-07-10,0.025918
2019-07-11,0.026031
2019-07-12,0.026185999999999997
2019-07-15,0.026244
2019-07-16,0.026246000000000002
2019-07-17,0.026378
2019-07-18,0.026382
2019-07-19,0.026344
2019-07-22,0.026386
2019-07-23,0.026302
2019-07-24,0.026317
2019-07-25,0.026317
2019-07-26,0.026267
2019-07-29,0.026277
2019-07-30,0.026285
2019-07-31,0.026183
2019-08-01,0.026154999999999998
2019-08-02,0.025973000000000003
2019-08-05,0.025875
2019-08-06,0.025724
2019-08-07,0.02572
2019-08-08,0.025752
2019-08-09,0.025693999999999998
2019-08-12,0.025906
2019-08-13,0.025915
2019-08-14,0.025896
2019-08-15,0.025965
2019-08-16,0.025949
2019-08-19,0.025969000000000002
2019-08-20,0.026012
2019-08-21,0.02628
2019-08-22,0.026234999999999998
2019-08-23,0.026195
2019-08-26,0.026081
2019-08-27,0.026258
2019-08-28,0.026260000000000002
2019-08-29,0.026311
2019-08-30,0.026179
2019-09-02,0.026205
2019-09-03,0.026234999999999998
2019-09-04,0.0263
2019-09-05,0.026129
2019-09-06,0.026102
2019-09-09,0.026298
2019-09-10,0.0262
2019-09-11,0.026119
2019-09-12,0.026012
2019-09-16,0.025960999999999998
2019-09-17,0.025963
2019-09-18,0.025503
2019-09-19,0.025507
2019-09-20,0.025718
2019-09-23,0.025651999999999998
2019-09-24,0.025654
2019-09-25,0.025503
2019-09-26,0.025457
2019-09-27,0.025413
2019-09-29,0.025493000000000002
2019-09-30,0.025628
2019-10-08,0.025512999999999997
2019-10-09,0.025643
2019-10-10,0.025651
2019-10-11,0.025551
2019-10-12,0.025546000000000003
2019-10-14,0.025264
2019-10-15,0.025499
2019-10-16,0.025591
2019-10-17,0.025528
2019-10-18,0.025678
2019-10-21,0.025857
2019-10-22,0.025783999999999998
2019-10-23,0.026255
2019-10-24,0.026387
2019-10-25,0.026204
2019-10-28,0.026318
2019-10-29,0.026368999999999997
2019-10-30,0.026644
2019-10-31,0.026648
2019-11-01,0.026576
2019-11-04,0.026654
2019-11-05,0.026654
2019-11-06,0.026650999999999998
2019-11-07,0.026587999999999997
2019-11-08,0.026579000000000002
2019-11-11,0.026535000000000003
2019-11-12,0.026598999999999998
2019-11-13,0.026978
2019-11-14,0.026817999999999998
2019-11-15,0.026876999999999998
2019-11-18,0.026622
2019-11-19,0.026473
2019-11-20,0.026427
2019-11-21,0.026385000000000002
2019-11-22,0.026379
2019-11-25,0.026471
2019-11-26,0.026515
2019-11-27,0.026368999999999997
2019-11-28,0.0265
2019-11-29,0.026431
2019-12-02,0.026506
2019-12-03,0.026365
2019-12-04,0.026234999999999998
2019-12-05,0.026297
2019-12-06,0.026414
2019-12-09,0.026386
2019-12-10,0.02636
2019-12-11,0.026104
2019-12-12,0.026104
2019-12-13,0.026135000000000002
2019-12-16,0.026233
2019-12-17,0.026306
2019-12-18,0.026185
2019-12-19,0.025969000000000002
2019-12-20,0.025795
2019-12-23,0.025544999999999998
2019-12-24,0.025008
2019-12-25,0.024808
2019-12-26,0.023918
2019-12-27,0.023788
2019-12-30,0.023622999999999998
2019-12-31,0.023631000000000003
2020-01-02,0.02416
2020-01-03,0.024359000000000002
2020-01-06,0.024121
2020-01-07,0.024272000000000002
2020-01-08,0.023
2020-01-09,0.023041999999999997
2020-01-10,0.022744
2020-01-13,0.022807
2020-01-14,0.023008999999999998
2020-01-15,0.022854
2020-01-16,0.022721
2020-01-17,0.022618
2020-01-19,0.022627
2020-01-20,0.022019
2020-01-21,0.022058
2020-01-22,0.02181
2020-01-23,0.02181
2020-02-03,0.020909999999999998
2020-02-04,0.021
2020-02-05,0.020773
2020-02-06,0.020593
2020-02-07,0.020525
2020-02-10,0.02
2020-02-11,0.0199
2020-02-12,0.0199
2020-02-13,0.019809999999999998
2020-02-14,0.019613000000000002
2020-02-17,0.019358
2020-02-18,0.019358
2020-02-19,0.019365
2020-02-20,0.019459
2020-02-21,0.019309
2020-02-24,0.018852999999999998
2020-02-25,0.018951
2020-02-26,0.018863
2020-02-27,0.019051
2020-02-28,0.019291
2020-03-02,0.019251
2020-03-03,0.01958
2020-03-04,0.01943
2020-03-05,0.01943
2020-03-06,0.01913
2020-03-09,0.018806
2020-03-10,0.019068
2020-03-11,0.019154
2020-03-12,0.019166000000000002
2020-03-13,0.019234
2020-03-16,0.018954
2020-03-17,0.018954
2020-03-18,0.019154
2020-03-19,0.018852999999999998
2020-03-20,0.018682
2020-03-23,0.018482000000000002
2020-03-24,0.018081
2020-03-25,0.017686
2020-03-26,0.017175
2020-03-27,0.017412
2020-03-30,0.017362
2020-03-31,0.01687
2020-04-01,0.016778
2020-04-02,0.016548
2020-04-03,0.016548
2020-04-07,0.013448
2020-04-08,0.012044
2020-04-09,0.012044
2020-04-10,0.0124
2020-04-13,0.012643
2020-04-14,0.012331000000000002
2020-04-15,0.01225
2020-04-16,0.012088000000000002
2020-04-17,0.012257
2020-04-20,0.012025
2020-04-21,0.011826000000000001
2020-04-22,0.011352
2020-04-23,0.011228
2020-04-24,0.011278999999999999
2020-04-26,0.011324
2020-04-27,0.0113
2020-04-28,0.011337999999999999
2020-04-29,0.011177
2020-04-30,0.011465000000000001
2020-05-06,0.011616
2020-05-07,0.011918999999999999
2020-05-08,0.012134
2020-05-09,0.012097
2020-05-11,0.012194
2020-05-12,0.012225
2020-05-13,0.012381
2020-05-14,0.012334000000000001
2020-05-15,0.012185999999999999
2020-05-18,0.012561
2020-05-19,0.012787
2020-05-20,0.013127999999999999
2020-05-21,0.013328
2020-05-22,0.013923000000000001
2020-05-25,0.014574
2020-05-26,0.015290000000000002
2020-05-27,0.01589
2020-05-28,0.015995
2020-05-29,0.01601
2020-06-01,0.015896999999999998
2020-06-02,0.017018
2020-06-03,0.018201000000000002
2020-06-04,0.019201
2020-06-05,0.020801
2020-06-08,0.020801
2020-06-09,0.020520999999999998
2020-06-10,0.020676999999999997
2020-06-11,0.020723
2020-06-12,0.020503999999999998
2020-06-15,0.020364
2020-06-16,0.020756999999999998
2020-06-17,0.021117
2020-06-18,0.021156
2020-06-19,0.021203
2020-06-22,0.02145
2020-06-23,0.022230000000000003
2020-06-24,0.021495
2020-06-28,0.021261000000000002
2020-06-29,0.021144
2020-06-30,0.021764000000000002
2020-07-01,0.021276000000000003
2020-07-02,0.020975999999999998
2020-07-03,0.020975999999999998
2020-07-06,0.021263
2020-07-07,0.021513
2020-07-08,0.0216
2020-07-09,0.022256
2020-07-10,0.022165
2020-07-13,0.022080000000000002
2020-07-14,0.02198
2020-07-15,0.022000000000000002
2020-07-16,0.021534
2020-07-17,0.022256
2020-07-20,0.02254
2020-07-21,0.022455
2020-07-22,0.022552
2020-07-23,0.022538
2020-07-24,0.022446
2020-07-27,0.022461000000000002
2020-07-28,0.022564999999999998
2020-07-29,0.022458999999999996
2020-07-30,0.022461000000000002
2020-07-31,0.022428
2020-08-03,0.021564999999999997
2020-08-04,0.021745999999999998
2020-08-05,0.022288000000000002
2020-08-06,0.022355999999999997
2020-08-07,0.022225
2020-08-10,0.022001
2020-08-11,0.022212999999999997
2020-08-12,0.022414999999999997
2020-08-13,0.022522
2020-08-14,0.022744
2020-08-17,0.02265
2020-08-18,0.022754
2020-08-19,0.024369000000000002
2020-08-20,0.024237
2020-08-21,0.024336000000000003
2020-08-24,0.024437
2020-08-25,0.024742
2020-08-26,0.024853999999999998
2020-08-27,0.024961
2020-08-28,0.024869
2020-08-31,0.025123000000000003
2020-09-01,0.025203000000000003
2020-09-02,0.025563
2020-09-03,0.025712000000000002
2020-09-04,0.025885
2020-09-07,0.026151
2020-09-08,0.025969000000000002
2020-09-09,0.02603
2020-09-10,0.02573
2020-09-11,0.025964
2020-09-14,0.026051
2020-09-15,0.025934
2020-09-16,0.026114000000000002
2020-09-17,0.026124
2020-09-18,0.026088
2020-09-21,0.026126999999999997
2020-09-22,0.026082
2020-09-23,0.026282
2020-09-24,0.025942
2020-09-25,0.026116
2020-09-27,0.026004999999999997
2020-09-28,0.026075
2020-09-29,0.026381
2020-09-30,0.026462
2020-10-09,0.027017000000000003
2020-10-10,0.027017000000000003
2020-10-12,0.026937000000000003
2020-10-13,0.026959
2020-10-14,0.027189
2020-10-15,0.026882000000000003
2020-10-16,0.026961
2020-10-19,0.026972999999999997
2020-10-20,0.027046999999999998
2020-10-21,0.026848
2020-10-22,0.026461000000000002
2020-10-23,0.026821
2020-10-26,0.026917
2020-10-27,0.026867000000000002
2020-10-28,0.027228
2020-10-29,0.027191
2020-10-30,0.027273000000000002
2020-11-02,0.027525
2020-11-03,0.027322000000000003
2020-11-04,0.027347
2020-11-05,0.027481
2020-11-06,0.027832
2020-11-09,0.027944
2020-11-10,0.027881999999999997
2020-11-11,0.028009
2020-11-12,0.028287
2020-11-13,0.028464
2020-11-16,0.028496999999999998
2020-11-17,0.028634
2020-11-18,0.0294
2020-11-19,0.029432999999999997
2020-11-20,0.029502999999999998
2020-11-23,0.02951
2020-11-24,0.029689999999999998
2020-11-25,0.029461
2020-11-26,0.029357
2020-11-27,0.029104
2020-11-30,0.028310000000000005
2020-12-01,0.028457
2020-12-02,0.028607999999999998
2020-12-03,0.028761000000000002
2020-12-04,0.028708
2020-12-07,0.028614
2020-12-08,0.028416999999999998
2020-12-09,0.028449
2020-12-10,0.028047
2020-12-11,0.028334
2020-12-14,0.028245
2020-12-15,0.027888000000000003
2020-12-16,0.027312
2020-12-17,0.027273000000000002
2020-12-18,0.027267
2020-12-21,0.026919
2020-12-22,0.026695000000000003
2020-12-23,0.026551
2020-12-24,0.026501
2020-12-25,0.026095999999999998
2020-12-28,0.025671
2020-12-29,0.025485999999999998
2020-12-30,0.025036
2020-12-31,0.024739
2021-01-04,0.024952000000000002
2021-01-05,0.024714
2021-01-06,0.024109
2021-01-07,0.023568
2021-01-08,0.023568
2021-01-11,0.023653
2021-01-12,0.02335
2021-01-13,0.022914
2021-01-14,0.023405
2021-01-15,0.023843
2021-01-18,0.0245
2021-01-19,0.024859
2021-01-20,0.024700000000000003
2021-01-21,0.024474999999999997
2021-01-22,0.024525
2021-01-25,0.024911
2021-01-26,0.025575
2021-01-27,0.02588
2021-01-28,0.026957
2021-01-29,0.026799
2021-02-01,0.026042999999999997
2021-02-02,0.026227
2021-02-03,0.026938
2021-02-04,0.027155
2021-02-05,0.027021000000000003
2021-02-07,0.026928
2021-02-08,0.026968000000000002
2021-02-09,0.026772
2021-02-10,0.026559
2021-02-18,0.026916000000000002
2021-02-19,0.026511999999999997
2021-02-20,0.026248999999999998
2021-02-22,0.026225000000000002
2021-02-23,0.026069999999999996
2021-02-24,0.025935
2021-02-25,0.025981
2021-02-26,0.026036
2021-03-01,0.026095999999999998
2021-03-02,0.026168999999999998
2021-03-03,0.026202999999999997
2021-03-04,0.026365
2021-03-05,0.026389999999999997
2021-03-08,0.026539999999999998
2021-03-09,0.02634
2021-03-10,0.026264
2021-03-11,0.026288
2021-03-12,0.026407
2021-03-15,0.02675
2021-03-16,0.026663000000000003
2021-03-17,0.026429
2021-03-18,0.026496
2021-03-19,0.026395
2021-03-22,0.026260000000000002
2021-03-23,0.026208999999999996
2021-03-24,0.026059000000000002
2021-03-25,0.025903999999999996
2021-03-26,0.026073
2021-03-29,0.026075
2021-03-30,0.025929999999999998
2021-03-31,0.02577
2021-04-01,0.025806
2021-04-02,0.0258
2021-04-06,0.025876999999999997
2021-04-07,0.026105
2021-04-08,0.026105
2021-04-09,0.025915
2021-04-12,0.025842999999999998
2021-04-13,0.025643
2021-04-14,0.025678999999999997
2021-04-15,0.025379
2021-04-16,0.025295
2021-04-19,0.025195
2021-04-20,0.024995
2021-04-21,0.024595
2021-04-22,0.024495
2021-04-23,0.0239
2021-04-25,0.023858
2021-04-26,0.024312999999999998
2021-04-27,0.024226
2021-04-28,0.023964
2021-04-29,0.023799
2021-04-30,0.023591
2021-05-06,0.023266
2021-05-07,0.0232
2021-05-08,0.023193000000000002
2021-05-10,0.023129
2021-05-11,0.023077999999999998
2021-05-12,0.022974
2021-05-13,0.023285999999999998
2021-05-14,0.0233
2021-05-17,0.023504
2021-05-18,0.023532
2021-05-19,0.023506
2021-05-20,0.023485999999999996
2021-05-21,0.023272
2021-05-24,0.023418
2021-05-25,0.023468
2021-05-26,0.023414
2021-05-27,0.023462999999999998
2021-05-28,0.0241
2021-05-31,0.024113000000000002
2021-06-01,0.023725
2021-06-02,0.023804
2021-06-03,0.023663
2021-06-04,0.023934
2021-06-07,0.024116
2021-06-08,0.024133
2021-06-09,0.024203000000000002
2021-06-10,0.024239999999999998
2021-06-11,0.024458999999999998
2021-06-15,0.024699
2021-06-16,0.024945
2021-06-17,0.025272000000000003
2021-06-18,0.025274
2021-06-21,0.025202
2021-06-22,0.025252
2021-06-23,0.025012
2021-06-24,0.02469
2021-06-25,0.024437
2021-06-28,0.024704999999999998
2021-06-29,0.024564
2021-06-30,0.024293
2021-07-01,0.024189
2021-07-02,0.023994
2021-07-05,0.024136
2021-07-06,0.024092
2021-07-07,0.024009999999999997
2021-07-08,0.023222999999999997
2021-07-09,0.023474
2021-07-12,0.023174999999999998
2021-07-13,0.022958
2021-07-14,0.022782
2021-07-15,0.022927
2021-07-16,0.022719
2021-07-19,0.022629
2021-07-20,0.022143000000000003
2021-07-21,0.021833
2021-07-22,0.021551
2021-07-23,0.021119
2021-07-26,0.021337000000000002
2021-07-27,0.022109
2021-07-28,0.022135
2021-07-29,0.021621
2021-07-30,0.021345999999999997
2021-08-02,0.021280999999999998
2021-08-03,0.021272000000000003
2021-08-04,0.021448000000000002
2021-08-05,0.021494
2021-08-06,0.021514000000000002
2021-08-09,0.022054
2021-08-10,0.021842999999999998
2021-08-11,0.02194
2021-08-12,0.021934999999999996
2021-08-13,0.022209
2021-08-16,0.022233
2021-08-17,0.022164000000000003
2021-08-18,0.022252
2021-08-19,0.02238
2021-08-20,0.022682
2021-08-23,0.023024
2021-08-24,0.022947000000000002
2021-08-25,0.022995
2021-08-26,0.023247
2021-08-27,0.023235000000000002
2021-08-30,0.023125
2021-08-31,0.023105
2021-09-01,0.022911
2021-09-02,0.022993
2021-09-03,0.023121999999999997
2021-09-06,0.023096000000000002
2021-09-07,0.023146
2021-09-08,0.023246000000000003
2021-09-09,0.023531
2021-09-10,0.023666
2021-09-13,0.023822
2021-09-14,0.02404
2021-09-15,0.024028
2021-09-16,0.024024999999999998
2021-09-17,0.023978000000000003
2021-09-18,0.023912
2021-09-22,0.023325
2021-09-23,0.023385
2021-09-24,0.023828000000000002
2021-09-26,0.023686
2021-09-27,0.023997
2021-09-28,0.023740999999999998
2021-09-29,0.023570999999999998
2021-09-30,0.023327
2021-10-08,0.02344
2021-10-09,0.023252000000000002
2021-10-11,0.02349
2021-10-12,0.023467
2021-10-13,0.023401
2021-10-14,0.023325
2021-10-15,0.023361
2021-10-18,0.023727
2021-10-19,0.023771
2021-10-20,0.023819
2021-10-21,0.023574
2021-10-22,0.023475000000000003
2021-10-25,0.023438
2021-10-26,0.023424999999999998
2021-10-27,0.023375
2021-10-28,0.023375
2021-10-29,0.0231
2021-11-01,0.023151
2021-11-02,0.023051
2021-11-03,0.023001
2021-11-04,0.023001999999999998
2021-11-05,0.022852
2021-11-08,0.022804
2021-11-09,0.022905000000000002
2021-11-10,0.022906
2021-11-11,0.022907
2021-11-12,0.022759
2021-11-15,0.022736999999999997
2021-11-16,0.022688
2021-11-17,0.022814
2021-11-18,0.022716
2021-11-19,0.022618
2021-11-22,0.022523
2021-11-23,0.0225
2021-11-24,0.022425999999999998
2021-11-25,0.022477
2021-11-26,0.022427000000000002
2021-11-29,0.02246
2021-11-30,0.022463
2021-12-01,0.022443
2021-12-02,0.022446
2021-12-03,0.02255
2021-12-06,0.022452
2021-12-07,0.02251
2021-12-08,0.022658
2021-12-09,0.022767
2021-12-10,0.022767
2021-12-13,0.023014999999999997
2021-12-14,0.02298
2021-12-15,0.023100999999999997
2021-12-16,0.023108
2021-12-17,0.023209
2021-12-20,0.023572000000000003
2021-12-21,0.023828000000000002
2021-12-22,0.023656999999999997
2021-12-23,0.023336000000000003
2021-12-24,0.023386
2021-12-27,0.023541
2021-12-28,0.023444
2021-12-29,0.023353000000000002
2021-12-30,0.022936
2021-12-31,0.022429
2022-01-04,0.022529
2022-01-05,0.022284
2022-01-06,0.022303000000000003
2022-01-07,0.022295
2022-01-10,0.022143000000000003
2022-01-11,0.021957
2022-01-12,0.021898
2022-01-13,0.021812
2022-01-14,0.021721
2022-01-17,0.021566000000000002
2022-01-18,0.020501000000000002
2022-01-19,0.020401
2022-01-20,0.020204
2022-01-21,0.020017999999999998
2022-01-24,0.019502
2022-01-25,0.019656
2022-01-26,0.019806999999999998
2022-01-27,0.019936
2022-01-28,0.019507
2022-01-29,0.019512
2022-01-30,0.019514
2022-02-07,0.019472
2022-02-08,0.019049
2022-02-09,0.019001
2022-02-10,0.018837
2022-02-11,0.019192
2022-02-14,0.019017
2022-02-15,0.018847
2022-02-16,0.019279
2022-02-17,0.019095
2022-02-18,0.019781
2022-02-21,0.020326
2022-02-22,0.021162
2022-02-23,0.020935000000000002
2022-02-24,0.020948
2022-02-25,0.020242
2022-02-28,0.020442000000000002
2022-03-01,0.020537
2022-03-02,0.020867
2022-03-03,0.021167
2022-03-04,0.021074000000000002
2022-03-07,0.020849000000000003
2022-03-08,0.020687
2022-03-09,0.021150000000000002
2022-03-10,0.021150000000000002
2022-03-11,0.020863
2022-03-14,0.020724999999999997
2022-03-15,0.021275
2022-03-16,0.021431
2022-03-17,0.021368
2022-03-18,0.021106
2022-03-21,0.0215
2022-03-22,0.021648999999999998
2022-03-23,0.02168
2022-03-24,0.021703999999999998
2022-03-25,0.021632
2022-03-28,0.021595
2022-03-29,0.021582
2022-03-30,0.021545
2022-03-31,0.021299000000000002
2022-04-01,0.021052
2022-04-02,0.021006
2022-04-06,0.020832000000000003
2022-04-07,0.0206
2022-04-08,0.020669
2022-04-11,0.020756999999999998
2022-04-12,0.020729
2022-04-13,0.020520999999999998
2022-04-14,0.020264
2022-04-15,0.019918
2022-04-18,0.020143
2022-04-19,0.020184
2022-04-20,0.020135999999999998
2022-04-21,0.019825
2022-04-22,0.019542
2022-04-24,0.019523
2022-04-25,0.019282
2022-04-26,0.019633
2022-04-27,0.020409999999999998
2022-04-28,0.020562999999999998
2022-04-29,0.02032
2022-05-05,0.020367000000000003
2022-05-06,0.020454
2022-05-07,0.020423
2022-05-09,0.020373000000000002
2022-05-10,0.020306
2022-05-11,0.02051
2022-05-12,0.020261
2022-05-13,0.020125
2022-05-16,0.019969999999999998
2022-05-17,0.019474
2022-05-18,0.019275
2022-05-19,0.019421
2022-05-20,0.019565
2022-05-23,0.019568000000000002
2022-05-24,0.019677
2022-05-25,0.019773
2022-05-26,0.019246
2022-05-27,0.019133
2022-05-30,0.019141
2022-05-31,0.01916
2022-06-01,0.019415
2022-06-02,0.019563999999999998
2022-06-06,0.020198999999999998
2022-06-07,0.020180000000000003
2022-06-08,0.020282
2022-06-09,0.020151
2022-06-10,0.020051
2022-06-13,0.020026000000000002
2022-06-14,0.020176
2022-06-15,0.02036
2022-06-16,0.020352000000000002
2022-06-17,0.020102000000000002
2022-06-20,0.020055999999999997
2022-06-21,0.020017999999999998
2022-06-22,0.019869
2022-06-23,0.019608
2022-06-24,0.019653
2022-06-27,0.019971000000000003
2022-06-28,0.019976
2022-06-29,0.019763
2022-06-30,0.019504
2022-07-01,0.019323999999999997
2022-07-04,0.019831
2022-07-05,0.020099999999999996
2022-07-06,0.019911
2022-07-07,0.019823999999999998
2022-07-08,0.019584
2022-07-11,0.019417
2022-07-12,0.019345
2022-07-13,0.019376
2022-07-14,0.019147
2022-07-15,0.018837
2022-07-18,0.018488
2022-07-19,0.018491
2022-07-20,0.018712
2022-07-21,0.018716999999999998
2022-07-22,0.019036
2022-07-25,0.019007
2022-07-26,0.01881
2022-07-27,0.018772
2022-07-28,0.018905
2022-07-29,0.018623
2022-08-01,0.018269
2022-08-02,0.017705
2022-08-03,0.017528
2022-08-04,0.016907000000000002
2022-08-05,0.017116
2022-08-08,0.017316
2022-08-09,0.017886
2022-08-10,0.018136
2022-08-11,0.018161
2022-08-12,0.018115000000000003
2022-08-15,0.017166999999999998
2022-08-16,0.017199
2022-08-17,0.01719
2022-08-18,0.017004
2022-08-19,0.017248
2022-08-22,0.01757
2022-08-23,0.017571
2022-08-24,0.017496
2022-08-25,0.017911999999999997
2022-08-26,0.017922
2022-08-29,0.017561
2022-08-30,0.017405999999999998
2022-08-31,0.017378
2022-09-01,0.017242999999999998
2022-09-02,0.017193
2022-09-05,0.017132
2022-09-06,0.017127
2022-09-07,0.017365
2022-09-08,0.017490000000000002
2022-09-09,0.017597
2022-09-13,0.017697
2022-09-14,0.018015
2022-09-15,0.018058
2022-09-16,0.018298000000000002
2022-09-19,0.018506
2022-09-20,0.018483
2022-09-21,0.018282
2022-09-22,0.018231999999999998
2022-09-23,0.01828
2022-09-26,0.018608
2022-09-27,0.018711
2022-09-28,0.019024
2022-09-29,0.01893
2022-09-30,0.018535
2022-10-08,0.018323
2022-10-09,0.01829
2022-10-10,0.017908
2022-10-11,0.017867
2022-10-12,0.018067
2022-10-13,0.018050999999999998
2022-10-14,0.017851
2022-10-17,0.017856
2022-10-18,0.017856
2022-10-19,0.017806
2022-10-20,0.017656
2022-10-21,0.017706
2022-10-24,0.0177
2022-10-25,0.017945
2022-10-26,0.018005
2022-10-27,0.017551
2022-10-28,0.017403
2022-10-31,0.017305
2022-11-01,0.017523
2022-11-02,0.017633
2022-11-03,0.01753
2022-11-04,0.017627999999999998
2022-11-07,0.017516
2022-11-08,0.017774
2022-11-09,0.018156000000000002
2022-11-10,0.018584
2022-11-11,0.019614
2022-11-14,0.020663
2022-11-15,0.021342
2022-11-16,0.022014
2022-11-17,0.021714999999999998
2022-11-18,0.021718
2022-11-21,0.021504
2022-11-22,0.021431
2022-11-23,0.021023999999999998
2022-11-24,0.020581000000000002
2022-11-25,0.020685
2022-11-28,0.020699000000000002
2022-11-29,0.021139
2022-11-30,0.021341000000000002
2022-12-01,0.021456
2022-12-02,0.021554000000000004
2022-12-05,0.021462
2022-12-06,0.021566000000000002
2022-12-07,0.022494999999999998
2022-12-08,0.022456999999999998
2022-12-09,0.022869
2022-12-12,0.023018999999999998
2022-12-13,0.023369
2022-12-14,0.023018999999999998
2022-12-15,0.023169
2022-12-16,0.023169
2022-12-19,0.022969
2022-12-20,0.022969
2022-12-21,0.022919000000000002
2022-12-22,0.022669
2022-12-23,0.022269
2022-12-26,0.022469000000000003
2022-12-27,0.022469000000000003
2022-12-28,0.022369
2022-12-29,0.021669
2022-12-30,0.020969
2022-12-31,0.020969
2023-01-03,0.02112
2023-01-04,0.020669999999999997
2023-01-05,0.020819999999999998
2023-01-06,0.02097
2023-01-09,0.020996
2023-01-10,0.02122
2023-01-11,0.021269999999999997
2023-01-12,0.02097
2023-01-13,0.02097
2023-01-16,0.021269999999999997
2023-01-17,0.021269999999999997
2023-01-18,0.021615000000000002
2023-01-19,0.021677
2023-01-20,0.021648
2023-01-28,0.021496
2023-01-29,0.021519
2023-01-30,0.02176
2023-01-31,0.021535000000000002
2023-02-01,0.021631
2023-02-02,0.021507000000000002
2023-02-03,0.021504
2023-02-06,0.021581000000000003
2023-02-07,0.021630000000000003
2023-02-08,0.021617
2023-02-09,0.021673
2023-02-10,0.021682
2023-02-13,0.021734
2023-02-14,0.021781000000000002
2023-02-15,0.021792
2023-02-16,0.021916
2023-02-17,0.021973
2023-02-20,0.022395
2023-02-21,0.022422
2023-02-22,0.022400000000000003
2023-02-23,0.022602999999999998
2023-02-24,0.022948
2023-02-27,0.023165
2023-02-28,0.023291
2023-03-01,0.023197000000000002
2023-03-02,0.023247
2023-03-03,0.02323
2023-03-06,0.022955
2023-03-07,0.02288
2023-03-08,0.02273
2023-03-09,0.02273
2023-03-10,0.022629999999999997
2023-03-13,0.022629999999999997
2023-03-14,0.022690000000000002
2023-03-15,0.022789999999999998
2023-03-16,0.02249
2023-03-17,0.02249
2023-03-20,0.02234
2023-03-21,0.02249
2023-03-22,0.022728
2023-03-23,0.022677999999999997
2023-03-24,0.022928
2023-03-27,0.022728
2023-03-28,0.022778
2023-03-29,0.022753000000000002
2023-03-30,0.022728
2023-03-31,0.022328
2023-04-03,0.022328
2023-04-04,0.022303000000000003
2023-04-06,0.022278
2023-04-07,0.022278
2023-04-10,0.022227999999999998
2023-04-11,0.022128000000000002
2023-04-12,0.022091
2023-04-13,0.022066
2023-04-14,0.022091
2023-04-17,0.022141
2023-04-18,0.022016
2023-04-19,0.021890999999999997
2023-04-20,0.021905
2023-04-21,0.021894
2023-04-23,0.021906
2023-04-24,0.021855000000000003
2023-04-25,0.021754
2023-04-26,0.021727
2023-04-27,0.021560000000000003
2023-04-28,0.021463999999999997
2023-05-04,0.021362000000000003
2023-05-05,0.021265999999999997
2023-05-06,0.021215
2023-05-08,0.021322999999999998
2023-05-09,0.021203
2023-05-10,0.020883
2023-05-11,0.020353
2023-05-12,0.020440999999999997
2023-05-15,0.020602
2023-05-16,0.020653
2023-05-17,0.020780000000000003
2023-05-18,0.020729
2023-05-19,0.020554000000000003
2023-05-22,0.020218
2023-05-23,0.019909
2023-05-24,0.019893
2023-05-25,0.019790000000000002
2023-05-26,0.020188
2023-05-29,0.019979
2023-05-30,0.019835000000000002
2023-05-31,0.019829
2023-06-01,0.019721
2023-06-02,0.019731000000000002
2023-06-05,0.01939
2023-06-06,0.019177
2023-06-07,0.018955
2023-06-08,0.018887
2023-06-09,0.018636
2023-06-12,0.018663
2023-06-13,0.018514
2023-06-14,0.018365
2023-06-15,0.018616
2023-06-16,0.018817
2023-06-19,0.019018
2023-06-20,0.019118
2023-06-21,0.019160999999999997
2023-06-25,0.019119999999999998
2023-06-26,0.019119999999999998
2023-06-27,0.01952
2023-06-28,0.01942
2023-06-29,0.01932
2023-06-30,0.018723
2023-07-03,0.018425
2023-07-04,0.018326
2023-07-05,0.018227
2023-07-06,0.018227
2023-07-07,0.018279
2023-07-10,0.018279
2023-07-11,0.018231
2023-07-12,0.018183
2023-07-13,0.018384
2023-07-14,0.018385
2023-07-17,0.017635
2023-07-18,0.017635
2023-07-19,0.017535000000000002
2023-07-20,0.017485
2023-07-21,0.017384999999999998
2023-07-24,0.017335
2023-07-25,0.017782
2023-07-26,0.017882
2023-07-27,0.018182
2023-07-28,0.018181
2023-07-31,0.018102
2023-08-01,0.017751
2023-08-02,0.017662999999999998
2023-08-03,0.017421
2023-08-04,0.017511000000000002
2023-08-07,0.017599
2023-08-08,0.017796
2023-08-09,0.018092999999999998
2023-08-10,0.018265
2023-08-11,0.018305000000000002
2023-08-14,0.018156000000000002
2023-08-15,0.018245
2023-08-16,0.018375
2023-08-17,0.018397
2023-08-18,0.018323
2023-08-21,0.018705
2023-08-22,0.01899
2023-08-23,0.018964
2023-08-24,0.018772
2023-08-25,0.018951
2023-08-28,0.019245
2023-08-29,0.019902
2023-08-30,0.019392
2023-08-31,0.019051
2023-09-01,0.019577999999999998
2023-09-04,0.019822
2023-09-05,0.019929
2023-09-06,0.020801
2023-09-07,0.020874
2023-09-08,0.020952000000000002
2023-09-11,0.021352000000000003
2023-09-12,0.021252
2023-09-13,0.021027
2023-09-14,0.021027
2023-09-15,0.021327
2023-09-18,0.021727
2023-09-19,0.021877
2023-09-20,0.022077
2023-09-21,0.021877
2023-09-22,0.021977000000000003
2023-09-25,0.022126999999999997
2023-09-26,0.022327
2023-09-27,0.022077
2023-09-28,0.021677
2023-10-07,0.021477
2023-10-08,0.021377
2023-10-09,0.021577000000000002
2023-10-10,0.021977000000000003
2023-10-11,0.022376999999999998
2023-10-12,0.021977000000000003
2023-10-13,0.021777
2023-10-16,0.021877
2023-10-17,0.022227
2023-10-18,0.022456999999999998
2023-10-19,0.022907
2023-10-20,0.023107000000000003
2023-10-23,0.023007
2023-10-24,0.023257
2023-10-25,0.022837999999999997
2023-10-26,0.022837999999999997
2023-10-27,0.022807
2023-10-30,0.022251
2023-10-31,0.022050999999999998
2023-11-01,0.022501000000000004
2023-11-02,0.022151
2023-11-03,0.022202000000000003
2023-11-06,0.022303000000000003
2023-11-07,0.022505
2023-11-08,0.022479
2023-11-09,0.022406000000000002
2023-11-10,0.022306
2023-11-13,0.022059000000000002
2023-11-14,0.021713
2023-11-15,0.021613000000000004
2023-11-16,0.021415000000000003
2023-11-17,0.021221
2023-11-20,0.021477
2023-11-21,0.022024
2023-11-22,0.023112
2023-11-23,0.023264
2023-11-24,0.023317
2023-11-27,0.023889
2023-11-28,0.023563999999999998
2023-11-29,0.023565999999999997
2023-11-30,0.023367
2023-12-01,0.023439
2023-12-04,0.023769
2023-12-05,0.023816999999999998
2023-12-06,0.023971
2023-12-07,0.023816
2023-12-08,0.023791000000000003
2023-12-11,0.023816
2023-12-12,0.023826
2023-12-13,0.023526
2023-12-14,0.023351
2023-12-15,0.023076
2023-12-18,0.022951000000000003
2023-12-19,0.023001
2023-12-20,0.023051
2023-12-21,0.022801000000000002
2023-12-22,0.022526
2023-12-25,0.022246000000000002
2023-12-26,0.022046
2023-12-27,0.021546
2023-12-28,0.021196000000000003
2023-12-29,0.020796000000000002
2023-12-31,0.020796000000000002
2024-01-02,0.021166
2024-01-03,0.021416
2024-01-04,0.021541
2024-01-05,0.021091000000000002
2024-01-08,0.021191
2024-01-09,0.020991
2024-01-10,0.021091000000000002
2024-01-11,0.020941
2024-01-12,0.020941
2024-01-15,0.020991
2024-01-16,0.021091000000000002
2024-01-17,0.021040999999999997
2024-01-18,0.020991
2024-01-19,0.020841
2024-01-22,0.020813
2024-01-23,0.020841
2024-01-24,0.020691
2024-01-25,0.020342
2024-01-26,0.020229
2024-01-29,0.019400999999999998
2024-01-30,0.018751
2024-01-31,0.018802
2024-02-01,0.018802
2024-02-02,0.018903
2024-02-04,0.018803
2024-02-05,0.018829
2024-02-06,0.019269
2024-02-07,0.019287000000000002
2024-02-08,0.019265
2024-02-09,0.019265
2024-02-18,0.019292
2024-02-19,0.019157
2024-02-20,0.018649
2024-02-21,0.018149
2024-02-22,0.017731
2024-02-23,0.017699
2024-02-26,0.017669999999999998
2024-02-27,0.017739
2024-02-28,0.017863
2024-02-29,0.017870999999999998
2024-03-01,0.017833
2024-03-04,0.017612000000000003
2024-03-05,0.017732
2024-03-06,0.017574
2024-03-07,0.017578
2024-03-08,0.017525
2024-03-11,0.017575
2024-03-12,0.017975
2024-03-13,0.018175
2024-03-14,0.018475
2024-03-15,0.018325
2024-03-18,0.017825
2024-03-19,0.017725
2024-03-20,0.017725
2024-03-21,0.017625
2024-03-22,0.017625
2024-03-25,0.017875000000000002
2024-03-26,0.0179
2024-03-27,0.017525
2024-03-28,0.017525
2024-03-29,0.017225
2024-04-01,0.017425
2024-04-02,0.017275
2024-04-03,0.017225
2024-04-07,0.017225
2024-04-08,0.017025
2024-04-09,0.016925
2024-04-10,0.017033
2024-04-11,0.017033
2024-04-12,0.016958
2024-04-15,0.017033
2024-04-16,0.017233000000000002
2024-04-17,0.017133
2024-04-18,0.016982999999999998
2024-04-19,0.016933
2024-04-22,0.016833
2024-04-23,0.016633
2024-04-24,0.016696
2024-04-25,0.016046
2024-04-26,0.016646
2024-04-28,0.016932
2024-04-29,0.017831
2024-04-30,0.016928000000000002
2024-05-06,0.017022
2024-05-07,0.017028
2024-05-08,0.017071
2024-05-09,0.017204999999999998
2024-05-10,0.017044
2024-05-11,0.017092
2024-05-13,0.016417
2024-05-14,0.016132
2024-05-15,0.016134
2024-05-16,0.01628
2024-05-17,0.016073
2024-05-20,0.016135999999999998
2024-05-21,0.016129
2024-05-22,0.016052
2024-05-23,0.016085000000000002
2024-05-24,0.016375
2024-05-27,0.016612000000000002
2024-05-28,0.016552
2024-05-29,0.016567000000000002
2024-05-30,0.016531
2024-05-31,0.016444
2024-06-03,0.016457
2024-06-04,0.016461
2024-06-05,0.016319
2024-06-06,0.016105
2024-06-07,0.016040000000000002
2024-06-11,0.01599
2024-06-12,0.01599
2024-06-13,0.015969999999999998
2024-06-14,0.01594
2024-06-17,0.016040000000000002
2024-06-18,0.016040000000000002
2024-06-19,0.01599
2024-06-20,0.01599
2024-06-21,0.015915
2024-06-24,0.015915
2024-06-25,0.015615
2024-06-26,0.01544
2024-06-27,0.015489999999999999
2024-06-28,0.01539
2024-07-01,0.015565
2024-07-02,0.015365
2024-07-03,0.01524
2024-07-04,0.01529
2024-07-05,0.01529
2024-07-08,0.01579
2024-07-09,0.01554
2024-07-10,0.015515000000000001
2024-07-11,0.01539
2024-07-12,0.01539
2024-07-15,0.015365
2024-07-16,0.01529
2024-07-17,0.01524
2024-07-18,0.015315
2024-07-19,0.015264999999999999
2024-07-22,0.014879999999999999
2024-07-23,0.014705
2024-07-24,0.014655
2024-07-25,0.014650000000000002
2024-07-26,0.014769000000000001
2024-07-29,0.014499999999999999
2024-07-30,0.0143
2024-07-31,0.014200999999999998
2024-08-01,0.014100999999999999
2024-08-02,0.013900999999999998
2024-08-05,0.013902000000000001
2024-08-06,0.014103000000000001
2024-08-07,0.014065000000000001
2024-08-08,0.014268000000000001
2024-08-09,0.014561999999999999
2024-08-12,0.015283
2024-08-13,0.015007999999999999
2024-08-14,0.015059
2024-08-15,0.015210999999999999
2024-08-16,0.015341
2024-08-19,0.015406
2024-08-20,0.015535
2024-08-21,0.015443
2024-08-22,0.015210999999999999
2024-08-23,0.014973
2024-08-26,0.015042
2024-08-27,0.015073000000000001
2024-08-28,0.014962999999999999
2024-08-29,0.014912000000000002
2024-08-30,0.0149
2024-09-02,0.014650000000000002
2024-09-03,0.0143
2024-09-04,0.01455
2024-09-05,0.014475
2024-09-06,0.014352
2024-09-09,0.014152
2024-09-10,0.013552
2024-09-11,0.013285
2024-09-12,0.013260000000000001
2024-09-13,0.013260000000000001
2024-09-14,0.013309999999999999
2024-09-18,0.01366
2024-09-19,0.01391
2024-09-20,0.01391
2024-09-23,0.013878999999999999
2024-09-24,0.014178999999999999
2024-09-25,0.013878999999999999
2024-09-26,0.014029
2024-09-27,0.014379
2024-09-29,0.014379
2024-09-30,0.013678999999999998
2024-10-08,0.013729
2024-10-09,0.014279
2024-10-10,0.014379
2024-10-11,0.014429
2024-10-12,0.014178999999999999
2024-10-14,0.014478999999999999
2024-10-15,0.014504
2024-10-16,0.014504
2024-10-17,0.014279
2024-10-18,0.014329000000000001
2024-10-21,0.014354
2024-10-22,0.014349
2024-10-23,0.014254
2024-10-24,0.014301999999999999
2024-10-25,0.014169000000000001
2024-10-28,0.014070000000000001
2024-10-29,0.014367000000000001
2024-10-30,0.014461
2024-10-31,0.01426
2024-11-01,0.014065000000000001
2024-11-04,0.014044000000000001
2024-11-05,0.014077
2024-11-06,0.014103000000000001
2024-11-07,0.014022
2024-11-08,0.014061999999999998
2024-11-11,0.014032
2024-11-12,0.014008
2024-11-13,0.014028
2024-11-14,0.01391
2024-11-15,0.013875
2024-11-18,0.013703
2024-11-19,0.013579
2024-11-20,0.01348
2024-11-21,0.013479000000000001
2024-11-22,0.013504
2024-11-25,0.013603
2024-11-26,0.013856
2024-11-27,0.013845000000000001
2024-11-28,0.013777
2024-11-29,0.013697999999999998
2024-12-02,0.013500000000000002
2024-12-03,0.013491
2024-12-04,0.013432
2024-12-05,0.013479000000000001
2024-12-06,0.013485
2024-12-09,0.013482000000000001
2024-12-10,0.013087
2024-12-11,0.012782
2024-12-12,0.012142
2024-12-13,0.011581999999999999
2024-12-16,0.011182000000000001
2024-12-17,0.011081
2024-12-18,0.010782
2024-12-19,0.010431999999999999
2024-12-20,0.009807
2024-12-23,0.009307
2024-12-24,0.009307
2024-12-25,0.009907000000000001
2024-12-26,0.010157000000000001
2024-12-27,0.010393
2024-12-30,0.011092999999999999
2024-12-31,0.010843
2025-01-02,0.010693
2025-01-03,0.010177
2025-01-06,0.010391
2025-01-07,0.0108
2025-01-08,0.011200000000000002
2025-01-09,0.011699999999999999
2025-01-10,0.011961
2025-01-13,0.012361
2025-01-14,0.012161
2025-01-15,0.012060999999999999
2025-01-16,0.012217
2025-01-17,0.012617
2025-01-20,0.013000000000000001
2025-01-21,0.012849999999999999
2025-01-22,0.012849999999999999
2025-01-23,0.013099000000000001
2025-01-24,0.013399000000000001
2025-01-26,0.013474
2025-01-27,0.013036
2025-02-05,0.012599
2025-02-06,0.0121
2025-02-07,0.012229
2025-02-08,0.012271
2025-02-10,0.012582
2025-02-11,0.012667
2025-02-12,0.012670999999999998
2025-02-13,0.012846
2025-02-14,0.013795
2025-02-17,0.014190000000000001
2025-02-18,0.01458
2025-02-19,0.014619
2025-02-20,0.014758
2025-02-21,0.014797
2025-02-24,0.014802
2025-02-25,0.014671
2025-02-26,0.014537
2025-02-27,0.014974000000000001
2025-02-28,0.014597
2025-03-03,0.014322
2025-03-04,0.014397
2025-03-05,0.014447000000000002
2025-03-06,0.014697
2025-03-07,0.015547
2025-03-10,0.015497
2025-03-11,0.015823
2025-03-12,0.015779
2025-03-13,0.015779
2025-03-14,0.015629
2025-03-17,0.015879
2025-03-18,0.015879
2025-03-19,0.015879
2025-03-20,0.015629
2025-03-21,0.015579
2025-03-24,0.015354000000000001
2025-03-25,0.015404
2025-03-26,0.015279000000000001
2025-03-27,0.015279000000000001
2025-03-28,0.015279000000000001
2025-03-31,0.015379
2025-04-01,0.015454
2025-04-02,0.015404
2025-04-03,0.014829000000000002
2025-04-07,0.014429
2025-04-08,0.014779
2025-04-09,0.014328
2025-04-10,0.014128
2025-04-11,0.013977999999999999
2025-04-14,0.014153
2025-04-15,0.014228000000000001
2025-04-16,0.014178
2025-04-17,0.014301
2025-04-18,0.0143
2025-04-21,0.01448
2025-04-22,0.014432
2025-04-23,0.014513
2025-04-24,0.014532
2025-04-25,0.014501
2025-04-27,0.014501
2025-04-28,0.014601
2025-04-29,0.01455
2025-04-30,0.014598999999999999
2025-05-06,0.014624
2025-05-07,0.014474
2025-05-08,0.014149
2025-05-09,0.014194
2025-05-12,0.014232
2025-05-13,0.014131
2025-05-14,0.014228000000000001
2025-05-15,0.014384999999999998
2025-05-16,0.014508
2025-05-19,0.014429
2025-05-20,0.014483
2025-05-21,0.014496
2025-05-22,0.014495000000000001
2025-05-23,0.014480999999999999
2025-05-26,0.014581
2025-05-27,0.014649
2025-05-28,0.014628
2025-05-29,0.014783
2025-05-30,0.014552
2025-06-03,0.014627
2025-06-04,0.014527000000000002
2025-06-05,0.014352
2025-06-06,0.014101999999999998
2025-06-09,0.014101999999999998
2025-06-10,0.014077
2025-06-11,0.014052
2025-06-12,0.014052
2025-06-13,0.014001999999999999
2025-06-16,0.013987000000000001
2025-06-17,0.013702
2025-06-18,0.013602000000000001
2025-06-19,0.013642000000000001
2025-06-20,0.013552
2025-06-23,0.013552
2025-06-24,0.013627
2025-06-25,0.013652
2025-06-26,0.013627
2025-06-27,0.013451999999999999
2025-06-30,0.013402
2025-07-01,0.013376999999999998
2025-07-02,0.013352
2025-07-03,0.013372
2025-07-04,0.013362
2025-07-07,0.013402
2025-07-08,0.013552
2025-07-09,0.013602000000000001
2025-07-10,0.013727
2025-07-11,0.013702
2025-07-14,0.013752
2025-07-15,0.013652
2025-07-16,0.013573
2025-07-17,0.013548
2025-07-18,0.01349
2025-07-21,0.013565
2025-07-22,0.01359
2025-07-23,0.013741000000000001
2025-07-24,0.013940999999999999
2025-07-25,0.013835
2025-07-28,0.013634
2025-07-29,0.014111
2025-07-30,0.013956999999999999
2025-07-31,0.013807
2025-08-01,0.013734
2025-08-04,0.013696999999999999
2025-08-05,0.013692
2025-08-06,0.013654
2025-08-07,0.013608
2025-08-08,0.013506
2025-08-11,0.013616999999999999
2025-08-12,0.013664
2025-08-13,0.013614999999999999
2025-08-14,0.013665
2025-08-15,0.013665
2025-08-18,0.013865
2025-08-19,0.013925
2025-08-20,0.013866
2025-08-21,0.013848000000000001
2025-08-22,0.013707
2025-08-25,0.013608
2025-08-26,0.013597
2025-08-27,0.013632
2025-08-28,0.013692
2025-08-29,0.013697999999999998
2025-09-01,0.013646
2025-09-02,0.013654
2025-09-03,0.013680000000000001
2025-09-04,0.013777
2025-09-05,0.013959
2025-09-08,0.013999999999999999
2025-09-09,0.013999999999999999
2025-09-10,0.014150000000000001
2025-09-11,0.013999999999999999
2025-09-12,0.013999999999999999
2025-09-15,0.013975
2025-09-16,0.013975
2025-09-17,0.01395
2025-09-18,0.013875
2025-09-19,0.0139
2025-09-22,0.013825
2025-09-23,0.01385
2025-09-24,0.0139
2025-09-25,0.013925
2025-09-26,0.013825
2025-09-28,0.013865
2025-09-29,0.013825
2025-09-30,0.013653
2025-10-09,0.013741000000000001
2025-10-10,0.013741000000000001
2025-10-11,0.013691
2025-10-13,0.013841000000000001
2025-10-14,0.014091
2025-10-15,0.014166000000000002
2025-10-16,0.014166000000000002
2025-10-17,0.014434
2025-10-20,0.014713
2025-10-21,0.014737
2025-10-22,0.014789000000000002
2025-10-23,0.014764
2025-10-24,0.014716
2025-10-27,0.014621
2025-10-28,0.014311
2025-10-29,0.013918
2025-10-30,0.013831
2025-10-31,0.013826
2025-11-03,0.013892
2025-11-04,0.013926000000000001
2025-11-05,0.014039999999999999
2025-11-06,0.014011000000000001
2025-11-07,0.014045
2025-11-10,0.013994
2025-11-11,0.014048
2025-11-12,0.01409
2025-11-13,0.01409
2025-11-14,0.014104
2025-11-17,0.014064
2025-11-18,0.014055999999999999
2025-11-19,0.014027000000000001
2025-11-20,0.014039999999999999
2025-11-21,0.014008
2025-11-24,0.014034
2025-11-25,0.014052
2025-11-26,0.014067000000000001
2025-11-27,0.014093
2025-11-28,0.014017
2025-12-01,0.014116
2025-12-02,0.014081
2025-12-03,0.014116
2025-12-04,0.014034
2025-12-05,0.014015999999999999
2025-12-08,0.014014
2025-12-09,0.013969
2025-12-10,0.013951
2025-12-11,0.013878999999999999
2025-12-12,0.013878999999999999
2025-12-15,0.013872
2025-12-16,0.013822000000000001
2025-12-17,0.013796999999999999
2025-12-18,0.013747
2025-12-19,0.013547
2025-12-22,0.013547
2025-12-23,0.013422
2025-12-24,0.013372
2025-12-25,0.013071999999999999
2025-12-26,0.012872
2025-12-29,0.013322
2025-12-30,0.013372
2025-12-31,0.013372
2026-01-04,0.013322
2026-01-05,0.013562000000000001
2026-01-06,0.013562000000000001
2026-01-07,0.013562000000000001
2026-01-08,0.013237
2026-01-09,0.012887
2026-01-12,0.012537
2026-01-13,0.012562
2026-01-14,0.012712000000000001
2026-01-15,0.012611
2026-01-16,0.012424
2026-01-19,0.012884
2026-01-20,0.012738000000000001
2026-01-21,0.012854
2026-01-22,0.012863
2026-01-23,0.012819
2026-01-26,0.012948
2026-01-27,0.013028999999999999
2026-01-28,0.013052999999999999
2026-01-29,0.013007999999999999
2026-01-30,0.012999
2026-02-02,0.013076
2026-02-03,0.013073
2026-02-04,0.013078000000000001
2026-02-05,0.013104
2026-02-06,0.013207
2026-02-09,0.013153
2026-02-10,0.013151
2026-02-11,0.013141
2026-02-12,0.013164
2026-02-13,0.013168
2026-02-14,0.013145
2026-02-24,0.01315
2026-02-25,0.013218
2026-02-26,0.013271999999999999
2026-02-27,0.013216
2026-02-28,0.013168
2026-03-02,0.013092999999999999
2026-03-03,0.013018
2026-03-04,0.012918
2026-03-05,0.012918
2026-03-06,0.012858000000000001
2026-03-09,0.012868
2026-03-10,0.012818000000000001
2026-03-11,0.012768
2026-03-12,0.012643
2026-03-13,0.012768
2026-03-16,0.012768
2026-03-17,0.012693000000000001
2026-03-18,0.012618
2026-03-19,0.012568
2026-03-20,0.012568
2026-03-23,0.012568
2026-03-24,0.012618
2026-03-25,0.012667999999999999
2026-03-26,0.012568
