arm,etf,side,quarter,tag,oos_ic,oos_tail_ic,oos_mono,n_oos,n_active_features,n_selected_features,strat_n_trades,strat_total_ret,strat_sharpe,strat_win_rate,strat_max_dd,strat_mean_ret,status,quarter_label
A,159915ETF,long,2024-03-01,159915ETF_long_r202403_sortino_blended,0.3396615547329455,0.8666666666666667,0.6121212121212121,61,11,11,7,5.159060771315911,11.579867089273932,0.7142857142857143,0.35054049397684905,0.7370086816165587,ok,2024Q1
A,159915ETF,long,2024-06-01,159915ETF_long_r202406_sortino_blended,-0.1286644764790853,0.03333333333333333,-0.10303030303030303,64,14,14,7,0.8598529841260378,2.746347617767376,0.5714285714285714,1.8289504886040704,0.12283614058943397,ok,2024Q2
A,159915ETF,long,2024-09-01,159915ETF_long_r202409_sortino_blended,0.24623950290688731,0.047619047619047616,0.45454545454545453,58,24,24,6,28.774695360553356,16.66488914585311,0.8333333333333334,0.09592871334340458,4.795782560092226,ok,2024Q3
A,159915ETF,long,2024-12-01,159915ETF_long_r202412_sortino_blended,0.14386785197945184,-0.047619047619047616,0.44242424242424244,58,25,25,6,-0.47495471918333987,-1.3396871539365716,0.5,1.1048481483541874,-0.07915911986388997,ok,2024Q4
A,159915ETF,long,2025-03-01,159915ETF_long_r202503_sortino_blended,0.15161490766670935,-0.4166666666666667,0.4909090909090909,61,27,27,7,-1.6081736014292987,-3.264250635571827,0.5714285714285714,1.6964558313773204,-0.22973908591847123,ok,2025Q1
A,159915ETF,long,2025-06-01,159915ETF_long_r202506_sortino_blended,0.1157967032967033,-0.06666666666666667,0.3090909090909091,64,30,30,7,2.201657489705822,4.820980170085012,0.42857142857142855,0.6989069336073324,0.31452249852940317,ok,2025Q2
A,159915ETF,long,2025-09-01,159915ETF_long_r202509_sortino_blended,0.0565166569257744,-0.2857142857142857,0.07878787878787878,59,33,33,6,-3.9842662902930583,-4.352201294487015,0.5,5.7759177844029965,-0.6640443817155097,ok,2025Q3
A,159915ETF,long,2025-12-01,159915ETF_long_r202512_sortino_blended,-0.05736416522929106,0.19047619047619047,-0.28484848484848485,57,36,36,6,0.970992753674385,3.831673092337543,0.8333333333333334,0.9882025784006503,0.1618321256123975,ok,2025Q4
A,159915ETF,single,2024-03-01,159915ETF_r202403_sortino_blended,0.33828662083553673,0.7062937062937062,0.5151515151515151,61,13,13,13,6.468727332606837,8.656208710418557,0.7692307692307693,1.6301271372531057,0.4975944102005259,ok,2024Q1
A,159915ETF,single,2024-06-01,159915ETF_r202406_sortino_blended,-0.09475841070230144,0.06993006993006994,-0.16363636363636364,64,13,13,13,2.63172299224931,3.76853356647457,0.6153846153846154,3.3983722295954024,0.20244023017302387,ok,2024Q2
A,159915ETF,single,2024-09-01,159915ETF_r202409_sortino_blended,0.29816358546863947,0.7575757575757576,0.6727272727272727,58,23,23,11,18.802367639938623,9.637487472574987,0.7272727272727273,2.1112924555312738,1.7093061490853294,ok,2024Q3
A,159915ETF,single,2024-12-01,159915ETF_r202412_sortino_blended,0.16644621489433695,-0.006060606060606061,0.4909090909090909,58,23,23,11,0.8316347338987256,1.1555758040870792,0.36363636363636365,2.052659296463797,0.07560315762715687,ok,2024Q4
A,159915ETF,single,2025-03-01,159915ETF_r202503_sortino_blended,0.1478602308462223,0.25874125874125875,0.6848484848484848,61,26,26,13,2.637083266888657,4.204198172192153,0.8461538461538461,0.8651070946054062,0.20285255899143514,ok,2025Q1
A,159915ETF,single,2025-06-01,159915ETF_r202506_sortino_blended,0.1222985347985348,-0.06293706293706294,0.4909090909090909,64,29,29,13,0.49067202535670207,0.678728848234753,0.38461538461538464,1.8975016366727027,0.03774400195051554,ok,2025Q2
A,159915ETF,single,2025-09-01,159915ETF_r202509_sortino_blended,0.09859731151373466,-0.07878787878787878,0.15151515151515152,59,30,30,11,0.7403770552386194,0.4249167559522509,0.7272727272727273,8.092027367792035,0.06730700502169268,ok,2025Q3
A,159915ETF,single,2025-12-01,159915ETF_r202512_sortino_blended,-0.06929072613571993,-0.34545454545454546,-0.40606060606060607,57,34,34,11,-1.6151639023993183,-2.5960584891038994,0.5454545454545454,3.379347947311153,-0.14683308203630166,ok,2025Q4
A,159915ETF,short,2024-03-01,159915ETF_short_r202403_sortino_blended,0.3176626123744051,0.15,0.5878787878787879,61,25,25,6,2.915422032281944,42.21419095749643,1.0,0.0,0.4859036720469907,ok,2024Q1
A,159915ETF,short,2024-06-01,159915ETF_short_r202406_sortino_blended,-0.15714465597018532,0.5523060897787772,-0.23636363636363636,64,26,26,6,2.2895673747174037,8.752262435351023,0.6666666666666666,0.7854295107528704,0.38159456245290063,ok,2024Q2
A,159915ETF,short,2024-09-01,159915ETF_short_r202409_sortino_blended,0.24205604601802577,-0.3333333333333333,0.3696969696969697,58,28,28,5,-0.28083412556593,-0.776086920433635,0.4,2.1112924555312733,-0.056166825113186006,ok,2024Q3
A,159915ETF,short,2024-12-01,159915ETF_short_r202412_sortino_blended,0.17438247869820664,-0.30952380952380953,0.503030303030303,58,28,28,5,2.9523157559065325,9.984270765842485,0.8,0.45939955356877743,0.5904631511813065,ok,2024Q4
A,159915ETF,short,2025-03-01,159915ETF_short_r202503_sortino_blended,0.1516677904388289,0.43333333333333335,0.296969696969697,61,28,28,6,6.4157211500123035,10.570564480562636,1.0,0.0,1.0692868583353838,ok,2025Q1
A,159915ETF,short,2025-06-01,159915ETF_short_r202506_sortino_blended,0.14404761904761904,0.3333333333333333,0.3090909090909091,64,34,34,6,-1.4516846230064686,-5.185575426791698,0.3333333333333333,1.8975016366727027,-0.24194743716774478,ok,2025Q2
A,159915ETF,short,2025-09-01,159915ETF_short_r202509_sortino_blended,0.07521917007597896,0.3333333333333333,0.1393939393939394,59,37,37,5,7.5378696439830755,14.98048954443525,0.8,0.0,1.507573928796615,ok,2025Q3
A,159915ETF,short,2025-12-01,159915ETF_short_r202512_sortino_blended,-0.06112362464544799,-0.21428571428571427,-0.09090909090909091,57,40,40,5,-2.5861566560737033,-7.693212420507432,0.2,3.379347947311153,-0.5172313312147406,ok,2025Q4
A,300ETF,long,2024-03-01,300ETF_long_r202403_sortino_blended,0.17499603387949236,0.26666666666666666,0.5636363636363636,61,25,25,7,0.3672337541313674,1.1755183510844163,0.7142857142857143,1.6361801696969591,0.05246196487590963,ok,2024Q1
A,300ETF,long,2024-06-01,300ETF_long_r202406_sortino_blended,-0.24116576427592254,-0.5833333333333334,-0.44242424242424244,64,29,29,7,-3.9174749930925863,-34.91066644551657,0.0,3.441974384444312,-0.5596392847275123,ok,2024Q2
A,300ETF,long,2024-09-01,300ETF_long_r202409_sortino_blended,-0.09212833369220831,0.30952380952380953,-0.22424242424242424,58,29,29,6,-1.1712036639656138,-1.0439788366391873,0.3333333333333333,4.5435712900797,-0.19520061066093564,ok,2024Q3
A,300ETF,long,2024-12-01,300ETF_long_r202412_sortino_blended,-0.035159494293887844,0.0,-0.17575757575757575,58,32,32,6,-0.00465652035583039,-0.0240570498292531,0.5,1.0703754796071812,-0.0007760867259717317,ok,2024Q4
A,300ETF,long,2025-03-01,300ETF_long_r202503_sortino_blended,0.13948691310388003,0.11666666666666667,0.793939393939394,61,32,32,7,0.8689439867456409,3.389224012691723,0.5714285714285714,0.3296588203009182,0.12413485524937727,ok,2025Q1
A,300ETF,long,2025-06-01,300ETF_long_r202506_sortino_blended,0.2070970695970696,-0.13333333333333333,0.3212121212121212,64,36,36,7,1.3051983951549964,4.835766129147367,0.5714285714285714,0.9793168100485434,0.18645691359357092,ok,2025Q2
A,300ETF,long,2025-09-01,300ETF_long_r202509_sortino_blended,0.029690239625949737,0.3333333333333333,0.05454545454545454,59,40,40,6,0.25416705445717025,0.8824433614327926,0.6666666666666666,0.7972886925694674,0.04236117574286171,ok,2025Q3
A,300ETF,long,2025-12-01,300ETF_long_r202512_sortino_blended,-0.0742805289084781,0.14285714285714285,0.05454545454545454,57,40,40,6,1.0828310913113435,5.19308776398462,0.6666666666666666,0.8767526487855777,0.18047184855189058,ok,2025Q4
A,300ETF,single,2024-03-01,300ETF_r202403_sortino_blended,0.1544238195612323,0.3706293706293706,0.3212121212121212,61,25,25,13,2.6609619867078376,4.880241954238397,0.6923076923076923,0.9828621448324621,0.20468938359291058,ok,2024Q1
A,300ETF,single,2024-06-01,300ETF_r202406_sortino_blended,-0.19853707117911526,-0.5454545454545454,-0.2727272727272727,64,25,25,13,-2.968115546409185,-6.075439197052847,0.23076923076923078,4.109057757765542,-0.22831658049301423,ok,2024Q2
A,300ETF,single,2024-09-01,300ETF_r202409_sortino_blended,-0.023101295025992803,0.04242424242424243,0.24848484848484848,58,29,29,11,1.9307424065629755,1.3635325042257829,0.36363636363636365,4.36251614432852,0.1755220369602705,ok,2024Q3
A,300ETF,single,2024-12-01,300ETF_r202412_sortino_blended,-0.061490664123781104,0.2727272727272727,0.04242424242424243,58,32,32,11,0.3423481210650383,1.0627724790059165,0.5454545454545454,1.070375479607181,0.03112255646045803,ok,2024Q4
A,300ETF,single,2025-03-01,300ETF_r202503_sortino_blended,0.17640836374722788,0.028169712608159946,0.45454545454545453,61,36,36,13,1.3967200657629077,4.594630051717138,0.38461538461538464,0.4320439093444808,0.10744000505868521,ok,2025Q1
A,300ETF,single,2025-06-01,300ETF_r202506_sortino_blended,0.2367216117216117,0.08391608391608392,0.5878787878787879,64,36,36,13,1.876133811580115,3.6009334243933813,0.6153846153846154,1.1144376947745251,0.14431798550616268,ok,2025Q2
A,300ETF,single,2025-09-01,300ETF_r202509_sortino_blended,-0.0002922267679719462,0.17575757575757575,0.17575757575757575,59,40,40,11,1.6068473028766825,2.3285454114917012,0.6363636363636364,2.2825940134826563,0.14607702753424387,ok,2025Q3
A,300ETF,single,2025-12-01,300ETF_r202512_sortino_blended,0.004537205081669692,-0.10303030303030303,0.10303030303030303,57,40,40,11,1.5284496760427637,3.6793831474394767,0.5454545454545454,1.2812156313124814,0.13894997054934216,ok,2025Q4
A,300ETF,short,2024-03-01,300ETF_short_r202403_sortino_blended,0.18853456052595657,0.65,0.44242424242424244,61,25,25,6,1.8498213201606482,9.923979617384997,0.6666666666666666,0.48742349437052246,0.308303553360108,ok,2024Q1
A,300ETF,short,2024-06-01,300ETF_short_r202406_sortino_blended,-0.24079945971655148,-0.45,-0.47878787878787876,64,29,29,6,0.4776663470691467,2.941459644249928,0.5,0.5079726639608254,0.07961105784485778,ok,2024Q2
A,300ETF,short,2024-09-01,300ETF_short_r202409_sortino_blended,-0.1086160755483097,0.21428571428571427,-0.11515151515151516,58,29,29,5,-0.6010033554348575,-3.239361190008412,0.4,1.13282113860182,-0.1202006710869715,ok,2024Q3
A,300ETF,short,2024-12-01,300ETF_short_r202412_sortino_blended,-0.06592020671198745,0.5476190476190477,0.15151515151515152,58,32,32,5,0.7978494193484362,8.286655359520642,0.6,0.27981141806281323,0.15956988386968723,ok,2024Q4
A,300ETF,short,2025-03-01,300ETF_short_r202503_sortino_blended,0.1857709665607989,-0.2542738138578039,0.5393939393939394,61,36,36,6,-0.6220994542126923,-9.578128624605366,0.0,0.6205994542126924,-0.10368324236878206,ok,2025Q1
A,300ETF,short,2025-06-01,300ETF_short_r202506_sortino_blended,0.23296703296703297,-0.3333333333333333,0.5515151515151515,64,36,36,6,0.495717041308003,3.540979539624954,0.5,0.532047005675917,0.08261950688466717,ok,2025Q2
A,300ETF,short,2025-09-01,300ETF_short_r202509_sortino_blended,0.06931618936294565,-0.09523809523809523,0.24848484848484848,59,40,40,5,-0.1859435521483569,-0.44224780321995616,0.4,0.7188026536164349,-0.03718871042967138,ok,2025Q3
A,300ETF,short,2025-12-01,300ETF_short_r202512_sortino_blended,-0.05431682654913145,0.047619047619047616,0.11515151515151516,57,40,40,5,-0.9546597521916911,-5.641227296299467,0.4,0.5822092348678645,-0.19093195043833822,ok,2025Q4
A,500ETF,long,2024-03-01,500ETF_long_r202403_sortino_blended,0.18059227921734533,0.16666666666666666,0.5757575757575758,61,8,8,7,1.3412177521103517,2.967845930547114,0.7142857142857143,1.761737220999078,0.19160253601576452,ok,2024Q1
A,500ETF,long,2024-06-01,500ETF_long_r202406_sortino_blended,-0.15842490842490842,-0.5666666666666667,-0.18787878787878787,64,21,21,7,-2.156048583182937,-3.682915523054443,0.2857142857142857,3.4764325754442083,-0.3080069404547053,ok,2024Q2
A,500ETF,long,2024-09-01,500ETF_long_r202409_sortino_blended,0.05466178596696299,-0.16666666666666666,0.34545454545454546,58,25,25,6,1.7286162635133333,1.2717508714027934,0.5,6.976739131296648,0.28810271058555553,ok,2024Q3
A,500ETF,long,2024-12-01,500ETF_long_r202412_sortino_blended,0.1863791565412655,-0.35714285714285715,0.28484848484848485,58,29,29,6,0.9147124501567113,1.9102939984828158,0.6666666666666666,2.718400201928911,0.15245207502611854,ok,2024Q4
A,500ETF,long,2025-03-01,500ETF_long_r202503_sortino_blended,-0.007615018508725542,0.5833333333333334,-0.23636363636363636,61,29,29,7,0.5074860585882536,1.6926261624936205,0.5714285714285714,1.751500483083892,0.07249800836975051,ok,2025Q1
A,500ETF,long,2025-06-01,500ETF_long_r202506_sortino_blended,0.16547619047619047,-0.26666666666666666,0.4303030303030303,64,33,33,7,1.7751556546045077,7.177052729217421,0.5714285714285714,0.3425695083602605,0.2535936649435011,ok,2025Q2
A,500ETF,long,2025-09-01,500ETF_long_r202509_sortino_blended,0.08293395675043834,-0.047619047619047616,0.09090909090909091,59,33,33,6,1.2572277987318872,3.5800569837968137,0.6666666666666666,1.7199345975245985,0.20953796645531453,ok,2025Q3
A,500ETF,long,2025-12-01,500ETF_long_r202512_sortino_blended,-0.20637801400051853,-0.23809523809523808,-0.3939393939393939,57,35,35,6,0.0962711680657613,0.2536523409793491,0.5,1.9871523106157838,0.016045194677626884,ok,2025Q4
A,500ETF,single,2024-03-01,500ETF_r202403_sortino_blended,0.2348492860920148,0.2727272727272727,0.6484848484848484,61,18,18,13,4.05825447702277,7.505864194713149,0.7692307692307693,1.4098417451402985,0.31217342130944387,ok,2024Q1
A,500ETF,single,2024-06-01,500ETF_r202406_sortino_blended,-0.15943223443223442,-0.4195804195804196,-0.2606060606060606,64,20,20,13,-4.230155420945135,-6.841547542710785,0.3076923076923077,5.102543802593102,-0.3253965708419334,ok,2024Q2
A,500ETF,single,2024-09-01,500ETF_r202409_sortino_blended,0.06585868528715125,-0.01818181818181818,0.05454545454545454,58,25,25,11,3.5763022663440425,1.941275771441794,0.5454545454545454,7.287809117214959,0.3251183878494584,ok,2024Q3
A,500ETF,single,2024-12-01,500ETF_r202412_sortino_blended,0.16816881478975054,-0.34545454545454546,0.34545454545454546,58,29,29,11,0.7055911975824491,1.0154299307828318,0.5454545454545454,2.718400201928911,0.06414465432567719,ok,2024Q4
A,500ETF,single,2025-03-01,500ETF_r202503_sortino_blended,-0.01110523532522475,0.35664335664335667,-0.5636363636363636,61,29,29,13,-0.26096047593722327,-0.305845681252736,0.6153846153846154,3.3838530431039153,-0.02007388276440179,ok,2025Q1
A,500ETF,single,2025-06-01,500ETF_r202506_sortino_blended,0.18475274725274726,0.48951048951048953,0.3212121212121212,64,31,31,13,3.929123174953417,8.943445326230098,0.6153846153846154,0.3840721988144078,0.30224024422718593,ok,2025Q2
A,500ETF,single,2025-09-01,500ETF_r202509_sortino_blended,0.12969023962594975,0.41818181818181815,0.10303030303030303,59,31,31,11,3.398822597384317,3.9718687821822725,0.6363636363636364,1.8996684054197552,0.3089838724894834,ok,2025Q3
A,500ETF,single,2025-12-01,500ETF_r202512_sortino_blended,-0.19736842105263158,0.006060606060606061,-0.4303030303030303,57,34,34,11,0.11124141129297638,0.1359802899557128,0.45454545454545453,1.9871523106157838,0.010112855572088762,ok,2025Q4
A,500ETF,short,2024-03-01,500ETF_short_r202403_sortino_blended,0.18059227921734533,-0.08333333333333333,0.5757575757575758,61,8,8,6,2.4277080600526872,20.548009260667172,0.8333333333333334,0.12716198583857008,0.4046180100087812,ok,2024Q1
A,500ETF,short,2024-06-01,500ETF_short_r202406_sortino_blended,-0.1813186813186813,0.11666666666666667,-0.41818181818181815,64,21,21,6,0.43018503940795366,1.7423546659801996,0.6666666666666666,1.4653507499661593,0.07169750656799227,ok,2024Q2
A,500ETF,short,2024-09-01,500ETF_short_r202409_sortino_blended,0.06801193515641822,0.38095238095238093,0.38181818181818183,58,25,25,5,1.4484936582799095,3.5618379470054333,0.6,1.9555540616536207,0.2896987316559819,ok,2024Q3
A,500ETF,short,2024-12-01,500ETF_short_r202412_sortino_blended,0.1548801870251315,-0.6666666666666666,0.3575757575757576,58,26,26,5,-0.20912125257426223,-0.9562914205632902,0.4,0.9254064018294464,-0.041824250514852446,ok,2024Q4
A,500ETF,short,2025-03-01,500ETF_short_r202503_sortino_blended,0.018984664198836595,0.6666666666666666,-0.16363636363636364,61,31,31,6,1.5979235062408983,6.674873454617877,0.8333333333333334,0.6818340676419941,0.26632058437348305,ok,2025Q1
A,500ETF,short,2025-06-01,500ETF_short_r202506_sortino_blended,0.17760989010989012,-0.18333333333333332,0.3939393939393939,64,35,35,6,1.9183688703160175,11.183207128304046,0.6666666666666666,0.26841032211622196,0.3197281450526696,ok,2025Q2
A,500ETF,short,2025-09-01,500ETF_short_r202509_sortino_blended,0.10905902980713034,0.047619047619047616,0.21212121212121213,59,35,35,5,3.1064335973174164,6.631969950525955,0.6,0.7770316767478223,0.6212867194634832,ok,2025Q3
A,500ETF,short,2025-12-01,500ETF_short_r202512_sortino_blended,-0.23450868550687062,-0.2619047619047619,-0.3333333333333333,57,37,37,5,0.1034364978640182,0.2216850846511463,0.4,1.5113305920725684,0.02068729957280364,ok,2025Q4
A,50ETF,long,2024-03-01,50ETF_long_r202403_sortino_blended,0.0024854574299312533,0.16666666666666666,-0.11515151515151516,61,20,20,7,-1.9867231488986896,-14.819893326002703,0.14285714285714285,1.253364260783871,-0.2838175926998128,ok,2024Q1
A,50ETF,long,2024-06-01,50ETF_long_r202406_sortino_blended,0.03550864822403226,0.18333333333333332,0.12727272727272726,64,26,26,7,-0.4123954965818297,-1.7165343754211422,0.2857142857142857,1.1936989713827282,-0.05891364236883282,ok,2024Q2
A,50ETF,long,2024-09-01,50ETF_long_r202409_sortino_blended,-0.014857652615689124,-0.14285714285714285,0.04242424242424243,58,33,33,6,-0.43783602308723873,-1.0259247008478032,0.5,2.4486690615190128,-0.07297267051453979,ok,2024Q3
A,50ETF,long,2024-12-01,50ETF_long_r202412_sortino_blended,0.07656341320864991,-0.7619047619047619,0.40606060606060607,58,34,34,6,0.9028304679674024,7.25957468399407,0.6666666666666666,0.03837995616208206,0.15047174466123373,ok,2024Q4
A,50ETF,long,2025-03-01,50ETF_long_r202503_sortino_blended,0.24207325347134537,0.11666666666666667,0.6242424242424243,61,40,40,7,2.6226686024577957,10.20734769723649,0.5714285714285714,0.1836162404636834,0.3746669432082565,ok,2025Q1
A,50ETF,long,2025-06-01,50ETF_long_r202506_sortino_blended,0.023512443056598147,0.4666666666666667,0.11515151515151516,64,40,40,7,1.9469918224837257,8.222490455410327,0.7142857142857143,0.10893062805849746,0.2781416889262465,ok,2025Q2
A,50ETF,long,2025-09-01,50ETF_long_r202509_sortino_blended,0.19164231443600233,-0.07142857142857142,0.5151515151515151,59,40,40,6,-0.10498639580241431,-0.6100714278459581,0.5,0.034110468249217374,-0.01749773263373572,ok,2025Q3
A,50ETF,long,2025-12-01,50ETF_long_r202512_sortino_blended,-0.17536581811056154,0.14285714285714285,-0.3939393939393939,57,41,41,6,-3.0130326694872736,-6.503401559418863,0.3333333333333333,4.884356363350545,-0.5021721115812122,ok,2025Q4
A,50ETF,single,2024-03-01,50ETF_r202403_sortino_blended,0.04447382337387626,0.03496503496503497,0.11515151515151516,61,20,20,13,-1.112027081288886,-3.3399241553177674,0.3076923076923077,1.253364260783871,-0.08554054471452968,ok,2024Q1
A,50ETF,single,2024-06-01,50ETF_r202406_sortino_blended,-0.06602639682663382,0.04895104895104895,-0.21212121212121213,64,27,27,13,1.7084029483295922,5.203345584739899,0.5384615384615384,0.7427813349177911,0.13141561140996863,ok,2024Q2
A,50ETF,single,2024-09-01,50ETF_r202409_sortino_blended,0.010981743237683264,0.28484848484848485,0.3333333333333333,58,33,33,11,3.665714961407256,3.1711921670649743,0.45454545454545453,2.694300696564105,0.3332468146733869,ok,2024Q3
A,50ETF,single,2024-12-01,50ETF_r202412_sortino_blended,0.0863453197576056,0.3939393939393939,-0.06666666666666667,58,35,35,11,3.0090719529650367,13.123802187748515,0.8181818181818182,0.03837995616208206,0.2735519957240942,ok,2024Q4
A,50ETF,single,2025-03-01,50ETF_r202503_sortino_blended,0.2426285886606504,0.6573426573426573,0.5757575757575758,61,41,41,13,5.642049519193976,9.623133459768601,0.6923076923076923,0.34303677879947614,0.43400380916876735,ok,2025Q1
A,50ETF,single,2025-06-01,50ETF_r202506_sortino_blended,0.02394743470029373,-0.006993006993006993,0.01818181818181818,64,41,41,13,1.5531187082839564,4.059158252436891,0.5384615384615384,0.7469224151140113,0.11947066986799665,ok,2025Q2
A,50ETF,single,2025-09-01,50ETF_r202509_sortino_blended,0.23138515488018702,-0.10303030303030303,0.4303030303030303,59,41,41,11,-0.9893335152100129,-2.344241243366743,0.45454545454545453,1.2304574715127843,-0.08993941047363753,ok,2025Q3
A,50ETF,single,2025-12-01,50ETF_r202512_sortino_blended,-0.14075286417559948,0.11515151515151516,-0.3575757575757576,57,42,42,11,-2.9151212436246667,-4.817383535102526,0.36363636363636365,4.3711217655992884,-0.26501102214769695,ok,2025Q4
A,50ETF,short,2024-03-01,50ETF_short_r202403_sortino_blended,0.002538339502908514,0.48333333333333334,-0.1393939393939394,61,20,20,6,1.306591326368189,7.522956284331068,0.6666666666666666,0.39535635789284385,0.21776522106136484,ok,2024Q1
A,50ETF,short,2024-06-01,50ETF_short_r202406_sortino_blended,-0.06856763470727055,0.6,-0.3939393939393939,64,27,27,6,1.1371504000556565,11.067479886047536,0.6666666666666666,0.12337691941294254,0.18952506667594274,ok,2024Q2
A,50ETF,short,2024-09-01,50ETF_short_r202409_sortino_blended,-0.0067674608187403874,0.40476190476190477,0.3090909090909091,58,33,33,5,-1.3016660039361247,-2.165011665889278,0.4,2.17919519789725,-0.26033320078722494,ok,2024Q3
A,50ETF,short,2024-12-01,50ETF_short_r202412_sortino_blended,0.08917530530007076,0.7619047619047619,0.15151515151515152,58,35,35,5,1.5878934666737294,17.902953260386624,1.0,0.0,0.31757869333474587,ok,2024Q4
A,50ETF,short,2025-03-01,50ETF_short_r202503_sortino_blended,0.2404601369690784,-0.23333333333333334,0.6242424242424243,61,41,41,6,2.2411687297859215,6.226836796279833,0.5,0.34303677879947614,0.3735281216309869,ok,2025Q1
A,50ETF,short,2025-06-01,50ETF_short_r202506_sortino_blended,0.04503308227101125,0.2833333333333333,0.28484848484848485,64,41,41,6,-0.5456959142602821,-5.045625278142726,0.5,0.745422415114011,-0.09094931904338034,ok,2025Q2
A,50ETF,short,2025-09-01,50ETF_short_r202509_sortino_blended,0.2314436002337814,0.14285714285714285,0.47878787878787876,59,41,41,5,0.9768918207664432,3.866405276927677,0.6,0.982862144832467,0.19537836415328863,ok,2025Q3
A,50ETF,short,2025-12-01,50ETF_short_r202512_sortino_blended,-0.12195556709481484,0.047619047619047616,-0.40606060606060607,57,42,42,5,-2.469186470399742,-10.807266418024708,0.2,1.9241199841502283,-0.49383729407994836,ok,2025Q4
A,588000ETF,long,2024-03-01,588000ETF_long_r202403_sortino_blended,0.1189925301734063,0.6,0.1393939393939394,61,25,25,7,2.6599059440636457,9.679636572645425,0.7142857142857143,0.6445890330290402,0.3799865634376637,ok,2024Q1
A,588000ETF,long,2024-06-01,588000ETF_long_r202406_sortino_blended,-0.042874814691935714,-0.8666666666666667,-0.04242424242424243,64,30,30,7,-6.098233821642448,-16.505275018009048,0.14285714285714285,5.8452527982837115,-0.8711762602346355,ok,2024Q2
A,588000ETF,long,2024-09-01,588000ETF_long_r202409_sortino_blended,0.3566330340004206,0.047619047619047616,0.806060606060606,58,33,33,6,17.487490596058507,11.79752994574029,0.8333333333333334,1.140818382944305,2.9145817660097513,ok,2024Q3
A,588000ETF,long,2024-12-01,588000ETF_long_r202412_sortino_blended,0.2556916102119993,-0.7142857142857143,0.3575757575757576,58,34,34,6,-1.3899954123435783,-3.838984356487187,0.5,1.0825916104215507,-0.23166590205726303,ok,2024Q4
A,588000ETF,long,2025-03-01,588000ETF_long_r202503_sortino_blended,0.04246430460074035,0.18333333333333332,0.12727272727272726,61,37,37,7,-0.1659910920407239,-0.2956975742362916,0.5714285714285714,2.2195595336039697,-0.023713013148674845,ok,2025Q1
A,588000ETF,long,2025-06-01,588000ETF_long_r202506_sortino_blended,-0.04744730440911412,0.15,-0.3333333333333333,64,38,38,7,0.43538616727529345,1.3464658482085787,0.5714285714285714,1.375277276806949,0.06219802389647049,ok,2025Q2
A,588000ETF,long,2025-09-01,588000ETF_long_r202509_sortino_blended,0.045996493278784335,0.7142857142857143,0.16363636363636364,59,40,40,6,0.4172656058337485,0.6854146332276797,0.6666666666666666,3.6499276499076543,0.06954426763895809,ok,2025Q3
A,588000ETF,long,2025-12-01,588000ETF_long_r202512_sortino_blended,-0.16658024371273011,-0.023809523809523808,-0.5151515151515151,57,44,44,6,0.11872697541172683,0.30346652861941115,0.5,2.246828655975869,0.019787829235287806,ok,2025Q4
A,588000ETF,single,2024-03-01,588000ETF_r202403_sortino_blended,0.14318767797533224,0.45454545454545453,0.23636363636363636,61,11,11,13,5.434512873499415,9.309732010410249,0.7692307692307693,1.2918404835907955,0.4180394518076473,ok,2024Q1
A,588000ETF,single,2024-06-01,588000ETF_r202406_sortino_blended,-0.049860294649756436,-0.5814369687208274,-0.10303030303030303,64,22,22,13,-6.9863089866989725,-8.210007710750823,0.3076923076923077,7.225326743326827,-0.5374083835922286,ok,2024Q2
A,588000ETF,single,2024-09-01,588000ETF_r202409_sortino_blended,0.3631553082592275,0.3333333333333333,0.5515151515151515,58,28,28,11,8.17860763228454,7.090996483483172,0.5454545454545454,1.477178524584433,0.7435097847531401,ok,2024Q3
A,588000ETF,single,2024-12-01,588000ETF_r202412_sortino_blended,0.2233571279195181,-0.12727272727272726,0.5151515151515151,58,29,29,11,-0.2645227931181954,-0.28884129762646993,0.45454545454545453,2.0540132929429364,-0.024047526647108672,ok,2024Q4
A,588000ETF,single,2025-03-01,588000ETF_r202503_sortino_blended,0.053622421998942356,0.013986013986013986,0.2,61,33,33,13,-0.4783395634050747,-0.5674286660292587,0.38461538461538464,2.2195595336039697,-0.03679535103115959,ok,2025Q1
A,588000ETF,single,2025-06-01,588000ETF_r202506_sortino_blended,-0.02718144321120582,-0.17482517482517482,-0.23636363636363636,64,34,34,13,-0.24802017304169893,-0.39540868997785494,0.46153846153846156,1.375277276806949,-0.019078474849361458,ok,2025Q2
A,588000ETF,single,2025-09-01,588000ETF_r202509_sortino_blended,0.030976037405026302,0.44242424242424244,0.06666666666666667,59,37,37,11,11.18756629271023,8.05798423545791,0.7272727272727273,1.07317803966618,1.0170514811554754,ok,2025Q3
A,588000ETF,single,2025-12-01,588000ETF_r202512_sortino_blended,-0.18012704174228675,-0.7212121212121212,-0.4909090909090909,57,41,41,11,-4.907325729361638,-7.588313994804836,0.2727272727272727,5.026052704773365,-0.44612052085105797,ok,2025Q4
A,588000ETF,short,2024-03-01,588000ETF_short_r202403_sortino_blended,0.15178158293230049,0.3333333333333333,0.18787878787878787,61,6,6,6,2.5294412706322684,14.187601643925902,0.6666666666666666,0.2575791590176435,0.4215735451053781,ok,2024Q1
A,588000ETF,short,2024-06-01,588000ETF_short_r202406_sortino_blended,-0.03927901025463128,-0.46025507481564765,-0.1393939393939394,64,20,20,6,-2.893652565769872,-10.782527094304665,0.5,3.2860634841436807,-0.48227542762831205,ok,2024Q2
A,588000ETF,short,2024-09-01,588000ETF_short_r202409_sortino_blended,0.37010829874267254,-0.38095238095238093,0.5393939393939394,58,26,26,5,1.0545026372316944,2.7788701082151386,0.4,1.4771785245844335,0.21090052744633886,ok,2024Q3
A,588000ETF,short,2024-12-01,588000ETF_short_r202412_sortino_blended,0.22787964827821908,0.047619047619047616,0.3939393939393939,58,29,29,5,1.0883312105277296,1.9578868787718333,0.4,0.7812310460031711,0.21766624210554592,ok,2024Q4
A,588000ETF,short,2025-03-01,588000ETF_short_r202503_sortino_blended,0.06113167636171338,0.03333333333333333,0.40606060606060607,61,33,33,6,0.2405249838198752,0.8237298601614129,0.3333333333333333,1.1827542383702605,0.040087497303312535,ok,2025Q1
A,588000ETF,short,2025-06-01,588000ETF_short_r202506_sortino_blended,-0.012182415996934707,-0.26666666666666666,-0.006060606060606061,64,34,34,6,-1.1290663302329604,-3.721839668040788,0.3333333333333333,1.4213111166805255,-0.1881777217054934,ok,2025Q2
A,588000ETF,short,2025-09-01,588000ETF_short_r202509_sortino_blended,0.06610169491525424,0.5238095238095238,0.12727272727272726,59,36,36,5,10.241352110868231,14.544109884065458,0.8,0.639121713927584,2.0482704221736463,ok,2025Q3
A,588000ETF,short,2025-12-01,588000ETF_short_r202512_sortino_blended,-0.24883329012185637,-0.5238095238095238,-0.4909090909090909,57,37,37,5,-3.4138128104686607,-12.787231843969938,0.2,2.336648082498296,-0.6827625620937321,ok,2025Q4
B,159915ETF,long,2024-03-01,159915ETF_long_r202403_sortino_blended_armB,0.36763617133791643,0.5666666666666667,0.6,61,7,7,7,6.091405352708413,15.591222509727372,1.0,0.0,0.8702007646726304,ok,2024Q1
B,159915ETF,long,2024-06-01,159915ETF_long_r202406_sortino_blended_armB,-0.16957611695384073,0.5333333333333333,-0.3333333333333333,64,15,15,7,-1.376155055948532,-3.460968189899317,0.42857142857142855,3.3983722295954024,-0.19659357942121886,ok,2024Q2
B,159915ETF,long,2024-09-01,159915ETF_long_r202409_sortino_blended_armB,0.20508166969147004,-0.09523809523809523,0.3212121212121212,58,15,15,6,20.093497445253337,18.012697401615878,1.0,0.0,3.3489162408755564,ok,2024Q3
B,159915ETF,long,2024-12-01,159915ETF_long_r202412_sortino_blended_armB,0.21338706204435695,-0.23809523809523808,0.5757575757575758,58,15,15,6,-0.4427350659542529,-1.5441044088283042,0.5,0.49988261925415234,-0.07378917765904215,ok,2024Q4
B,159915ETF,long,2025-03-01,159915ETF_long_r202503_sortino_blended_armB,0.2388979230500033,-0.15,0.5757575757575758,61,15,15,7,0.014285131243284122,0.031488175800803174,0.5714285714285714,1.6964558313773206,0.0020407330347548746,ok,2025Q1
B,159915ETF,long,2025-06-01,159915ETF_long_r202506_sortino_blended_armB,0.16895604395604397,-0.6333333333333333,0.5393939393939394,64,15,15,7,3.1445876308627705,6.894428604079688,0.5714285714285714,1.392451218064712,0.44922680440896723,ok,2025Q2
B,159915ETF,long,2025-09-01,159915ETF_long_r202509_sortino_blended_armB,0.0967270601987142,-0.2619047619047619,0.18787878787878787,59,15,15,6,0.691125536599452,0.6288303582001057,0.6666666666666666,4.461066701852907,0.11518758943324199,ok,2025Q3
B,159915ETF,long,2025-12-01,159915ETF_long_r202512_sortino_blended_armB,-0.06306817261932227,-0.42857142857142855,-0.22424242424242424,57,15,15,6,0.7893946408144238,3.100714680538529,0.6666666666666666,0.9882025784006503,0.13156577346907064,ok,2025Q4
B,159915ETF,single,2024-03-01,159915ETF_r202403_sortino_blended_armB,0.3235854045478583,0.6643356643356644,0.5515151515151515,61,9,9,13,7.267171814490758,10.633310260168969,0.8461538461538461,0.7875792863934654,0.559013216499289,ok,2024Q1
B,159915ETF,single,2024-06-01,159915ETF_r202406_sortino_blended_armB,-0.07536716309059588,-0.04895104895104895,-0.006060606060606061,64,9,9,13,-0.20457279438065695,-0.24104521480067279,0.5384615384615384,5.4370906776831465,-0.015736368798512073,ok,2024Q2
B,159915ETF,single,2024-09-01,159915ETF_r202409_sortino_blended_armB,0.11858254637177397,0.2727272727272727,0.6848484848484848,58,5,5,11,11.160375262713563,5.0731824364255935,0.5454545454545454,3.1984769454594453,1.0145795693375967,ok,2024Q3
B,159915ETF,single,2024-12-01,159915ETF_r202412_sortino_blended_armB,0.2156018333384601,0.09090909090909091,0.44242424242424244,58,15,15,11,2.856921016820659,3.837379236290088,0.5454545454545454,1.196519479982426,0.25972009243824173,ok,2024Q4
B,159915ETF,single,2025-03-01,159915ETF_r202503_sortino_blended_armB,0.2332923492053325,0.26573426573426573,0.5878787878787879,61,15,15,13,6.851214291258471,6.111038224372489,0.8461538461538461,1.6964558313773206,0.5270164839429593,ok,2025Q1
B,159915ETF,single,2025-06-01,159915ETF_r202506_sortino_blended_armB,0.17454212454212453,0.04195804195804196,0.5515151515151515,64,15,15,13,2.6230567625512187,4.094566489915434,0.5384615384615384,0.7804271914311631,0.20177359711932452,ok,2025Q2
B,159915ETF,single,2025-09-01,159915ETF_r202509_sortino_blended_armB,0.07539450613676213,-0.006060606060606061,0.23636363636363636,59,15,15,11,3.525245839192516,2.1154577624009367,0.7272727272727273,4.548244383543585,0.3204768944720469,ok,2025Q3
B,159915ETF,single,2025-12-01,159915ETF_r202512_sortino_blended_armB,-0.036103774048265674,-0.28484848484848485,-0.23636363636363636,57,15,15,11,-3.4094709295435948,-4.841091777811523,0.45454545454545453,4.768613509219489,-0.3099519026857813,ok,2025Q4
B,159915ETF,short,2024-03-01,159915ETF_short_r202403_sortino_blended_armB,0.3484928609201481,-0.3333333333333333,0.7575757575757576,61,15,15,6,3.6845957747223794,10.292302993112507,0.8333333333333334,0.0,0.6140992957870632,ok,2024Q1
B,159915ETF,short,2024-06-01,159915ETF_short_r202406_sortino_blended_armB,-0.16186082717208775,0.31799441532717476,-0.3333333333333333,64,15,15,6,1.6494046669556186,6.725607415540357,0.6666666666666666,0.7839295107528703,0.2749007778259364,ok,2024Q2
B,159915ETF,short,2024-09-01,159915ETF_short_r202409_sortino_blended_armB,0.18988587775692886,0.47619047619047616,0.3212121212121212,58,15,15,5,3.9446166422922246,8.14412960949868,0.6,0.8594867489526754,0.7889233284584449,ok,2024Q3
B,159915ETF,short,2024-12-01,159915ETF_short_r202412_sortino_blended_armB,0.2171398689593651,0.14285714285714285,0.4303030303030303,58,15,15,5,4.626322853950478,13.128788725742375,0.8,0.4593995535687778,0.9252645707900957,ok,2024Q4
B,159915ETF,short,2025-03-01,159915ETF_short_r202503_sortino_blended_armB,0.23519612900163578,0.65,0.6606060606060606,61,15,15,6,6.4157211500123035,10.570564480562636,1.0,0.0,1.0692868583353838,ok,2025Q1
B,159915ETF,short,2025-06-01,159915ETF_short_r202506_sortino_blended_armB,0.16080586080586082,0.5166666666666667,0.5393939393939394,64,15,15,6,-0.17870520197136675,-0.9717463739304703,0.5,0.7804271914311631,-0.029784200328561123,ok,2025Q2
B,159915ETF,short,2025-09-01,159915ETF_short_r202509_sortino_blended_armB,0.07521917007597896,0.7619047619047619,0.16363636363636364,59,15,15,5,5.380868181434337,7.302698635398332,0.8,2.1576575440105414,1.0761736362868675,ok,2025Q3
B,159915ETF,short,2025-12-01,159915ETF_short_r202512_sortino_blended_armB,-0.07298536728608106,-0.42857142857142855,-0.2606060606060606,57,15,15,5,-3.0192004342380434,-9.5832835389293,0.2,4.108153830895251,-0.6038400868476087,ok,2025Q4
B,300ETF,long,2024-03-01,300ETF_long_r202403_sortino_blended_armB,0.12443809843410261,0.43333333333333335,0.296969696969697,61,19,19,7,1.8242610138270834,6.811453542769546,0.8571428571428571,0.9067395621502742,0.2606087162610119,ok,2024Q1
B,300ETF,long,2024-06-01,300ETF_long_r202406_sortino_blended_armB,-0.23363362677385507,-0.08333333333333333,-0.47878787878787876,64,7,7,7,-2.2637285515134846,-10.806325536199816,0.2857142857142857,2.2173883415082885,-0.32338979307335497,ok,2024Q2
B,300ETF,long,2024-09-01,300ETF_long_r202409_sortino_blended_armB,0.15321910855455412,-0.30952380952380953,0.6484848484848484,58,9,9,6,8.865426443869671,10.307107243546884,0.6666666666666666,0.8438789442347945,1.4775710739782786,ok,2024Q3
B,300ETF,long,2024-12-01,300ETF_long_r202412_sortino_blended_armB,0.007843981666615398,-0.16666666666666666,0.3333333333333333,58,19,19,6,-2.54009883652888,-11.899468295744114,0.16666666666666666,2.3575583614572504,-0.42334980608814665,ok,2024Q4
B,300ETF,long,2025-03-01,300ETF_long_r202503_sortino_blended_armB,0.02015339927666981,-0.6333333333333333,0.16363636363636364,61,1,1,7,0.10997850830804225,0.7052073891402795,0.42857142857142855,0.7046644753118481,0.015711215472577464,ok,2025Q1
B,300ETF,long,2025-06-01,300ETF_long_r202506_sortino_blended_armB,0.2228937728937729,-0.23333333333333334,0.24848484848484848,64,19,19,7,2.8240485478685073,10.102867235786558,0.8571428571428571,0.0,0.4034355068383582,ok,2025Q2
B,300ETF,long,2025-09-01,300ETF_long_r202509_sortino_blended_armB,0.14798363530099357,-0.09523809523809523,0.3939393939393939,59,19,19,6,0.4066422394735668,1.4008787933749,0.6666666666666666,0.7972886925694674,0.0677737065789278,ok,2025Q3
B,300ETF,long,2025-12-01,300ETF_long_r202512_sortino_blended_armB,-0.13702359346642468,-0.09523809523809523,-0.21212121212121213,57,19,19,6,-1.6445520638377538,-5.858287023423503,0.3333333333333333,2.265746852198341,-0.2740920106396256,ok,2025Q4
B,300ETF,single,2024-03-01,300ETF_r202403_sortino_blended_armB,0.10862552238999013,0.08391608391608392,0.28484848484848485,61,19,19,13,1.9644570843188291,3.308238095396739,0.6153846153846154,0.9155071939397978,0.1511120834091407,ok,2024Q1
B,300ETF,single,2024-06-01,300ETF_r202406_sortino_blended_armB,-0.23363362677385507,-0.3006993006993007,-0.47878787878787876,64,7,7,13,-2.0229228482283776,-4.49398477796286,0.23076923076923078,2.5737490302348234,-0.15560944986372136,ok,2024Q2
B,300ETF,single,2024-09-01,300ETF_r202409_sortino_blended_armB,-0.05041680765326525,0.41818181818181815,0.01818181818181818,58,15,15,11,2.456911996598106,1.483204302703991,0.36363636363636365,4.5435712900797,0.22335563605437328,ok,2024Q3
B,300ETF,single,2024-12-01,300ETF_r202412_sortino_blended_armB,-0.04118859392783537,-0.3696969696969697,0.01818181818181818,58,12,12,11,-0.9671095710377849,-2.785678375617377,0.45454545454545453,1.3160550359501315,-0.0879190519125259,ok,2024Q4
B,300ETF,single,2025-03-01,300ETF_r202503_sortino_blended_armB,0.11478445257315877,0.31873954309394753,0.41818181818181815,61,16,16,13,5.172250888636532,7.696781823302385,0.5384615384615384,0.4320439093444808,0.39786545297204096,ok,2025Q1
B,300ETF,single,2025-06-01,300ETF_r202506_sortino_blended_armB,0.19592490842490842,-0.18181818181818182,0.47878787878787876,64,19,19,13,0.3861168413202698,0.9042271864139273,0.5384615384615384,1.231532266882901,0.0297012954861746,ok,2025Q2
B,300ETF,single,2025-09-01,300ETF_r202509_sortino_blended_armB,0.12857977790765635,0.18787878787878787,0.34545454545454546,59,18,18,11,0.2507690233459685,0.3645978223286226,0.5454545454545454,2.870605958722462,0.02279718394054259,ok,2025Q3
B,300ETF,single,2025-12-01,300ETF_r202512_sortino_blended_armB,0.00855587243971999,-0.3575757575757576,-0.12727272727272726,57,19,19,11,-0.7420114391846269,-2.08109647379364,0.45454545454545453,1.5413607607687698,-0.06745558538042062,ok,2025Q4
B,300ETF,short,2024-03-01,300ETF_short_r202403_sortino_blended_armB,0.12655349322261264,0.05,0.40606060606060607,61,19,19,6,0.1457487269592777,0.5824190471412959,0.5,0.9155071939397978,0.02429145449321295,ok,2024Q1
B,300ETF,short,2024-06-01,300ETF_short_r202406_sortino_blended_armB,-0.1799242207560732,0.15,-0.4303030303030303,64,19,19,6,0.03420234994220586,0.12071763346486943,0.3333333333333333,1.3479348147290926,0.005700391657034311,ok,2024Q2
B,300ETF,short,2024-09-01,300ETF_short_r202409_sortino_blended_armB,-0.12805684579654864,-0.21428571428571427,-0.2727272727272727,58,19,19,5,0.5523562429722917,1.2535402463667162,0.2,1.9798300251073901,0.11047124859445834,ok,2024Q3
B,300ETF,short,2024-12-01,300ETF_short_r202412_sortino_blended_armB,0.0234089021501738,0.7380952380952381,0.09090909090909091,58,19,19,5,0.7978494193484362,8.286655359520642,0.6,0.27981141806281323,0.15956988386968723,ok,2024Q4
B,300ETF,short,2025-03-01,300ETF_short_r202503_sortino_blended_armB,0.14556996012964651,0.22037063867676338,0.503030303030303,61,19,19,6,1.7771024339773094,4.855540537212867,0.16666666666666666,0.4605381057562137,0.29618373899621825,ok,2025Q1
B,300ETF,short,2025-06-01,300ETF_short_r202506_sortino_blended_armB,0.22889194139194138,0.03333333333333333,0.2606060606060606,64,14,14,6,-0.740868308580517,-4.282221542577089,0.5,0.2651784652303415,-0.12347805143008617,ok,2025Q2
B,300ETF,short,2025-09-01,300ETF_short_r202509_sortino_blended_armB,0.18012857977790767,-0.023809523809523808,0.5636363636363636,59,19,19,5,1.4789999945865675,3.508703178443915,0.6,0.5909753911349231,0.2957999989173135,ok,2025Q3
B,300ETF,short,2025-12-01,300ETF_short_r202512_sortino_blended_armB,-0.13579206637282862,-0.6666666666666666,-0.3575757575757576,57,2,2,5,-2.0088036302902488,-19.056881259622397,0.2,1.215610205137175,-0.40176072605804974,ok,2025Q4
B,500ETF,long,2024-03-01,500ETF_long_r202403_sortino_blended_armB,0.2071390798519302,0.4,0.6363636363636364,61,14,14,7,1.8800860448441985,4.4965257626647475,0.7142857142857143,1.4098417451402985,0.26858372069202835,ok,2024Q1
B,500ETF,long,2024-06-01,500ETF_long_r202406_sortino_blended_armB,-0.015155677655677656,-0.4,0.05454545454545454,64,5,5,7,-2.156048583182937,-3.682915523054443,0.2857142857142857,3.4764325754442083,-0.3080069404547053,ok,2024Q2
B,500ETF,long,2024-09-01,500ETF_long_r202409_sortino_blended_armB,0.04358792949644714,-0.2619047619047619,0.2727272727272727,58,14,14,6,0.9200634255872291,0.6981596807247084,0.5,6.375751107620607,0.15334390426453817,ok,2024Q3
B,500ETF,long,2024-12-01,500ETF_long_r202412_sortino_blended_armB,0.254790980959119,-0.7142857142857143,0.3212121212121212,58,14,14,6,0.3497692331316545,0.7527462246324071,0.6666666666666666,2.718400201928911,0.05829487218860908,ok,2024Q4
B,500ETF,long,2025-03-01,500ETF_long_r202503_sortino_blended_armB,0.0034902168164992068,0.36666666666666664,-0.296969696969697,61,14,14,7,-1.575457906705757,-5.257557826280309,0.2857142857142857,2.768068687879514,-0.22506541524367957,ok,2025Q1
B,500ETF,long,2025-06-01,500ETF_long_r202506_sortino_blended_armB,0.19336080586080587,0.1,0.5151515151515151,64,11,11,7,2.4317137616227273,10.279392409182718,0.7142857142857143,0.3840721988144076,0.3473876802318182,ok,2025Q2
B,500ETF,long,2025-09-01,500ETF_long_r202509_sortino_blended_armB,0.13027469316189363,0.2619047619047619,0.47878787878787876,59,14,14,6,3.01425717236003,11.494563939886444,0.8333333333333334,0.5652788012514405,0.5023761953933383,ok,2025Q3
B,500ETF,long,2025-12-01,500ETF_long_r202512_sortino_blended_armB,-0.23716619134042002,-0.19047619047619047,-0.40606060606060607,57,14,14,6,-1.3594241970270522,-3.46108876260461,0.5,3.4295163828365327,-0.2265706995045087,ok,2025Q4
B,500ETF,single,2024-03-01,500ETF_r202403_sortino_blended_armB,0.22363828662083554,0.3706293706293706,0.3090909090909091,61,14,14,13,3.0772763005609707,4.819719514515381,0.6923076923076923,1.4098417451402985,0.23671356158161314,ok,2024Q1
B,500ETF,single,2024-06-01,500ETF_r202406_sortino_blended_armB,-0.023534798534798534,-0.45454545454545453,-0.030303030303030304,64,6,6,13,-3.276743493200819,-3.675069867675138,0.38461538461538464,4.379996012375329,-0.2520571917846784,ok,2024Q2
B,500ETF,single,2024-09-01,500ETF_r202409_sortino_blended_armB,0.04561813651604171,0.06666666666666667,0.2727272727272727,58,14,14,11,3.284768521300069,1.8282581348176945,0.5454545454545454,6.375751107620607,0.2986153201181881,ok,2024Q3
B,500ETF,single,2024-12-01,500ETF_r202412_sortino_blended_armB,0.2403334461226122,0.28484848484848485,0.4303030303030303,58,14,14,11,3.902411513716018,4.361026320210885,0.6363636363636364,2.718400201928911,0.35476468306509257,ok,2024Q4
B,500ETF,single,2025-03-01,500ETF_r202503_sortino_blended_armB,0.004071919619249075,0.43356643356643354,-0.11515151515151516,61,14,14,13,-0.18195087387272654,-0.16000510599063203,0.6153846153846154,3.1876102068984062,-0.013996221067132811,ok,2025Q1
B,500ETF,single,2025-06-01,500ETF_r202506_sortino_blended_armB,0.17724358974358975,0.40559440559440557,0.47878787878787876,64,12,12,13,2.582146848575102,5.162851452966949,0.5384615384615384,1.0754303582065332,0.19862668065962324,ok,2025Q2
B,500ETF,single,2025-09-01,500ETF_r202509_sortino_blended_armB,0.06592635885447107,0.40606060606060607,0.28484848484848485,59,8,8,11,3.852121697642384,4.441317291090447,0.6363636363636364,1.7199345975245985,0.3501928816038531,ok,2025Q3
B,500ETF,single,2025-12-01,500ETF_r202512_sortino_blended_armB,-0.15763546798029557,-0.47878787878787876,-0.12727272727272726,57,14,14,11,-0.6887451133844539,-0.7969778400905414,0.45454545454545453,3.4295163828365327,-0.06261319212585945,ok,2025Q4
B,500ETF,short,2024-03-01,500ETF_short_r202403_sortino_blended_armB,0.20650449497620307,-0.18333333333333332,0.6242424242424243,61,14,14,6,2.372987309278156,20.554163465007534,0.8333333333333334,0.12716198583856997,0.3954978848796927,ok,2024Q1
B,500ETF,short,2024-06-01,500ETF_short_r202406_sortino_blended_armB,-0.07216117216117215,0.25,-0.09090909090909091,64,14,14,6,-1.5771576346076492,-4.3732587660048745,0.5,0.9379661604641698,-0.26285960576794154,ok,2024Q2
B,500ETF,short,2024-09-01,500ETF_short_r202409_sortino_blended_armB,0.05613830016303178,0.2619047619047619,0.23636363636363636,58,14,14,5,0.7792367465006835,1.8681137231275782,0.4,2.302988986677028,0.15584734930013672,ok,2024Q3
B,500ETF,short,2024-12-01,500ETF_short_r202412_sortino_blended_armB,0.2582977021747824,-0.16666666666666666,0.3090909090909091,58,14,14,5,3.2489953138476184,7.040702357889634,0.6,0.8664737321652809,0.6497990627695237,ok,2024Q4
B,500ETF,short,2025-03-01,500ETF_short_r202503_sortino_blended_armB,0.01856160761501851,0.36666666666666664,-0.07878787878787878,61,14,14,6,0.6929023678469478,0.91417610059107,0.6666666666666666,3.1876102068984062,0.1154837279744913,ok,2025Q1
B,500ETF,short,2025-06-01,500ETF_short_r202506_sortino_blended_armB,0.1891941391941392,0.4,0.5515151515151515,64,14,14,6,0.6533462071756235,2.7667550349023826,0.5,1.0289496910249907,0.10889103452927058,ok,2025Q2
B,500ETF,short,2025-09-01,500ETF_short_r202509_sortino_blended_armB,0.13571011104617184,-0.09523809523809523,0.47878787878787876,59,14,14,5,2.3094743500692,4.388354719786215,0.6,1.8582377358999835,0.46189487001384,ok,2025Q3
B,500ETF,short,2025-12-01,500ETF_short_r202512_sortino_blended_armB,-0.18881254861291158,-0.14285714285714285,-0.41818181818181815,57,14,14,5,-2.980106194904442,-20.821746084499836,0.2,3.1048068707019043,-0.5960212389808884,ok,2025Q4
B,50ETF,long,2024-03-01,50ETF_long_r202403_sortino_blended_armB,0.09931253305129562,0.4,0.21212121212121213,61,18,18,7,0.3295409595524025,1.5023367110643846,0.2857142857142857,0.4911249881775357,0.047077279936057495,ok,2024Q1
B,50ETF,long,2024-06-01,50ETF_long_r202406_sortino_blended_armB,0.009294978194040682,-0.08333333333333333,-0.16363636363636364,64,18,18,7,-2.2601438983393334,-19.125327404081144,0.14285714285714285,1.9318272313055682,-0.3228776997627619,ok,2024Q2
B,50ETF,long,2024-09-01,50ETF_long_r202409_sortino_blended_armB,-0.11541596814506333,-0.40476190476190477,-0.030303030303030304,58,18,18,6,-2.000128856956005,-2.1974340378472155,0.3333333333333333,4.302287785147669,-0.3333548094926675,ok,2024Q3
B,50ETF,long,2024-12-01,50ETF_long_r202412_sortino_blended_armB,0.032083423052077883,0.5238095238095238,-0.07878787878787878,58,18,18,6,-0.30751836247808373,-2.294515622544356,0.6666666666666666,0.6296195600334584,-0.05125306041301395,ok,2024Q4
B,50ETF,long,2025-03-01,50ETF_long_r202503_sortino_blended_armB,0.24469126222092624,0.36666666666666664,0.6242424242424243,61,18,18,7,2.1358402801471614,10.135139862768307,0.7142857142857143,0.1836162404636833,0.30512004002102305,ok,2025Q1
B,50ETF,long,2025-06-01,50ETF_long_r202506_sortino_blended_armB,0.09036379040349843,0.65,-0.12727272727272726,64,18,18,7,2.718102472816314,13.18823380984311,0.7142857142857143,0.14685386648703191,0.38830035325947343,ok,2025Q2
B,50ETF,long,2025-09-01,50ETF_long_r202509_sortino_blended_armB,0.23606078316773815,0.19047619047619047,0.47878787878787876,59,15,15,6,0.04200319266383208,0.4000056915079003,0.3333333333333333,0.45190002214558644,0.00700053211063868,ok,2025Q3
B,50ETF,long,2025-12-01,50ETF_long_r202512_sortino_blended_armB,-0.018667660549193024,0.19047619047619047,-0.05454545454545454,57,18,18,6,0.8980508601530865,2.4220371427678558,0.6666666666666666,1.6194568876269417,0.14967514335884777,ok,2025Q4
B,50ETF,single,2024-03-01,50ETF_r202403_sortino_blended_armB,0.06467477525118985,0.09090909090909091,0.23636363636363636,61,18,18,13,-0.6748453972838109,-1.9208279247326032,0.46153846153846156,1.6201742702823054,-0.05191118440644699,ok,2024Q1
B,50ETF,single,2024-06-01,50ETF_r202406_sortino_blended_armB,0.014125619570746553,-0.26573426573426573,0.006060606060606061,64,15,15,13,-2.1581939952772755,-5.572444672183083,0.38461538461538464,2.197008448554576,-0.16601492271363658,ok,2024Q2
B,50ETF,single,2024-09-01,50ETF_r202409_sortino_blended_armB,-0.08791546827254558,-0.030303030303030304,-0.15151515151515152,58,18,18,11,-2.168826753775137,-1.5249034269667323,0.36363636363636365,6.736087299169677,-0.19716606852501248,ok,2024Q3
B,50ETF,single,2024-12-01,50ETF_r202412_sortino_blended_armB,0.02254760220246701,0.4303030303030303,0.006060606060606061,58,18,18,11,1.3404770571510518,5.7018386810548485,0.7272727272727273,0.4947660352389365,0.12186155065009562,ok,2024Q4
B,50ETF,single,2025-03-01,50ETF_r202503_sortino_blended_armB,0.24976861252314367,0.7412587412587412,0.6363636363636364,61,18,18,13,4.89919727138572,8.70801807013508,0.6923076923076923,0.1836162404636833,0.3768613285681323,ok,2025Q1
B,50ETF,single,2025-06-01,50ETF_r202506_sortino_blended_armB,0.07133862956607577,0.13986013986013987,0.4303030303030303,64,18,18,13,1.530666876484752,3.464753361876138,0.5384615384615384,1.1874355963315626,0.11774360588344246,ok,2025Q2
B,50ETF,single,2025-09-01,50ETF_r202509_sortino_blended_armB,0.1549386323787259,0.40606060606060607,0.18787878787878787,59,18,18,11,5.294759614045793,9.923200576518882,0.6363636363636364,0.16386405580192243,0.4813417830950721,ok,2025Q3
B,50ETF,single,2025-12-01,50ETF_r202512_sortino_blended_armB,0.018764887947886735,0.1393939393939394,-0.18787878787878787,57,18,18,11,-0.27020827963759164,-0.5149349203500206,0.45454545454545453,2.336903178097577,-0.024564389057962877,ok,2025Q4
B,50ETF,short,2024-03-01,50ETF_short_r202403_sortino_blended_armB,0.07017451084082496,-0.21666666666666667,0.24848484848484848,61,18,18,6,1.678687761113313,17.669812235474193,0.8333333333333334,0.04260996974649989,0.27978129351888553,ok,2024Q1
B,50ETF,short,2024-06-01,50ETF_short_r202406_sortino_blended_armB,-0.005860872949936982,-0.7666666666666667,-0.21212121212121213,64,18,18,6,-2.0308508722731156,-8.360360406746555,0.3333333333333333,2.6797827155627507,-0.3384751453788526,ok,2024Q2
B,50ETF,short,2024-09-01,50ETF_short_r202409_sortino_blended_armB,-0.1183382807713376,0.11904761904761904,-0.4909090909090909,58,18,18,5,-2.0346263622374554,-3.7582885562446817,0.2,2.433799514022008,-0.4069252724474911,ok,2024Q3
B,50ETF,short,2024-12-01,50ETF_short_r202412_sortino_blended_armB,0.030729951705681505,-0.023809523809523808,0.15151515151515152,58,18,18,5,1.0567558157577592,7.314495288713682,0.8,0.4947660352389365,0.21135116315155184,ok,2024Q4
B,50ETF,short,2025-03-01,50ETF_short_r202503_sortino_blended_armB,0.24551104273847177,0.5166666666666667,0.6727272727272727,61,18,18,6,2.769606381392428,7.987850340029019,0.6666666666666666,0.1876314002091637,0.46160106356540465,ok,2025Q1
B,50ETF,short,2025-06-01,50ETF_short_r202506_sortino_blended_armB,0.06515716936619116,-0.2833333333333333,0.04242424242424243,64,18,18,6,-1.1874355963315626,-6.786992601159684,0.3333333333333333,0.6576104340441637,-0.1979059327219271,ok,2025Q2
B,50ETF,short,2025-09-01,50ETF_short_r202509_sortino_blended_armB,0.1777323202805377,0.3333333333333333,0.296969696969697,59,18,18,5,0.4136890081815884,1.7347092799297232,0.6,1.0367729152429241,0.08273780163631768,ok,2025Q3
B,50ETF,short,2025-12-01,50ETF_short_r202512_sortino_blended_armB,-0.01059778645761479,-0.11904761904761904,0.06666666666666667,57,18,18,5,-0.609425024785696,-3.810342437487843,0.4,0.5133373298244206,-0.1218850049571392,ok,2025Q4
B,588000ETF,long,2024-03-01,588000ETF_long_r202403_sortino_blended_armB,0.11735307753546159,-0.15,0.41818181818181815,61,23,23,7,1.6395146088937782,4.5377171549671855,0.5714285714285714,0.6445890330290402,0.23421637269911116,ok,2024Q1
B,588000ETF,long,2024-06-01,588000ETF_long_r202406_sortino_blended_armB,-0.02759837163663597,-0.3333333333333333,-0.07878787878787878,64,23,23,7,-1.5564713503890013,-2.5814989094496053,0.42857142857142855,1.8707133012152521,-0.22235305005557163,ok,2024Q2
B,588000ETF,long,2024-09-01,588000ETF_long_r202409_sortino_blended_armB,0.19566822776420595,0.2857142857142857,0.34545454545454546,58,23,23,6,9.315094084812085,14.085292746307399,0.8333333333333334,1.140818382944305,1.5525156808020142,ok,2024Q3
B,588000ETF,long,2024-12-01,588000ETF_long_r202412_sortino_blended_armB,0.14225941590907049,-0.3333333333333333,0.28484848484848485,58,23,23,6,-1.0130117597033637,-2.606688630909958,0.5,1.0825916104215507,-0.16883529328389393,ok,2024Q4
B,588000ETF,long,2025-03-01,588000ETF_long_r202503_sortino_blended_armB,0.09539925965097831,0.18333333333333332,0.030303030303030304,61,22,22,7,-0.1659910920407239,-0.2956975742362916,0.5714285714285714,2.2195595336039697,-0.023713013148674845,ok,2025Q1
B,588000ETF,long,2025-06-01,588000ETF_long_r202506_sortino_blended_armB,-0.004396661412427563,0.06666666666666667,0.006060606060606061,64,7,7,7,4.685921278326774,7.257153613222702,0.7142857142857143,1.1911051068844876,0.6694173254752533,ok,2025Q2
B,588000ETF,long,2025-09-01,588000ETF_long_r202509_sortino_blended_armB,0.09146697837521917,0.5952380952380952,0.22424242424242424,59,21,21,6,3.0628139887418433,8.268794400822339,0.8333333333333334,1.07317803966618,0.5104689981236405,ok,2025Q3
B,588000ETF,long,2025-12-01,588000ETF_long_r202512_sortino_blended_armB,-0.20372050816696916,0.2619047619047619,-0.5878787878787879,57,23,23,6,-4.260927893595965,-9.850323758239178,0.16666666666666666,4.748733899360618,-0.7101546489326608,ok,2025Q4
B,588000ETF,single,2024-03-01,588000ETF_r202403_sortino_blended_armB,0.11180009279403597,0.46153846153846156,0.3090909090909091,61,23,23,13,2.4226278468728886,3.505459604494459,0.6153846153846154,3.0036044668508746,0.18635598822099142,ok,2024Q1
B,588000ETF,single,2024-06-01,588000ETF_r202406_sortino_blended_armB,-0.0383170753096199,-0.5954474980875943,-0.18787878787878787,64,23,23,13,-8.118272785644244,-8.150087079028188,0.38461538461538464,8.255562563902016,-0.6244825219726342,ok,2024Q2
B,588000ETF,single,2024-09-01,588000ETF_r202409_sortino_blended_armB,0.13515259820254036,0.3939393939393939,0.296969696969697,58,23,23,11,7.488832485622149,5.521707049222878,0.5454545454545454,2.966905162298632,0.6808029532383771,ok,2024Q3
B,588000ETF,single,2024-12-01,588000ETF_r202412_sortino_blended_armB,0.13875215522273093,-0.01818181818181818,0.21212121212121213,58,23,23,11,1.9673516987996822,2.0458381248955027,0.45454545454545453,2.076202079718689,0.17885015443633476,ok,2024Q4
B,588000ETF,single,2025-03-01,588000ETF_r202503_sortino_blended_armB,0.09169751454257007,0.15384615384615385,0.40606060606060607,61,23,23,13,0.5502960308862977,0.6417401176258934,0.46153846153846156,1.5313615561862757,0.042330463914330596,ok,2025Q1
B,588000ETF,single,2025-06-01,588000ETF_r202506_sortino_blended_armB,-0.04957693728075872,-0.24475524475524477,0.01818181818181818,64,23,23,13,0.45282805372270507,0.696179876299764,0.5384615384615384,1.8448610933660219,0.034832927209438855,ok,2025Q2
B,588000ETF,single,2025-09-01,588000ETF_r202509_sortino_blended_armB,0.11350087668030391,0.6121212121212121,0.5515151515151515,59,20,20,11,8.1980149412489,10.55830640329488,0.8181818181818182,1.7122997535937645,0.7452740855680818,ok,2025Q3
B,588000ETF,single,2025-12-01,588000ETF_r202512_sortino_blended_armB,-0.2767695099818512,-0.18787878787878787,-0.7818181818181819,57,5,5,11,-5.93175763294009,-9.871402243636698,0.2727272727272727,5.085182181167767,-0.5392506939036446,ok,2025Q4
B,588000ETF,short,2024-03-01,588000ETF_short_r202403_sortino_blended_armB,0.12830039031141496,0.7666666666666667,0.34545454545454546,61,14,14,6,4.434710183852103,54.43517817079128,1.0,0.0,0.7391183639753506,ok,2024Q1
B,588000ETF,short,2024-06-01,588000ETF_short_r202406_sortino_blended_armB,-0.011589025766089462,-0.15062893357603013,-0.15151515151515152,64,23,23,6,-2.9515954267536957,-4.942449912149689,0.5,4.230430848656875,-0.49193257112561595,ok,2024Q2
B,588000ETF,short,2024-09-01,588000ETF_short_r202409_sortino_blended_armB,0.26270613158467837,-0.47619047619047616,0.696969696969697,58,23,23,5,-1.8262615991899356,-3.219924913408896,0.2,2.965405162298632,-0.3652523198379871,ok,2024Q3
B,588000ETF,short,2024-12-01,588000ETF_short_r202412_sortino_blended_armB,0.15078144406798322,0.5,0.09090909090909091,58,23,23,5,6.529929187040658,19.736026368978088,0.8,0.2912153161152786,1.3059858374081315,ok,2024Q4
B,588000ETF,short,2025-03-01,588000ETF_short_r202503_sortino_blended_armB,0.12485457429931253,-0.3333333333333333,0.3333333333333333,61,22,22,6,1.0849373855710116,3.685256634832186,0.5,0.9002236084447259,0.1808228975951686,ok,2025Q1
B,588000ETF,short,2025-06-01,588000ETF_short_r202506_sortino_blended_armB,-0.04163088774892349,-0.48333333333333334,-0.11515151515151516,64,23,23,6,-3.2537981698715126,-7.60311336550736,0.16666666666666666,4.4083804099791095,-0.5422996949785854,ok,2025Q2
B,588000ETF,short,2025-09-01,588000ETF_short_r202509_sortino_blended_armB,0.03822326125073057,0.3333333333333333,-0.11515151515151516,59,23,23,5,5.773389845644761,14.151815400572168,0.8,0.0,1.1546779691289522,ok,2025Q3
B,588000ETF,short,2025-12-01,588000ETF_short_r202512_sortino_blended_armB,-0.23619393310863365,0.14285714285714285,-0.503030303030303,57,20,20,5,-2.969642402895568,-12.083818714582941,0.2,1.8924776749252032,-0.5939284805791136,ok,2025Q4
C,159915ETF,long,2024-03-01,159915ETF_long_r202403_sortino_blended_armC,0.21390798519301957,0.6666666666666666,0.09090909090909091,61,10,10,7,7.275279231452442,13.772469152195436,0.8571428571428571,0.7040790024405621,1.039325604493206,ok,2024Q1
C,159915ETF,long,2024-06-01,159915ETF_long_r202406_sortino_blended_armC,-0.12381094106741874,-0.38333333333333336,-0.12727272727272726,64,10,10,7,1.1866197301784276,2.0764175345193903,0.5714285714285714,2.6046798068245267,0.16951710431120395,ok,2024Q2
C,159915ETF,long,2024-09-01,159915ETF_long_r202409_sortino_blended_armC,0.20292841982220308,0.7380952380952381,0.3212121212121212,58,10,10,6,16.595705532740492,12.434005533174203,0.8333333333333334,1.4432351392813345,2.7659509221234155,ok,2024Q3
C,159915ETF,long,2024-12-01,159915ETF_long_r202412_sortino_blended_armC,0.23461195361284568,0.023809523809523808,0.6484848484848484,58,10,10,6,3.0449155496487097,8.48302034894895,0.6666666666666666,0.4132350129547904,0.5074859249414516,ok,2024Q4
C,159915ETF,long,2025-03-01,159915ETF_long_r202503_sortino_blended_armC,0.04175094858837357,-0.4,-0.3696969696969697,61,10,10,7,-3.1641178338428757,-6.340604321547634,0.2857142857142857,3.117524099409978,-0.4520168334061251,ok,2025Q1
C,159915ETF,long,2025-06-01,159915ETF_long_r202506_sortino_blended_armC,0.22138278388278387,-0.2833333333333333,0.696969696969697,64,10,10,7,4.017878745155409,8.174622009634804,0.5714285714285714,0.6989069336073324,0.5739826778793441,ok,2025Q2
C,159915ETF,long,2025-09-01,159915ETF_long_r202509_sortino_blended_armC,0.13664523670368206,-0.09523809523809523,0.23636363636363636,59,10,10,6,1.2358209122000012,2.2506005612020576,0.5,2.2303697180427102,0.20597015203333355,ok,2025Q3
C,159915ETF,long,2025-12-01,159915ETF_long_r202512_sortino_blended_armC,-0.1252612986504011,-0.30952380952380953,-0.3939393939393939,57,10,10,6,1.8986881203507817,4.821477619049321,0.6666666666666666,0.9882025784006503,0.3164480200584636,ok,2025Q4
C,159915ETF,single,2024-03-01,159915ETF_r202403_sortino_blended_armC,0.228397673188789,0.8181818181818182,0.28484848484848485,61,10,10,13,9.770868075542715,12.621581607132473,0.8461538461538461,0.7320455362236622,0.7516052365802088,ok,2024Q1
C,159915ETF,single,2024-06-01,159915ETF_r202406_sortino_blended_armC,-0.07866390412493543,0.0979020979020979,-0.22424242424242424,64,6,6,13,-0.006106494906115922,-0.006190246248960658,0.5384615384615384,3.259896678889898,-0.0004697303773935325,ok,2024Q2
C,159915ETF,single,2024-09-01,159915ETF_r202409_sortino_blended_armC,0.22704481835799317,0.7818181818181819,0.5151515151515151,58,10,10,11,16.902783405888346,7.594325341624149,0.6363636363636364,2.8512460901669527,1.536616673262577,ok,2024Q3
C,159915ETF,single,2024-12-01,159915ETF_r202412_sortino_blended_armC,0.25780553077609275,0.503030303030303,0.6484848484848484,58,10,10,11,7.491347331129763,9.050007598312074,0.6363636363636364,1.6587040605187253,0.6810315755572511,ok,2024Q4
C,159915ETF,single,2025-03-01,159915ETF_r202503_sortino_blended_armC,0.00729782255249595,-0.09090909090909091,-0.09090909090909091,61,10,10,13,0.17232965074032613,0.2471684707503952,0.6153846153846154,1.6964558313773206,0.013256126980025087,ok,2025Q1
C,159915ETF,single,2025-06-01,159915ETF_r202506_sortino_blended_armC,0.11854395604395604,0.25874125874125875,0.38181818181818183,64,10,10,13,4.692888259954621,6.548610353361113,0.5384615384615384,0.7364057408245763,0.36099140461189394,ok,2025Q2
C,159915ETF,single,2025-09-01,159915ETF_r202509_sortino_blended_armC,0.15353594389246056,0.2727272727272727,0.22424242424242424,59,6,6,11,7.611882884304294,6.599820800584802,0.6363636363636364,2.2303697180427102,0.6919893531185722,ok,2025Q3
C,159915ETF,single,2025-12-01,159915ETF_r202512_sortino_blended_armC,-0.14428545966147108,-0.23636363636363636,-0.3090909090909091,57,10,10,11,1.7703642481522732,2.9012119742455136,0.6363636363636364,1.9065268807563744,0.1609422043774794,ok,2025Q4
C,159915ETF,short,2024-03-01,159915ETF_short_r202403_sortino_blended_armC,0.23738762559492332,0.7666666666666667,0.34545454545454546,61,10,10,6,3.247825146868701,35.58433101605509,1.0,0.0,0.5413041911447835,ok,2024Q1
C,159915ETF,short,2024-06-01,159915ETF_short_r202406_sortino_blended_armC,-0.11238681762203377,0.6945667492672501,-0.01818181818181818,64,10,10,6,1.1917041119802043,3.670168237334274,0.6666666666666666,1.3776685072681532,0.19861735199670072,ok,2024Q2
C,159915ETF,short,2024-09-01,159915ETF_short_r202409_sortino_blended_armC,0.1007413331692762,0.35714285714285715,0.5515151515151515,58,2,2,5,4.025762125002701,8.158339404157958,0.6,0.8594867489526754,0.8051524250005402,ok,2024Q3
C,159915ETF,short,2024-12-01,159915ETF_short_r202412_sortino_blended_armC,0.274231751207358,0.07142857142857142,0.5757575757575758,58,7,7,5,4.723733521931715,12.474149010133267,0.8,0.4593995535687778,0.944746704386343,ok,2024Q4
C,159915ETF,short,2025-03-01,159915ETF_short_r202503_sortino_blended_armC,0.05182511667714516,-0.15,-0.1393939393939394,61,10,10,6,0.6821582869936602,2.925094508488879,0.6666666666666666,0.7963377662951484,0.1136930478322767,ok,2025Q1
C,159915ETF,short,2025-06-01,159915ETF_short_r202506_sortino_blended_armC,0.21625457875457876,0.06666666666666667,0.41818181818181815,64,10,10,6,-0.42284325154096714,-1.700761802395924,0.5,0.3487220383857842,-0.07047387525682786,ok,2025Q2
C,159915ETF,short,2025-09-01,159915ETF_short_r202509_sortino_blended_armC,0.13664523670368206,0.0,0.23636363636363636,59,10,10,5,7.6587566347872595,15.43242008116704,1.0,0.0,1.5317513269574519,ok,2025Q3
C,159915ETF,short,2025-12-01,159915ETF_short_r202512_sortino_blended_armC,-0.18730451996790046,0.048795003647426664,-0.3212121212121212,57,1,1,5,-2.440775622619526,-8.22648749214184,0.2,3.376196904788527,-0.4881551245239052,ok,2025Q4
C,300ETF,long,2024-03-01,300ETF_long_r202403_sortino_blended_armC,0.2691311019681888,0.35,0.41818181818181815,61,11,11,7,2.9644567654964358,12.905929885495203,0.7142857142857143,0.27749297802142214,0.42349382364234794,ok,2024Q1
C,300ETF,long,2024-06-01,300ETF_long_r202406_sortino_blended_armC,-0.10034455523271012,0.23333333333333334,-0.34545454545454546,64,13,13,7,-0.6052909030466522,-2.9372003378573073,0.2857142857142857,1.175951399616139,-0.0864701290066646,ok,2024Q2
C,300ETF,long,2024-09-01,300ETF_long_r202409_sortino_blended_armC,-0.08357685563997662,-0.40476190476190477,0.006060606060606061,58,13,13,6,1.1053742666430235,0.8457424100956583,0.5,6.744970221262197,0.18422904444050392,ok,2024Q3
C,300ETF,long,2024-12-01,300ETF_long_r202412_sortino_blended_armC,-0.16398535790088897,0.19047619047619047,-0.4909090909090909,58,13,13,6,-1.0037200495304293,-6.133585184512331,0.3333333333333333,0.4552070385205069,-0.1672866749217382,ok,2024Q4
C,300ETF,long,2025-03-01,300ETF_long_r202503_sortino_blended_armC,0.061359430868600996,-0.4166666666666667,0.4303030303030303,61,6,6,7,-0.2679034019835554,-1.8446353422895359,0.2857142857142857,0.9330097949482361,-0.03827191456907934,ok,2025Q1
C,300ETF,long,2025-06-01,300ETF_long_r202506_sortino_blended_armC,-0.09665750915750916,0.3,0.05454545454545454,64,5,5,7,1.3695438809130216,7.469037613581277,0.5714285714285714,0.42235305667951983,0.19564912584471736,ok,2025Q2
C,300ETF,long,2025-09-01,300ETF_long_r202509_sortino_blended_armC,-0.35628287551139687,-0.6428571428571429,-0.6,59,4,4,6,-3.8287874800877946,-12.431356304778863,0.3333333333333333,2.2613117462713035,-0.6381312466812991,ok,2025Q3
C,300ETF,long,2025-12-01,300ETF_long_r202512_sortino_blended_armC,0.14907959554057557,-0.2619047619047619,0.2606060606060606,57,4,4,6,-0.6429808498769065,-2.9613077507542673,0.5,1.74026453947025,-0.10716347497948442,ok,2025Q4
C,300ETF,single,2024-03-01,300ETF_r202403_sortino_blended_armC,0.23903961110163358,0.43356643356643354,0.7818181818181819,61,13,13,13,3.792099228450665,9.544931746124922,0.6923076923076923,0.656120240057192,0.29169994065005117,ok,2024Q1
C,300ETF,single,2024-06-01,300ETF_r202406_sortino_blended_armC,-0.08514291601881108,0.08391608391608392,-0.44242424242424244,64,13,13,13,-0.6016415634749956,-1.3072809563677636,0.46153846153846156,2.0135396418777454,-0.04628012026730736,ok,2024Q2
C,300ETF,single,2024-09-01,300ETF_r202409_sortino_blended_armC,-0.0844996770125196,-0.3090909090909091,-0.23636363636363636,58,13,13,11,-5.381595856679174,-2.4792550134833364,0.36363636363636365,13.77171991790764,-0.489235986970834,ok,2024Q3
C,300ETF,single,2024-12-01,300ETF_r202412_sortino_blended_armC,-0.1530960657048817,-0.21212121212121213,-0.4666666666666667,58,13,13,11,-2.0010556090987324,-5.2752687383212225,0.45454545454545453,1.7700637976021965,-0.18191414628170294,ok,2024Q4
C,300ETF,single,2025-03-01,300ETF_r202503_sortino_blended_armC,0.05871462781391992,0.03496503496503497,0.40606060606060607,61,8,8,13,1.571654122729878,1.9513664092072835,0.38461538461538464,2.031776410447,0.12089647097922138,ok,2025Q1
C,300ETF,single,2025-06-01,300ETF_r202506_sortino_blended_armC,-0.10416666666666667,-0.11188811188811189,-0.296969696969697,64,7,7,13,-2.0764823490045057,-5.540197074290158,0.23076923076923078,1.7759539676988383,-0.15972941146188505,ok,2025Q2
C,300ETF,single,2025-09-01,300ETF_r202509_sortino_blended_armC,-0.24248977206312097,-0.8181818181818182,-0.3939393939393939,59,8,8,11,-4.533825659149546,-10.604195849253307,0.36363636363636365,5.173131872275878,-0.4121659690135951,ok,2025Q3
C,300ETF,single,2025-12-01,300ETF_r202512_sortino_blended_armC,-0.22595281306715065,-0.04242424242424243,-0.503030303030303,57,7,7,11,-1.4534026832512397,-3.6819816034103168,0.36363636363636365,2.446183858466632,-0.1321275166592036,ok,2025Q4
C,300ETF,short,2024-03-01,300ETF_short_r202403_sortino_blended_armC,0.25390025949091655,0.38333333333333336,0.5878787878787879,61,5,5,6,1.770398762448643,12.552113785426034,0.8333333333333334,0.2880331473286427,0.2950664604081072,ok,2024Q1
C,300ETF,short,2024-06-01,300ETF_short_r202406_sortino_blended_armC,-0.1075561762453279,-0.13333333333333333,-0.3575757575757576,64,11,11,6,0.11478238298392283,0.7091932068970345,0.5,0.7972298612273552,0.01913039716398714,ok,2024Q2
C,300ETF,short,2024-09-01,300ETF_short_r202409_sortino_blended_armC,-0.0693654065028146,-0.2619047619047619,-0.12727272727272726,58,13,13,5,-6.486970123322197,-7.241660414241385,0.2,2.3570025903046803,-1.2973940246644395,ok,2024Q3
C,500ETF,long,2024-03-01,500ETF_long_r202403_sortino_blended_armC,0.013907985193019567,0.35,0.006060606060606061,61,1,1,7,0.7273279977425374,2.88041496000465,0.7142857142857143,0.9233321039967536,0.10390399967750534,ok,2024Q1
C,500ETF,long,2024-06-01,500ETF_long_r202406_sortino_blended_armC,0.09056776556776557,0.5,0.23636363636363636,64,1,1,7,1.828997887981098,4.009296131327662,0.5714285714285714,0.8588474905931975,0.2612854125687283,ok,2024Q2
C,500ETF,long,2024-09-01,500ETF_long_r202409_sortino_blended_armC,-0.009443538712356578,0.09523809523809523,-0.10303030303030303,58,1,1,6,2.6929474537587126,5.9863216464187365,0.5,1.0995502483444208,0.4488245756264521,ok,2024Q3
C,500ETF,long,2024-12-01,500ETF_long_r202412_sortino_blended_armC,-0.012581131379002738,0.23809523809523808,-0.2606060606060606,58,1,1,6,-1.8788425391055563,-3.5935320405739315,0.6666666666666666,3.0748826452618827,-0.3131404231842594,ok,2024Q4
C,500ETF,long,2025-03-01,500ETF_long_r202503_sortino_blended_armC,0.18778424114225278,0.5666666666666667,0.6121212121212121,61,2,2,7,2.2177230299349002,3.43151992480363,0.5714285714285714,0.9876128765780181,0.31681757570498575,ok,2025Q1
C,500ETF,long,2025-06-01,500ETF_long_r202506_sortino_blended_armC,-0.1835164835164835,-0.11666666666666667,-0.5515151515151515,64,1,1,7,-0.2974185792629743,-1.2501759447771856,0.2857142857142857,1.0382194749995064,-0.04248836846613919,ok,2025Q2
C,500ETF,long,2025-09-01,500ETF_long_r202509_sortino_blended_armC,-0.13939216832261836,0.4523809523809524,-0.7818181818181819,59,1,1,6,-2.576302419659811,-4.036621824044663,0.5,4.82250485085361,-0.4293837366099685,ok,2025Q3
C,500ETF,long,2025-12-01,500ETF_long_r202512_sortino_blended_armC,0.044918330308529944,-0.047619047619047616,0.06666666666666667,57,1,1,6,0.8764389671585279,2.9515631450556947,0.5,1.2911077909446487,0.14607316119308797,ok,2025Q4
C,500ETF,single,2024-03-01,500ETF_r202403_sortino_blended_armC,0.013907985193019567,0.06293706293706294,0.006060606060606061,61,1,1,13,1.2850290262156006,2.6214099475735124,0.6153846153846154,2.371342892648876,0.09884838663196928,ok,2024Q1
C,500ETF,single,2024-06-01,500ETF_r202406_sortino_blended_armC,0.09056776556776557,0.35664335664335667,0.23636363636363636,64,1,1,13,1.8122975265208672,2.126514472107906,0.6923076923076923,2.245576217519779,0.13940750204006672,ok,2024Q2
C,500ETF,single,2024-09-01,500ETF_r202409_sortino_blended_armC,-0.009443538712356578,-0.10303030303030303,-0.10303030303030303,58,1,1,11,-0.03403576705573297,-0.03856458246564395,0.36363636363636365,3.9722749519989575,-0.00309416064143027,ok,2024Q3
C,500ETF,single,2024-12-01,500ETF_r202412_sortino_blended_armC,-0.012581131379002738,-0.18787878787878787,-0.2606060606060606,58,1,1,11,0.08886056126942887,0.10634891856803336,0.6363636363636364,3.0748826452618827,0.008078232842675353,ok,2024Q4
C,500ETF,single,2025-03-01,500ETF_r202503_sortino_blended_armC,0.18646218931782127,0.38461538461538464,0.6606060606060606,61,2,2,13,3.2372335968430708,3.704482221475254,0.5384615384615384,0.9876128765780181,0.24901796898792852,ok,2025Q1
C,500ETF,single,2025-06-01,500ETF_r202506_sortino_blended_armC,-0.1835164835164835,-0.0979020979020979,-0.5515151515151515,64,1,1,13,-1.8026451793786924,-4.341310966029653,0.3076923076923077,2.543446075115224,-0.13866501379836096,ok,2025Q2
C,500ETF,single,2025-09-01,500ETF_r202509_sortino_blended_armC,-0.13939216832261836,0.3333333333333333,-0.7818181818181819,59,1,1,11,-2.510392853088551,-2.7179320831113647,0.45454545454545453,4.82250485085361,-0.22821753209895917,ok,2025Q3
C,500ETF,single,2025-12-01,500ETF_r202512_sortino_blended_armC,0.044918330308529944,-0.06666666666666667,0.06666666666666667,57,1,1,11,0.906180072370975,1.8208007464163312,0.5454545454545454,1.2911077909446487,0.08238000657917954,ok,2025Q4
C,500ETF,short,2024-03-01,500ETF_short_r202403_sortino_blended_armC,0.13389740877842413,0.23333333333333334,0.3090909090909091,61,5,5,6,2.8548089087283444,16.728839560448446,0.8333333333333334,0.0,0.4758014847880574,ok,2024Q1
C,500ETF,short,2024-06-01,500ETF_short_r202406_sortino_blended_armC,0.06799450549450549,-0.06666666666666667,0.030303030303030304,64,3,3,6,-0.29723121506511485,-0.9072832676805521,0.5,2.14095485455244,-0.049538535844185806,ok,2024Q2
C,500ETF,short,2024-09-01,500ETF_short_r202409_sortino_blended_armC,0.06019871420222092,0.40476190476190477,0.1393939393939394,58,4,4,5,2.936558865020319,12.504334532861769,0.8,0.6427404504297001,0.5873117730040638,ok,2024Q3
C,500ETF,short,2024-12-01,500ETF_short_r202412_sortino_blended_armC,0.0621673997969793,-0.11904761904761904,-0.07878787878787878,58,4,4,5,2.474558655912788,6.69837933682878,0.6,1.0523571280392177,0.4949117311825576,ok,2024Q4
C,500ETF,short,2025-03-01,500ETF_short_r202503_sortino_blended_armC,0.17207826546800634,0.08333333333333333,0.806060606060606,61,4,4,6,0.7142569771440527,4.342727591404003,0.5,0.4585265459339082,0.11904282952400878,ok,2025Q1
C,500ETF,short,2025-06-01,500ETF_short_r202506_sortino_blended_armC,-0.08113553113553114,-0.45,0.01818181818181818,64,3,3,6,-2.87189327246839,-27.193662091094502,0.0,2.6125947280409605,-0.47864887874473167,ok,2025Q2
C,500ETF,short,2025-09-01,500ETF_short_r202509_sortino_blended_armC,-0.14529514903565166,0.7857142857142857,-0.6484848484848484,59,4,4,5,-0.606882051085137,-3.0027281162060206,0.4,1.0283972822624505,-0.12137641021702741,ok,2025Q3
C,500ETF,short,2025-12-01,500ETF_short_r202512_sortino_blended_armC,-0.0174358309567021,0.2619047619047619,-0.01818181818181818,57,3,3,5,-1.6004642535874622,-7.038159390695148,0.4,1.807796230909271,-0.32009285071749244,ok,2025Q4
C,50ETF,long,2024-03-01,50ETF_long_r202403_sortino_blended_armC,0.07218402961396087,-0.016666666666666666,0.17575757575757575,61,3,3,7,-0.5469940966028904,-1.7170878263078184,0.42857142857142855,1.1479928619122655,-0.07814201380041293,ok,2024Q1
C,50ETF,long,2024-06-01,50ETF_long_r202406_sortino_blended_armC,0.09240032510135023,-0.13333333333333333,0.006060606060606061,64,3,3,7,-0.4171744938059639,-3.525981462371138,0.2857142857142857,0.8236641673903229,-0.059596356257994844,ok,2024Q2
C,50ETF,long,2024-09-01,50ETF_long_r202409_sortino_blended_armC,-0.09379085471063382,0.047619047619047616,-0.12727272727272726,58,2,2,6,-1.0569215039555353,-0.9550330334384302,0.3333333333333333,6.471466475348539,-0.1761535839925892,ok,2024Q3
C,50ETF,long,2024-12-01,50ETF_long_r202412_sortino_blended_armC,-0.043157279522593746,-0.047619047619047616,0.21212121212121213,58,2,2,6,0.3522700366121802,2.0792305583647486,0.5,0.34243433919511573,0.0587116727686967,ok,2024Q4
C,50ETF,long,2025-03-01,50ETF_long_r202503_sortino_blended_armC,-0.03530345132010554,0.31666666666666665,-0.10303030303030303,61,3,3,7,3.2460968202431606,10.29442309877155,0.5714285714285714,0.2955524747690048,0.4637281171775944,ok,2025Q1
C,50ETF,long,2025-06-01,50ETF_long_r202506_sortino_blended_armC,0.06385219443510441,-0.1,0.24848484848484848,64,2,2,7,0.6348947756131254,1.9082374070612202,0.5714285714285714,1.5725929284528553,0.0906992536590179,ok,2025Q2
C,50ETF,long,2025-09-01,50ETF_long_r202509_sortino_blended_armC,-0.010403272939801285,0.47619047619047616,-0.16363636363636364,59,2,2,6,0.45971480922575114,1.6476743059651258,0.5,0.7418864499025245,0.07661913487095852,ok,2025Q3
C,50ETF,long,2025-12-01,50ETF_long_r202512_sortino_blended_armC,-0.09136134563919293,-0.4523809523809524,-0.21212121212121213,57,1,1,6,-3.075890838627047,-11.996651913552721,0.16666666666666666,3.422217276259526,-0.5126484731045079,ok,2025Q4
C,50ETF,single,2024-03-01,50ETF_r202403_sortino_blended_armC,0.055473294553146486,-0.027972027972027972,-0.05454545454545454,61,2,2,13,-0.4900894856781626,-1.178095845417124,0.5384615384615384,0.7309476830230139,-0.037699191206012506,ok,2024Q1
C,50ETF,single,2024-06-01,50ETF_r202406_sortino_blended_armC,-0.08880596161252169,-0.13986013986013987,-0.47878787878787876,64,2,2,13,-0.5742853891227784,-1.3713508659678677,0.38461538461538464,1.447194036290269,-0.04417579916329065,ok,2024Q2
C,50ETF,single,2024-09-01,50ETF_r202409_sortino_blended_armC,-0.1291662180813222,-0.12727272727272726,-0.16363636363636364,58,3,3,11,0.9003489564946832,0.5906662458206152,0.45454545454545453,6.14859501503895,0.0818499051358803,ok,2024Q3
C,50ETF,single,2024-12-01,50ETF_r202412_sortino_blended_armC,-0.042295979574886955,-0.1393939393939394,-0.030303030303030304,58,2,2,11,-0.6711772380930575,-2.2421498742709045,0.36363636363636365,1.0586701026131777,-0.06101611255391432,ok,2024Q4
C,50ETF,single,2025-03-01,50ETF_r202503_sortino_blended_armC,0.051355282744303336,0.16783216783216784,0.04242424242424243,61,3,3,13,2.6331066886933745,5.31390952861206,0.46153846153846156,0.7957540495419186,0.2025466683610288,ok,2025Q1
C,50ETF,single,2025-06-01,50ETF_r202506_sortino_blended_armC,0.1806131093218138,0.32167832167832167,0.38181818181818183,64,2,2,13,3.5334990258562486,6.7505445101725075,0.6923076923076923,0.9817343149330786,0.2718076173735576,ok,2025Q2
C,50ETF,single,2025-09-01,50ETF_r202509_sortino_blended_armC,-0.11350087668030391,0.18787878787878787,-0.5151515151515151,59,2,2,11,-1.3028427430485205,-2.5281142903062706,0.45454545454545453,2.0319900462690965,-0.11844024936804733,ok,2025Q3
C,50ETF,single,2025-12-01,50ETF_r202512_sortino_blended_armC,-0.07843010161292902,0.2,-0.1393939393939394,57,2,2,11,-1.8838800356146876,-4.368997923710979,0.2727272727272727,2.595946534032279,-0.17126182141951707,ok,2025Q4
C,50ETF,short,2024-03-01,50ETF_short_r202403_sortino_blended_armC,0.03352723426758329,-0.2,0.11515151515151516,61,7,7,6,0.6976286276247108,5.189869291926356,0.6666666666666666,0.5167335938177953,0.1162714379374518,ok,2024Q1
C,50ETF,short,2024-06-01,50ETF_short_r202406_sortino_blended_armC,-0.022367472156595434,-0.5833333333333334,-0.1393939393939394,64,4,4,6,-1.407659807053434,-7.821588312635619,0.3333333333333333,1.6509467846568135,-0.234609967842239,ok,2024Q2
C,50ETF,short,2024-09-01,50ETF_short_r202409_sortino_blended_armC,-0.1104018949020875,0.35714285714285715,-0.1393939393939394,58,4,4,5,1.1796778192931123,3.3399642154061624,0.4,1.6370867090617103,0.23593556385862247,ok,2024Q3
C,50ETF,short,2024-12-01,50ETF_short_r202412_sortino_blended_armC,-0.05152419330031684,0.6190476190476191,-0.04242424242424243,58,4,4,5,0.13958233135151013,0.7444767649978845,0.6,0.22421724128243004,0.027916466270302025,ok,2024Q4
C,50ETF,short,2025-03-01,50ETF_short_r202503_sortino_blended_armC,-0.0025122306182846638,-0.06666666666666667,-0.07878787878787878,61,5,5,6,-0.6129901315497864,-6.726263880496594,0.3333333333333333,0.49296246065543636,-0.1021650219249644,ok,2025Q1
C,50ETF,short,2025-06-01,50ETF_short_r202506_sortino_blended_armC,0.14885871933203618,-0.6166666666666667,0.6242424242424243,64,5,5,6,0.7148097401131036,10.726648740920282,0.6666666666666666,0.07222136079769625,0.11913495668551727,ok,2025Q2
C,50ETF,short,2025-09-01,50ETF_short_r202509_sortino_blended_armC,-0.05388661601402688,0.023809523809523808,-0.21212121212121213,59,4,4,5,-1.419666054716782,-4.655532586216928,0.4,0.9180813858528009,-0.28393321094335644,ok,2025Q3
C,50ETF,short,2025-12-01,50ETF_short_r202512_sortino_blended_armC,-0.18959342745274163,-0.16666666666666666,-0.7212121212121212,57,3,3,5,-0.3356252417203529,-3.3400404231751026,0.6,0.3922526951730138,-0.06712504834407058,ok,2025Q4
C,588000ETF,long,2024-03-01,588000ETF_long_r202403_sortino_blended_armC,0.10912937156125507,0.31666666666666665,0.2606060606060606,61,13,13,7,1.1047006767577163,2.2836896773517172,0.7142857142857143,2.2577393611513354,0.15781438239395948,ok,2024Q1
C,588000ETF,long,2025-03-01,588000ETF_long_r202503_sortino_blended_armC,0.04341618191433104,-0.21666666666666667,0.15151515151515152,61,14,14,7,-2.065230978292634,-3.482845326107378,0.42857142857142855,2.185544525854742,-0.29503299689894774,ok,2025Q1
C,588000ETF,long,2025-06-01,588000ETF_long_r202506_sortino_blended_armC,0.16182919896679995,-0.2,0.41818181818181815,64,14,14,7,2.6599335111109834,4.09599743657947,0.5714285714285714,2.3774380811359537,0.37999050158728337,ok,2025Q2
C,588000ETF,long,2025-09-01,588000ETF_long_r202509_sortino_blended_armC,-0.05721800116890707,0.19047619047619047,-0.1393939393939394,59,14,14,6,-1.6083459117680718,-3.968056303824993,0.5,0.9998903558177417,-0.2680576519613453,ok,2025Q3
C,588000ETF,long,2025-12-01,588000ETF_long_r202512_sortino_blended_armC,-0.15757065076484314,0.09523809523809523,-0.07878787878787878,57,14,14,6,2.7169563789184,4.031529359743894,0.3333333333333333,1.9973953085504896,0.45282606315306667,ok,2025Q4
C,588000ETF,single,2024-03-01,588000ETF_r202403_sortino_blended_armC,0.10013882483704215,0.2517482517482518,0.296969696969697,61,12,12,13,1.8700536836978008,2.4933900169940246,0.6923076923076923,2.2577393611513354,0.1438502833613693,ok,2024Q1
C,588000ETF,single,2024-06-01,588000ETF_r202406_sortino_blended_armC,0.3136595017126387,0.5183895865703763,0.8181818181818182,64,5,5,13,10.057621614785473,12.131785036509585,0.6923076923076923,0.2561646921779728,0.7736632011373441,ok,2024Q2
C,588000ETF,single,2024-09-01,588000ETF_r202409_sortino_blended_armC,0.11121708229050385,0.09090909090909091,0.3090909090909091,58,13,13,11,-1.7428002041145358,-1.5601320523948747,0.5454545454545454,4.7022053664131676,-0.15843638219223052,ok,2024Q3
C,588000ETF,single,2024-12-01,588000ETF_r202412_sortino_blended_armC,0.3601402946867602,0.23636363636363636,0.8181818181818182,58,10,10,11,8.073781821130416,9.002582867023866,0.7272727272727273,1.6948612529439626,0.7339801655573105,ok,2024Q4
C,588000ETF,single,2025-03-01,588000ETF_r202503_sortino_blended_armC,0.02628239026969857,0.23076923076923078,0.3212121212121212,61,4,4,13,-1.7730485747685236,-2.1143487707820574,0.38461538461538464,1.7109398864355982,-0.13638835190527104,ok,2025Q1
C,588000ETF,single,2025-06-01,588000ETF_r202506_sortino_blended_armC,0.15374575376582636,0.3776223776223776,0.4909090909090909,64,14,14,13,3.1874416729378163,3.205728964751087,0.5384615384615384,2.3774380811359537,0.24518782099521663,ok,2025Q2
C,588000ETF,single,2025-09-01,588000ETF_r202509_sortino_blended_armC,-0.10011689070718878,-0.11515151515151516,-0.05454545454545454,59,14,14,11,0.2588573931599528,0.18151074084985125,0.45454545454545453,3.2629708449147197,0.023532490287268438,ok,2025Q3
C,588000ETF,single,2025-12-01,588000ETF_r202512_sortino_blended_armC,-0.1985351309307752,-0.12727272727272726,-0.28484848484848485,57,14,14,11,-1.0916899395059951,-1.067838554995608,0.18181818181818182,2.9458690644872316,-0.09924453995509047,ok,2025Q4
C,588000ETF,short,2024-03-01,588000ETF_short_r202403_sortino_blended_armC,0.06803728447470543,-0.06666666666666667,0.05454545454545454,61,13,13,6,1.7985078373004055,10.323429028323924,0.6666666666666666,0.2575791590176435,0.29975130621673424,ok,2024Q1
C,588000ETF,short,2024-06-01,588000ETF_short_r202406_sortino_blended_armC,0.2703495259741502,0.35146751167740364,0.9030303030303031,64,13,13,6,4.874375395110593,27.61919476644227,0.8333333333333334,0.0,0.8123958991850988,ok,2024Q2
C,588000ETF,short,2024-09-01,588000ETF_short_r202409_sortino_blended_armC,0.1108786623997167,-0.30952380952380953,0.15151515151515152,58,13,13,5,-1.6429281783579368,-3.034471454516648,0.4,3.8029541092284127,-0.3285856356715874,ok,2024Q3
C,588000ETF,short,2024-12-01,588000ETF_short_r202412_sortino_blended_armC,0.36232464125456815,0.47619047619047616,0.6848484848484848,58,13,13,5,6.074326695073896,17.801862181478253,0.8,0.2940404329105135,1.2148653390147792,ok,2024Q4
C,588000ETF,short,2025-03-01,588000ETF_short_r202503_sortino_blended_armC,0.01649920676890534,0.4666666666666667,0.16363636363636364,61,13,13,6,1.7334808000936242,10.324778381578627,0.6666666666666666,0.29264021933611484,0.2889134666822707,ok,2025Q1
C,588000ETF,short,2025-06-01,588000ETF_short_r202506_sortino_blended_armC,0.15239469635263247,0.25,0.4666666666666667,64,14,14,6,3.354598000364481,13.304560811401593,0.6666666666666666,0.3631640470188515,0.5590996667274135,ok,2025Q2
C,588000ETF,short,2025-09-01,588000ETF_short_r202509_sortino_blended_armC,-0.041671537112799535,-0.6904761904761905,-0.06666666666666667,59,11,11,5,1.867203304928025,1.990342839314498,0.4,1.236930950093518,0.373440660985605,ok,2025Q3
C,588000ETF,short,2025-12-01,588000ETF_short_r202512_sortino_blended_armC,-0.2116282084521649,0.35714285714285715,-0.6242424242424243,57,14,14,5,-1.0457261617074958,-2.337727805737158,0.2,2.0486645423349428,-0.20914523234149915,ok,2025Q4
