trial,objective,screen_fdr,screen_fallback_k,stability_b,stability_pi,stability_q,ess_divisor,model_type,k_weight,alpha,n_screened,n_css,n_vif,k_selected,active_k,val_ic,val_tail_ic,lb_ic,lb_tail_ic,lb_mono,ess_pct,gini,gamma
93,0.37814910069656693,0.5912593298943918,81,25,0.717629038214558,10,12.697104250362152,skglm_huber_l1,1.3481018926147637,0.000296648322555347,76,4,4,4,4,0.22797296107820236,0.5295953539551771,0.09242864884362514,0.08793443125873086,0.8909090909090909,0.27497861995253453,0.10771508444871558,
114,0.37814659174955734,0.5389889978313875,85,31,0.7226102508542392,10,9.241864762324704,skglm_huber_l1,1.3467408743623952,0.00021964880232190766,69,4,4,4,4,0.22796459792150378,0.5295953539551771,0.09246690845108499,0.08793443125873086,0.8909090909090909,0.27556168312250184,0.10761182717555728,
155,0.37680796876919764,0.5772149470957673,117,31,0.7452350989127856,11,10.13633450394642,skglm_huber_l1,0.7588639270056822,0.0025802627686456717,75,4,4,4,4,0.23186141078521175,0.5254159092227236,0.09947634082325776,0.1189695824909843,0.6727272727272727,0.6055373790652253,0.12069770780813815,
191,0.3762524851132287,0.5510176749017286,122,26,0.7219956025804892,10,10.162811192317225,skglm_huber_l1,1.346644303920349,0.0009131818416506678,70,4,4,4,4,0.2275129874597799,0.5266643147921578,0.09218603545690433,0.08687047197767163,0.9030303030303031,0.2756031125090843,0.10887352121904459,
115,0.3761917685955969,0.5774181330151894,91,31,0.724138427705597,10,9.722954969274046,skglm_huber_l1,1.3346625935189917,0.00019659260768651782,75,4,4,4,4,0.22731059906767404,0.5266643147921578,0.09240704054342655,0.08821394598511084,0.9030303030303031,0.2807758597440498,0.10770114715423529,
170,0.3761591522844724,0.5459956557998031,120,28,0.6888281613034929,10,10.621922665113432,skglm_huber_l1,1.3379012922660836,0.0021705136690938903,70,4,4,4,4,0.22720187803059239,0.5266643147921578,0.09250007143200366,0.08881805845825465,0.9030303030303031,0.2793706494708394,0.10885854714540177,
160,0.3758778896284286,0.5496774324991583,113,26,0.7153424111633683,10,9.721149220194159,skglm_huber_l1,1.369526068749842,0.0009980741769690276,70,4,4,4,4,0.2273499059041574,0.526121529761969,0.0922018489625424,0.08686145537359485,0.8424242424242424,0.26592142859170603,0.10909744744457295,
161,0.3757423524324631,0.5451746737159929,113,27,0.7122536251561729,10,9.782053294481857,skglm_huber_l1,1.3552414265170305,0.0019418142805137878,70,4,4,4,4,0.2273323432750904,0.5259044157498934,0.09201571736858626,0.08632045912898846,0.8666666666666667,0.2719352544740189,0.1099241181945747,
192,0.37572724469295743,0.5539465399907552,124,28,0.7322596442775826,9,10.747149932080163,skglm_huber_l1,1.3187245670848793,0.0007115936875784453,70,4,4,4,4,0.22771621216755566,0.525687301737818,0.09263118738603579,0.0882590290054947,0.8909090909090909,0.2877665852391443,0.10675225181202541,
151,0.3756792531431346,0.7399643805091694,113,34,0.7400335327686286,11,10.459466146467697,skglm_huber_l1,0.7623310644233441,0.0036585473749385492,83,4,4,4,4,0.23265841961858738,0.5231362120959308,0.09942464148142559,0.11700396280224774,0.6606060606060606,0.6032421023346657,0.12177554645545285,
116,0.37549789505942294,0.5809702568897466,91,31,0.7245036718980629,10,9.68848622304366,skglm_huber_l1,1.1777529958693433,0.0002469622465093862,75,4,4,4,4,0.22771161243137142,0.5253073522166859,0.09327357178063088,0.09279438085611164,0.9030303030303031,0.3550476783929869,0.10465488965589476,
197,0.375404409754592,0.536733751959672,122,25,0.7256712561166118,10,10.260456541489535,skglm_huber_l1,1.2594383499386366,0.0007427677688125641,55,4,4,4,4,0.22761710876067737,0.525198795210648,0.09285041214410866,0.08900740714386687,0.9272727272727272,0.3148731320403343,0.10497378566475857,
183,0.37537279702227133,0.5298671128240113,118,30,0.6945666416920244,9,9.520606842026645,skglm_huber_l1,1.2488722922368298,0.0005938549251717187,54,4,4,4,4,0.22751173298627514,0.525198795210648,0.09270243543240948,0.08900740714386687,0.9272727272727272,0.31988617653070495,0.10465963086925445,
198,0.37535924870841963,0.5359650524639328,123,25,0.7253677653321992,10,10.333378240754671,skglm_huber_l1,1.2500823364724176,0.0007515093531340623,55,4,4,4,4,0.22746657194010275,0.525198795210648,0.09277295040236284,0.08900740714386687,0.9272727272727272,0.3193092878474746,0.10481155553297894,
82,0.37509031734567944,0.5714858455610206,108,32,0.7455189272546009,10,11.069177064221819,skglm_huber_l1,0.7805088440225322,0.004173749074946972,73,4,4,4,4,0.23188942736015203,0.5225391485627231,0.09925198453024273,0.11844661945453146,0.6484848484848484,0.5912411002225654,0.1212223964894843,
138,0.37500021705922515,0.5707966574507265,110,34,0.7195691685871112,10,13.190513989890302,skglm_huber_l1,0.701814788409371,0.0027717657112753297,73,4,4,4,4,0.23484580325310356,0.5209107934721569,0.1001004681241471,0.11643591674541102,0.6727272727272727,0.6435325445130814,0.12470179859946962,
74,0.3749486602582647,0.5621464881626891,97,35,0.7247415730705529,9,10.01778523028813,skglm_huber_l1,0.7540957940978668,0.001205812808842765,73,4,4,4,4,0.23163435108084504,0.5224305915566854,0.09924545665926188,0.11831137039337986,0.7212121212121212,0.6086972258811774,0.11938724937785583,
186,0.3746642731748156,0.5438111526674885,124,30,0.6639828782512264,8,9.92274901830179,skglm_huber_l1,1.3076979654741372,0.0006010534883927894,69,4,4,4,4,0.22764679796695736,0.523950389641214,0.09287659344483393,0.09293864652134,0.8909090909090909,0.29267650870389716,0.10586472456774976,
178,0.3746446049695145,0.5606207412252795,118,28,0.6786809987166434,9,9.38324590081644,skglm_huber_l1,1.3121344971654665,0.00064355569519344,70,4,4,4,4,0.22736412327054503,0.5240589466472517,0.0926788024449548,0.08939512111916813,0.8909090909090909,0.2906938419785611,0.1067764851855002,
174,0.37458338666248087,0.5591219253575332,82,25,0.6882506529167883,10,12.106447856449236,skglm_huber_l1,1.3211244244425202,0.0008685161797042179,70,4,4,4,4,0.22716006224709942,0.5240589466472517,0.09254496363564725,0.08975578528223906,0.9030303030303031,0.2867059397142987,0.10731178767400684,
158,0.37444952949138477,0.5559466110339457,126,27,0.7292569591280393,10,10.594947420948671,skglm_huber_l1,1.191260264581353,0.0019620916976928753,70,4,4,4,4,0.22725665670696812,0.5237875541321573,0.09306960199378059,0.09329029408033417,0.9030303030303031,0.3481810458870821,0.10576836192432548,
85,0.37412905102395433,0.5995493098401471,85,31,0.7039587019868047,9,11.934782702000668,skglm_huber_l1,1.3596439732522194,0.0004961031173294034,78,4,4,4,4,0.2273825222152819,0.5231904905989496,0.09195483711729976,0.0864737413982936,0.8666666666666667,0.2700711095055868,0.10948966609314303,
73,0.3737256082246417,0.5650527783188655,100,35,0.7234969452917536,9,9.515978620653751,skglm_huber_l1,0.7662399985206689,0.0023013122763137464,73,4,4,4,4,0.23211690522235368,0.5201508944298926,0.09926036254647479,0.11764414169169864,0.6484848484848484,0.600656553756359,0.11988914425488817,
165,0.37350792446673925,0.5499121461505035,115,27,0.7189458268407088,10,10.209598846998183,skglm_huber_l1,1.3755145222221583,0.0014708361748488384,70,4,4,4,4,0.22661478443035135,0.5225391485627231,0.09169616586613415,0.08526551645200599,0.8909090909090909,0.2634302538494731,0.11099229072303385,
84,0.3734944801476114,0.5942285667359878,94,31,0.7066038732567786,9,11.935778363283394,skglm_huber_l1,0.7794792592451527,0.00178688147897998,76,4,4,4,4,0.23178070632307035,0.5199337804178171,0.09908913683973156,0.11806792208330698,0.7212121212121212,0.5919191582258357,0.11855376936477491,
143,0.3732054494521081,0.5578930973124764,93,31,0.7893356599073438,11,12.899618658201563,skglm_huber_l1,0.8459310259372699,0.0037775009796530584,70,4,4,4,4,0.2308172706713928,0.5199337804178171,0.0985587036870377,0.12125078332240793,0.8303030303030303,0.5486177666242733,0.11709565722129534,
119,0.3731602315604387,0.5769995391980405,105,31,0.7423432745461855,9,10.27319142101825,skglm_huber_l1,1.0609757435167633,0.00013337089326928735,75,4,4,4,4,0.228603961251111,0.5209650719751757,0.09463363799070695,0.09735678251895888,0.8303030303030303,0.4179806021756904,0.10673781930702186,
171,0.37313036260670585,0.5489300758153606,122,28,0.7028871780631285,10,10.05893592605551,skglm_huber_l1,1.3638759335095012,0.00224479470476412,70,4,4,4,4,0.2270931569935107,0.5216706925144211,0.092063611694713,0.08588766213330334,0.8666666666666667,0.26828810226085575,0.11061754039708749,
152,0.3730037329005868,0.7445953949147811,117,31,0.7395952324449993,11,10.407772347406821,skglm_huber_l1,0.7542437570773691,0.0034676907374669936,83,4,4,4,4,0.2326416933051902,0.518685374848383,0.09958392851503811,0.11728347752862771,0.7333333333333333,0.6085992147756177,0.12204552597277063,
60,0.3725005878184916,0.5705609699015588,122,34,0.7614261901042758,11,10.737408804200165,skglm_huber_l1,1.1070918348315693,0.005291292001703483,73,4,4,4,4,0.22825061788059556,0.5200423374238549,0.09404829392329196,0.10188311776549905,0.8303030303030303,0.39237919297329216,0.11005402514734519,
153,0.3722310021902749,0.7397606291597121,114,31,0.745829399162958,11,10.397947639702341,skglm_huber_l1,0.742097231219014,0.0039360640910672436,83,4,4,4,4,0.2328884064277986,0.5172741337698922,0.09941294716710164,0.11837448662191727,0.7333333333333333,0.6166632363962573,0.12342601790951635,
131,0.37186266658867995,0.7425428685045246,103,32,0.735004462764795,10,10.85373158378831,skglm_mcp,0.8033161903129723,0.008429236566516118,83,4,4,4,4,0.23133495007103552,0.5174369692789488,0.09914704987693584,0.1218999788159356,0.7575757575757576,0.5762721926666969,0.11533375542594837,8.815148570268175
28,0.37180746005819904,0.714887532596236,63,34,0.8036964624631368,11,8.97016616173531,skglm_huber_l1,0.7702736600199374,0.018306634968106004,83,4,4,4,4,0.2322364983631435,0.51689418424876,0.09999029721069518,0.11306370682069784,0.5636363636363636,0.5979912336482558,0.13958292950401763,
26,0.37160005328676576,0.7088237266614188,62,33,0.7429948659987228,11,9.263449491842719,skglm_huber_l1,1.0297335552957487,0.005678748598999261,83,4,4,4,4,0.2278542042530824,0.5187396533514018,0.09558754495553172,0.10829392326408481,0.8424242424242424,0.4358552799668423,0.11230628941340903,
133,0.3715273825458442,0.7138147206757068,102,32,0.7386454073678239,9,10.859838545445745,skglm_mcp,0.9857131345559682,0.0035363739593936884,83,4,4,4,4,0.2289146525224636,0.5180883113151753,0.09552610616982979,0.10604878884896828,0.806060606060606,0.4617323054823764,0.10859594326681266,4.033766666616806
141,0.3710745675478911,0.7009721272661117,100,33,0.720046261018183,9,12.41682037207258,skglm_huber_l1,0.7500794204910747,0.006658098026400253,83,4,4,4,4,0.2330502335099163,0.5152658291581937,0.09939039634007696,0.11616541862310784,0.6727272727272727,0.6113615523937137,0.12632871038834503,
126,0.3706727645324424,0.5978902412017358,104,32,0.7315806502608782,10,11.014673410829728,skglm_mcp,0.8640000743737143,0.008180114475316247,78,4,4,4,4,0.23116810509489866,0.5155372216732881,0.0978156434640537,0.1171482284674761,0.8303030303030303,0.5370339681935865,0.11250482162092745,8.978233231846405
92,0.37054540286688487,0.587377066560013,88,32,0.7161454785669268,10,11.933231937046774,skglm_huber_l1,1.402508938617148,0.0003045178438360931,75,4,4,4,4,0.22596705794404556,0.5179254758061187,0.09149739743102793,0.08338104619996038,0.9030303030303031,0.25241892615029976,0.11223360841964514,
99,0.3705137901345642,0.5296503206438641,88,33,0.7312664393947713,12,8.67060088639452,skglm_huber_l1,1.4038385065966918,0.00033010194423338583,54,4,4,4,4,0.22586168216964334,0.5179254758061187,0.09157231085950315,0.08420155717094675,0.9030303030303031,0.25188584438590117,0.1123244290966452,
111,0.37049447124259044,0.520290155507264,84,34,0.7122265521740797,12,8.906278038197758,skglm_huber_l1,1.4088776312319256,0.0025770982031394015,54,4,4,4,4,0.2257972858630642,0.5179254758061187,0.09156145434680242,0.08394007565272033,0.8666666666666667,0.24987317462300146,0.11216692583899812,
122,0.37043424960613913,0.5924978537771358,97,31,0.7255036964211823,11,10.708470868759264,skglm_huber_l1,0.9440087722056025,0.00014293889654947925,76,4,4,4,4,0.22917892827413902,0.5161342852064957,0.09612007261228361,0.109240666692146,0.8424242424242424,0.4869498674259629,0.11013849816456678,
101,0.36915806886158276,0.5230452173600557,83,33,0.7133834098152244,12,8.83504201072589,skglm_huber_l1,1.4138584100486595,0.0024087385758690596,54,4,4,4,4,0.22546777748913976,0.5158628926914014,0.09148126974978117,0.08568929684361433,0.8666666666666667,0.2478958662166152,0.11404092621975415,
128,0.3688580043753348,0.5595203302585283,107,29,0.7546730547791533,9,9.044606248609384,skglm_huber_l1,0.9042588951918847,0.0004941165886158404,70,4,4,4,4,0.22946118481271643,0.513366081552533,0.09682714227387061,0.11130546902572706,0.8303030303030303,0.5115712010583212,0.11183352910768884,
67,0.3688115722511659,0.35142622292592257,123,27,0.7375413469987779,11,11.897276494951146,skglm_huber_l1,0.7304185228717253,0.014381660136492535,123,4,4,4,4,0.23397436232511049,0.5110321059227213,0.09999340405838125,0.11256779359647531,0.6242424242424243,0.6244354248046875,0.13681026861712686,
142,0.36772777926089323,0.5934263938927524,120,35,0.730076841571812,10,9.391928714942335,skglm_huber_l1,0.6267677735897638,0.004857758641170258,76,4,4,4,4,0.23633235435627792,0.5080467882566831,0.10158955578419727,0.1117292494173354,0.5636363636363636,0.693797976471657,0.13166208550315872,
87,0.36771716398949106,0.5882836968395189,85,31,0.7060492153961253,9,11.757059676336507,skglm_huber_l1,1.4274245378587442,0.0004038562617666182,75,4,4,4,4,0.22533271250845752,0.5135289170615897,0.09173299422915436,0.0811539449929974,0.8666666666666667,0.24257168437159338,0.11386969588295548,
45,0.36748470120454657,0.682736287986378,51,60,0.7514637133175043,11,4.300955728359149,skglm_huber_l1,0.07402733310144727,0.0031719140949475837,83,4,4,4,4,0.2508286320197788,0.5003935193310216,0.10859759182033138,0.11090873844634903,0.696969696969697,0.9730855542559956,0.18439102917978367,
56,0.3673002796590991,0.6696455712198418,52,75,0.7612200476238524,12,9.744617554566604,skglm_huber_l1,0.49890590379985705,0.006386242432849709,82,4,4,4,4,0.2377298378406123,0.5066355471781924,0.10329706530909809,0.11771627452431283,0.7090909090909091,0.7779938453851745,0.14398141040999324,
62,0.36712817280246357,0.5101398893950059,106,35,0.747723788529688,10,10.713055534216064,skglm_huber_l1,0.7434635895697831,0.010462959044606627,53,4,4,4,4,0.23357376711924804,0.5084267377778153,0.10012912792134103,0.11612033560272396,0.6606060606060606,0.6157550900481468,0.131806631290579,
27,0.3670728497929401,0.7057237818006334,64,33,0.8045326243908112,11,9.001667798829315,skglm_huber_l1,1.0125879632855475,0.00990374960001934,83,4,4,4,4,0.2278529497795776,0.511194941431778,0.09592709897173793,0.11134153544203415,0.8303030303030303,0.4458402766737827,0.11684663187066047,
106,0.3666402948441701,0.5707638718912468,101,25,0.7287896317895757,10,12.199473133494703,skglm_mcp,1.4582153965691151,0.00044941382331896684,73,4,4,4,4,0.22499985887185364,0.5119005619710234,0.09198754628900586,0.08021621816901299,0.8666666666666667,0.23081808755564134,0.11569867046814908,4.332272686381437
102,0.3666262447409165,0.5343303012180889,88,37,0.7286936103115439,10,7.8313980424501715,skglm_huber_l1,1.4615190768981234,0.0003163143179715251,54,4,4,4,4,0.22495302519434154,0.5119005619710234,0.09194457404741546,0.07997276985894011,0.8666666666666667,0.2295840063760447,0.11621740213526421,
144,0.3655784115070155,0.5574011803622916,103,31,0.7919386274611305,11,13.15455094382208,skglm_huber_l1,0.7995037526309745,0.03583050415875234,70,4,4,4,4,0.2323159483517801,0.5064727116691358,0.10088402209225283,0.10988986218567366,0.6848484848484848,0.5787668982217479,0.16861703323494504,
98,0.3655173977500805,0.5741668347897215,100,29,0.680206151005599,9,9.185803253118678,skglm_huber_l1,1.1410602008664184,0.0009953024130033438,75,5,5,5,5,0.2251010530679066,0.5133118030495142,0.10437112699005135,0.1048946635271413,0.8545454545454545,0.3741406817768895,0.18247962470407786,
190,0.3649288778077197,0.5285622851204529,123,30,0.6516935559136141,9,9.188239612413707,skglm_huber_l1,1.1869310603831342,0.0003226584862356167,54,5,5,5,5,0.22552757405953466,0.5121176759830989,0.10366171846559957,0.10077407546405594,0.9030303030303031,0.350372314453125,0.18419679032447944,
173,0.36478226298733096,0.539865196903963,126,29,0.7146894852587539,10,10.584628177225696,skglm_huber_l1,1.4354362020095923,0.001387382694924097,69,4,4,4,4,0.2251027256992463,0.5087524087959285,0.09192729438893679,0.08112689518076709,0.8666666666666667,0.2394693418990734,0.1147308388236381,
135,0.36428877674706095,0.5779230528625826,91,25,0.7264569323083664,10,11.084924225517998,skglm_mcp,0.6573246564723716,0.00024646279714353946,75,4,4,4,4,0.2348562571989768,0.5030531659789466,0.10059068679892698,0.11602115295787946,0.7454545454545455,0.6733326756676962,0.12431651351207607,4.813714318122374
91,0.3637366128998253,0.5739069896544233,86,30,0.705195950439532,9,11.551060721460761,skglm_huber_l1,1.4940763375637764,0.0001268264565585192,75,4,4,4,4,0.2240054795403913,0.5075582817295132,0.0920370464015771,0.07686204145245334,0.9030303030303031,0.21770154376362646,0.11783090932544638,
156,0.36344226214620234,0.5770467223735198,118,29,0.7603112864543574,12,9.954801396434819,skglm_huber_l1,0.7640642173734796,0.0025003228733903845,75,4,4,4,4,0.22595534952466756,0.5060927621480036,0.10207202479396245,0.10420038501322976,0.7575757575757576,0.6020954220793968,0.10342207752550459,
154,0.3630009411552665,0.7278479428874367,117,29,0.7515614452888267,11,10.350934107237256,skglm_huber_l1,0.6943170492969024,0.003872395505628279,83,4,4,4,4,0.2269810906937496,0.5048443565785694,0.10433799891753365,0.11660723222286971,0.6484848484848484,0.6485492085301598,0.10878410634371716,
70,0.3614336075344812,0.3779902832616919,126,29,0.7588864720616431,13,13.4639198601431,skglm_huber_l1,0.6729024983282132,0.005573709790260177,126,4,4,4,4,0.2267502675688685,0.5023475454397012,0.10443671987546838,0.11806792208330698,0.7696969696969697,0.662892399277798,0.11184459135986358,
81,0.36084687573188634,0.45031171646189916,104,35,0.7501755882514818,11,10.564345453369775,skglm_huber_l1,0.7301313178612606,0.0020210585866690476,46,4,4,4,4,0.2264228499841187,0.5015333678944179,0.10283170141580675,0.10704061529741332,0.7333333333333333,0.624626833893532,0.10485008258876194,
78,0.3601249338660644,0.6142450262397884,100,26,0.6650043542788784,8,11.473338904394932,skglm_huber_l1,0.7072214803548534,0.0002070585647773685,80,4,4,4,4,0.225970403206725,0.5005563548400782,0.10325688573958505,0.11114317015234515,0.696969696969697,0.6399173470430596,0.10366040086986872,
41,0.3579733123038514,0.6366743432540273,68,73,0.7743379427246139,12,5.83546975631953,skglm_huber_l1,0.6235482293272007,0.026758575596847176,81,4,4,4,4,0.23551611026249555,0.49219746537517123,0.10221661539076786,0.110115277287593,0.7818181818181819,0.6959515238917151,0.16747798124926994,
40,0.35779006075352593,0.6361619351158463,68,72,0.7707906243071638,12,6.148693376976229,skglm_huber_l1,0.641800803108889,0.025332298480300327,81,4,4,4,4,0.23468815774933513,0.492306022381209,0.10165438068479303,0.11057512409550843,0.7575757575757576,0.6837342018304869,0.1630681873805433,
159,0.35778272929382515,0.5558450894032436,126,23,0.7288180714209357,9,11.316155578813024,skglm_huber_l1,0.8379678582595279,0.0016875641339198122,70,4,4,4,4,0.224025132958633,0.49762531567705887,0.10165497412760947,0.10523729448205868,0.7696969696969697,0.5537511426349019,0.09937027551515731,
39,0.357479649950993,0.6326202364347984,68,71,0.7728549627176928,12,8.25596010770043,skglm_huber_l1,0.6295694804676298,0.023916651253954316,81,4,4,4,4,0.23408768309837638,0.4920889083691335,0.10176689046110973,0.11233336189047921,0.806060606060606,0.6919234874636628,0.16255974753937052,
72,0.3566258940687146,0.5265499622072687,128,38,0.7357292899454461,10,9.049203179464904,skglm_huber_l1,0.8383302386633978,0.018928859221743206,54,4,4,4,4,0.22689954991593836,0.4942600484898885,0.10242187678845394,0.10991691199790399,0.696969696969697,0.5535171508789063,0.11744972090875527,
193,0.3562140491616307,0.5542713190762647,129,28,0.6677417318901446,10,10.784894768204136,skglm_huber_l1,1.326118094613164,0.0009456271355728537,70,5,5,5,5,0.22470296680905372,0.498005265198191,0.10231407964626776,0.09599527530336613,0.9272727272727272,0.28450798212095746,0.197837080691748,
71,0.35597752531594296,0.5773296536053512,119,32,0.7976360911784048,11,12.409113447737438,skglm_huber_l1,0.9816952734454408,0.009512770486060664,75,4,4,4,4,0.2226757376253155,0.4952913400472472,0.10077580604925507,0.10160360303911907,0.806060606060606,0.46413283237191133,0.1019404547530458,
51,0.3555507854302738,0.6242823295431281,68,75,0.7703435525603064,12,4.051187783162041,skglm_huber_l1,0.5516233467327792,0.030074018382267743,81,4,4,4,4,0.24014219039032056,0.48584688052196273,0.10331832452528701,0.10293806044248151,0.5878787878787879,0.7437196953352108,0.18164895259309177,
175,0.35547483992262074,0.5354956029905078,82,26,0.684716608357708,10,12.12784997932236,skglm_huber_l1,1.326371868840542,0.0007597132504542285,55,5,5,5,5,0.22484430415725987,0.496702581125738,0.10226485880090429,0.0942190043002418,0.8909090909090909,0.2843966816746911,0.19749829174053124,
61,0.3552443694266152,0.4517325849426975,123,36,0.760678366340303,11,9.7428314017226,skglm_huber_l1,1.0898128556766389,0.005769478828041236,46,4,4,4,4,0.2220773537635314,0.4943686054959263,0.0997247140961381,0.09283044727241872,0.8181818181818182,0.40185990444449493,0.09606641107523672,
162,0.35415357994602664,0.535854177441988,113,25,0.7119202838629541,10,9.72435654222322,skglm_huber_l1,1.2423204104687802,0.0011421802406233247,55,5,5,5,5,0.2258679545371673,0.4939886559747942,0.10306879927517476,0.09800597801248656,0.9030303030303031,0.3230222835097202,0.1894935820982937,
199,0.3541508422849052,0.5251581806033657,122,24,0.7221601112472191,11,10.325595380264604,skglm_huber_l1,1.2626624453447575,0.000837541041875512,54,5,5,5,5,0.22618450001820892,0.49382582046573753,0.102577393714762,0.09578789340960034,0.9515151515151515,0.31335445670194406,0.19291975347853052,
181,0.35372934888356644,0.5797598951045845,119,29,0.6598372518186325,9,10.160336649209759,skglm_huber_l1,1.3478768831818053,0.0004275111667536436,75,5,5,5,5,0.22369395195336883,0.4943686054959263,0.10182253445225116,0.09324521105995029,0.8181818181818182,0.27507494549418604,0.20246910930429496,
195,0.35337470769117585,0.562373877120409,121,22,0.6998862845401926,11,10.03798834980566,skglm_huber_l1,1.2920039691925924,0.0005685271022725527,73,4,4,4,4,0.22083877025647022,0.49187179435705797,0.09830952752093511,0.07627596218746309,0.8424242424242424,0.2997685986895894,0.09855908430272353,
184,0.3532660919387507,0.5284080687736482,118,29,0.6945485319127623,10,9.547227910622585,skglm_huber_l1,1.238005875314449,0.00070214677470386,54,5,5,5,5,0.22551502932448678,0.49268597190234115,0.1031464355589254,0.09891665502424066,0.8545454545454545,0.3250989337300145,0.1885421575315971,
94,0.3532441753774112,0.6007471085997853,81,24,0.696763744806477,10,12.510877859710815,skglm_huber_l1,1.3434062827444087,0.0002695843100495047,78,5,5,5,5,0.22413929004756875,0.49333731393856767,0.1020170440624394,0.0957698602014468,0.8787878787878788,0.2769940221032431,0.20044711330104348,
182,0.3528416640390377,0.5586504230217435,114,27,0.6811414963212544,10,8.999720404247489,skglm_huber_l1,1.3832501407084665,0.0019698191098132018,70,5,5,5,5,0.22290614259236166,0.49328303543554874,0.1009925523108593,0.0945886850673895,0.8545454545454545,0.2602382926053779,0.20780776446359916,
24,0.3528271916999677,0.6531901538191709,62,22,0.7949977778536994,14,11.181636841517413,skglm_mcp,1.2736589303004269,0.00045749897067924746,81,4,4,4,4,0.2205335150369717,0.4911118953147937,0.0985388058984865,0.07789895092128227,0.8303030303030303,0.30821302547011264,0.09749567908818824,7.4427969648335885
176,0.35273249522781114,0.5700435597990158,78,25,0.6718276456952217,9,11.712460755363375,skglm_huber_l1,1.3765200425580795,0.0005033954700920592,73,6,6,6,6,0.23051159729405934,0.4926316933993223,0.11372720680043012,0.07059502422086826,0.7818181818181819,0.2630136356797329,0.16155906437252,
54,0.3525006904275903,0.6981498001614762,66,49,0.7435370684302527,11,5.326469127193581,skglm_huber_l1,0.9775134747813223,0.06340137491822395,83,4,4,4,4,0.22921530800577788,0.48622683004309486,0.1041176919990308,0.11361371966938101,0.696969696969697,0.46663821907930597,0.1854236091206687,
177,0.3523604064294715,0.5867574858480324,112,23,0.6869984725225373,10,11.177831696330124,skglm_huber_l1,1.2851332226343626,0.0011189064266447306,75,5,5,5,5,0.223147419663116,0.4923603008842279,0.10766930762181637,0.09191075365658785,0.7454545454545455,0.3029118027797965,0.18375718665088803,
189,0.3521961244577924,0.5418807535545861,128,24,0.6629758576006984,7,8.996392093674771,skglm_huber_l1,1.2241419546637138,0.0004458780538586729,69,5,5,5,5,0.22216558506670153,0.49257741489630336,0.10868070872303384,0.10209049965926482,0.7575757575757576,0.3318335954533067,0.17446182579299063,
185,0.3520629880939401,0.5350781306682958,116,27,0.6767127450113837,11,9.395110955428498,skglm_huber_l1,1.2724623039927154,0.00028731650355837216,55,5,5,5,5,0.22302448125964672,0.49192607286007684,0.10785603265858895,0.09433622015323985,0.7818181818181819,0.3087696164153343,0.1809961695089286,
31,0.3513726428834467,0.6926813076457004,63,42,0.804882832411706,14,9.276922718356895,skglm_huber_l1,1.0458137020146154,0.008798164713526848,83,4,4,4,4,0.22263266736831777,0.48763807112158564,0.10007721912910307,0.09702316816811828,0.793939393939394,0.4266030599904615,0.09944672937267396,
167,0.3510800331203629,0.5442183973188177,115,21,0.7112534444352262,10,10.104289373375273,skglm_huber_l1,1.4617266416814123,0.0013673866686368969,69,4,4,4,4,0.22068028843703194,0.4881265776487555,0.09721438116579777,0.07500462101263806,0.8303030303030303,0.2295066656068314,0.10382544507130831,
107,0.35100524431888847,0.6239426346738226,111,29,0.7429177909343204,11,11.820999628638937,skglm_huber_l1,1.4119193767455613,0.0014175758777511805,81,4,4,4,4,0.2201053214140039,0.48828941315781216,0.09789184850336471,0.07462592364141359,0.8181818181818182,0.24866421721702398,0.10280351436369872,
163,0.3509885230962805,0.5478834073223323,110,23,0.7072041989602001,9,9.551423898281689,skglm_huber_l1,1.359362374051385,0.001038944547733209,70,4,4,4,4,0.22135226807776365,0.48763807112158564,0.09803968558146005,0.07295785188721055,0.8424242424242424,0.2701900748319404,0.10121025389354199,
166,0.35089270018555546,0.5299050047609194,116,27,0.7168559369272485,10,9.199302472578443,skglm_huber_l1,1.373586634287274,0.0008363651973700904,54,5,5,5,5,0.223574358812579,0.48970065423630293,0.10645236585570508,0.09055826304507188,0.7818181818181819,0.26423031119413154,0.19526592520265829,
172,0.35074958209111307,0.5163852405086945,120,27,0.6917234943695743,9,10.532022334123614,skglm_huber_l1,1.3393763464341182,0.0027119344060527882,54,5,5,5,5,0.223965754546073,0.48926642621215194,0.10171550529488628,0.0941198216553973,0.8181818181818182,0.27873237077579943,0.20325604130458896,
169,0.3506335226439179,0.5672945972029803,84,24,0.6978598623572725,11,9.844466814985589,skglm_huber_l1,1.2714906585879135,0.0015637985157365105,73,6,6,6,6,0.22492626309290606,0.49192607286007684,0.11864594013028709,0.07907959128030208,0.793939393939394,0.3092220572538154,0.14408421175194963,
112,0.3503495830152974,0.49961486786274306,71,35,0.7346793248957638,12,8.721568146497082,skglm_huber_l1,1.389214318489132,0.0011910714066666714,51,4,4,4,4,0.2205251518802731,0.4869867290853591,0.09754887346386375,0.07432837570688007,0.8424242424242424,0.25779731218204943,0.10210052216013321,
148,0.35033025867102685,0.5389216692227714,87,37,0.7163972213686434,9,12.826007783675466,skglm_huber_l1,0.8107447790594755,0.0012975868580748667,69,4,4,4,4,0.23511593321446803,0.4796591311778108,0.09891504864410904,0.11261287661685918,0.806060606060606,0.5714205009992732,0.10502020052309269,
113,0.3497369628377023,0.551615902560533,76,33,0.7174560578397838,13,11.366565630496586,skglm_huber_l1,1.2978602270116637,0.00339126893703871,70,5,5,5,5,0.23274874171093213,0.4831872338740378,0.10411245573888575,0.09019759888200095,0.696969696969697,0.29710792718931683,0.0983984954536734,
50,0.3489787263699244,0.6583775821881132,138,53,0.8290728283309825,15,4.58802417142753,skglm_huber_l1,0.7895869741887354,0.001853536935510532,81,4,4,4,4,0.23484454877959876,0.4775422695600746,0.09944813483527641,0.1152998246317376,0.806060606060606,0.5852703005768533,0.10607468741724757,
38,0.3479755731174582,0.732709643099991,77,38,0.8388207415520638,14,11.309419794688585,skglm_huber_l1,0.352969198748761,0.005260953818121196,83,4,4,4,4,0.23160926161074927,0.47748799105705575,0.11074302723536344,0.12645336387470607,0.5272727272727272,0.866062678847202,0.13660282053110984,
134,0.3454536996551473,0.7317537154353259,98,36,0.7343398333612485,11,9.725794830034832,skglm_mcp,0.8249173596956414,0.005791773367583174,83,5,5,5,5,0.2284584423245555,0.47819361159630114,0.1111919492717993,0.10212656607557193,0.7212121212121212,0.5621990824854651,0.09143773741604333,3.0563002314193426
22,0.34286856525866266,0.7059655236290792,80,22,0.7404796407256775,17,13.936537172134999,skglm_mcp,1.0378965656544346,0.0013752954417188335,83,5,5,5,5,0.22722320408017377,0.47450267339101754,0.1086838155707199,0.09611249115636418,0.7696969696969697,0.43114471435546875,0.09020699782654451,7.157897886050372
150,0.34248425978643854,0.6166639176912562,96,33,0.7234727250414397,12,14.019485512563076,skglm_huber_l1,1.333796934161142,0.00035239161715490885,80,5,5,5,5,0.23549520237074906,0.4697261651253564,0.10451337872399197,0.08768196634458121,0.8181818181818182,0.2811522372933321,0.09825406206717324,
21,0.3422486349973313,0.651096070923843,55,24,0.7248301430484172,17,13.91904013568671,skglm_mcp,1.254674091274821,0.0006633126238011896,81,5,5,5,5,0.23297287431045435,0.4705946211736584,0.10410470607387105,0.08900740714386687,0.7090909090909091,0.3171267132426417,0.09611982079358095,7.676587135449901
59,0.3421091153630098,0.7314798462442296,52,75,0.7162196515700463,13,9.905597690203765,skglm_huber_l1,0.9977757430649106,0.0012891325362599886,83,5,5,5,5,0.23218213784460268,0.47075745668271507,0.10457548076931229,0.09772646328610658,0.7212121212121212,0.4545634070108103,0.09744021400399094,
180,0.3414015418415341,0.5625385554532205,117,25,0.674742518772693,9,9.779785655599147,skglm_huber_l1,1.2011085379314184,0.000628864431726432,73,6,6,6,6,0.22889123568370753,0.4745569518940364,0.11445965486952013,0.07858368140966566,0.696969696969697,0.34322978174963664,0.14791235400604785,
15,0.3413310271416216,0.6636593813297199,57,26,0.7141936594406092,17,12.985981442252589,skglm_mcp,1.1301002881332276,0.0007109581564134806,82,5,5,5,5,0.23110830852450373,0.4699975576404508,0.10386945835975432,0.09510263149976558,0.7212121212121212,0.3799668422965116,0.09577241670687386,6.612200470791645
76,0.34013644123232467,0.5625231849481124,132,43,0.7092245776559547,12,10.072181543963728,skglm_huber_l1,0.9072852605637274,0.0009306756274580798,73,5,5,5,5,0.2272349124995518,0.4699432791374319,0.10994355503641674,0.10034127846837082,0.6606060606060606,0.5096777272778888,0.09125916302730075,
18,0.33987453492121134,0.553945440996508,82,38,0.7205353467703343,16,13.04351328875198,skglm_mcp,0.9489455891434775,0.0007257923696708654,70,5,5,5,5,0.23168118475835714,0.467283632489507,0.10519692012332718,0.09955683391369155,0.793939393939394,0.4839308272960574,0.09741390959809149,6.31419517088735
103,0.3395715359365891,0.5476769706932797,96,34,0.7182695540268664,11,8.488527130001298,skglm_huber_l1,1.3922347021000345,0.00010429909765015898,70,5,5,5,5,0.23555625341464878,0.4648410998536575,0.10489751076823305,0.08391302584049001,0.8424242424242424,0.25656786186750546,0.10209411223841958,
110,0.3392133261775127,0.5831842088141471,93,37,0.7559459354347338,11,7.37149920040275,skglm_huber_l1,1.2419312383441234,0.0046107411624316825,75,5,5,5,5,0.22676323046175134,0.4686405950649789,0.10807578104267634,0.08888117468679206,0.793939393939394,0.32320918593295783,0.09360075584198313,
147,0.3389355663510122,0.5863273642542397,94,32,0.7037912402740826,11,12.328036118464103,skglm_huber_l1,0.8741768991325966,0.0030259144237270125,75,5,5,5,5,0.22800850449417137,0.46755502500460133,0.11077231538377479,0.1015945864350423,0.6848484848484848,0.5305507571198219,0.09274488767328681,
104,0.3383272894809942,0.5879354034525716,92,32,0.6903241964703898,12,8.06440440146753,skglm_huber_l1,1.2535669982470432,0.0005795205541232492,75,5,5,5,5,0.2268493709757468,0.46712079698045034,0.1083674407327558,0.08919675582947911,0.7454545454545455,0.31765200592750725,0.09322188089160588,
127,0.33778031964036614,0.5724619183129089,61,36,0.7422683160209453,11,9.523953625113617,skglm_huber_l1,1.20970940750602,0.00039761331006707537,73,5,5,5,5,0.22719727829440814,0.4660352269200728,0.10835777110568795,0.09118040872636923,0.793939393939394,0.33894422664198764,0.09162756662734317,
187,0.33408573950371506,0.5166759758193045,127,30,0.6703241050053446,7,9.660343279687826,skglm_huber_l1,1.2589050741730394,0.0008449326831715612,54,3,3,3,3,0.19210421831362007,0.47075745668271507,0.08483376767883447,0.06212849024763941,0.8666666666666667,0.3151248310887536,0.07127875281053986,
36,0.3334119694204769,0.693252270092102,48,78,0.8025787944695107,12,10.271225702828783,skglm_huber_l1,1.3588212549607799,0.01184537741635096,83,3,3,3,3,0.19181234414483928,0.4697804436283753,0.08460222025522023,0.05743988783434974,0.8303030303030303,0.27041867278343024,0.07966485124064548,
168,0.3330584490905574,0.5541007073454568,111,26,0.7197540555515766,8,9.564738786086158,skglm_huber_l1,1.300951895195789,0.00203622414961854,70,3,3,3,3,0.1917195131054849,0.4692376585981865,0.08441120148512869,0.06017190039440122,0.8303030303030303,0.29571022211119186,0.07491843711193336,
179,0.33304389719790184,0.5484862165239955,121,28,0.7290773151264208,8,9.312809446138147,skglm_huber_l1,1.3111142332670496,0.0009253137840019173,70,3,3,3,3,0.1916710067966331,0.4692376585981865,0.08440805972904167,0.05917106411002592,0.8303030303030303,0.29114892649096114,0.07599230242564414,
130,0.33263688223923005,0.5429949721677388,95,31,0.7214493857635403,8,10.63594565750399,skglm_huber_l1,1.2864715469839842,0.0006753695876247957,69,3,3,3,3,0.1918340883522556,0.46847775955592225,0.08464383106917292,0.06112765396326411,0.8303030303030303,0.3022977252339208,0.07383012120586985,
100,0.3322823583305066,0.6061701398845627,78,31,0.7041847570978036,8,10.18251305674675,skglm_huber_l1,1.275495693854317,0.0001979971741276714,78,3,3,3,3,0.1917379120502218,0.4679349745257335,0.08496498835806951,0.06155143148908068,0.8666666666666667,0.3073600591615189,0.07289072651278938,
188,0.33208377032656355,0.5709675735655289,125,33,0.6860414108468839,8,9.853682601201468,skglm_huber_l1,1.3020134109008388,0.0005455950903380773,73,3,3,3,3,0.1916187370672669,0.4676635820106391,0.08435793126525301,0.0602710823685285,0.8303030303030303,0.29523130904796513,0.07483677116352849,
194,0.3319068895623884,0.5447637351765686,124,26,0.7314493602968589,9,10.5554502871131,skglm_huber_l1,1.344513084656363,0.000618857775971096,69,3,3,3,3,0.19102913452001632,0.4676635820106391,0.08462857609795033,0.0603612477995533,0.8424242424242424,0.276518018855605,0.07668646134870394,
97,0.32871426564489653,0.5579294124107566,94,39,0.7207603135108132,10,12.802534868587369,skglm_huber_l1,1.4411499117167523,0.0002759952480794956,70,3,3,3,3,0.19037429935051672,0.4626699597329025,0.08436292316659132,0.05742185474814478,0.8666666666666667,0.23727587322856106,0.08053982611846533,
80,0.32866439218158044,0.37713229106849294,135,38,0.7330985988547619,14,9.531724639232436,skglm_huber_l1,0.5952902918218558,0.0003539769139581278,135,5,5,5,5,0.22992074027330395,0.4494802834993155,0.11424542201278552,0.10747341229309844,0.793939393939394,0.7148104645485102,0.09662866657167424,
140,0.3283988430491681,0.5820540313537422,114,38,0.7103714046050235,10,13.195888054900667,skglm_huber_l1,0.7127199346612012,0.0020041234581491814,75,5,5,5,5,0.23489765482463482,0.44654924433629617,0.10779689782735082,0.10463318200891487,0.696969696969697,0.6362430306368096,0.10600501968815657,
88,0.32795041466774444,0.5548529217849448,90,32,0.6886527678213352,8,12.62592687200658,skglm_huber_l1,1.3665230125087096,0.0009150650521189535,70,3,3,3,3,0.19086772559573353,0.4611501616483739,0.08459087502490595,0.0587743362135168,0.8666666666666667,0.2671773866165516,0.07840471486961742,
89,0.32592664593302234,0.6114718924975996,95,37,0.6755675865284876,9,13.248266728001498,skglm_huber_l1,0.6661176592939626,0.0005032544412782154,78,5,5,5,5,0.23577578627798676,0.4419898500827106,0.10772180985687076,0.10158556983096553,0.7090909090909091,0.6674394474473111,0.10737868929090721,
109,0.32567517041657673,0.5594947584748738,109,40,0.6991228257015715,9,10.501957391931617,skglm_huber_l1,0.777599529008612,0.0001518660738537095,70,5,5,5,5,0.23254928042367076,0.44318397714912583,0.10719448355186297,0.10227984834487706,0.696969696969697,0.5931577815565952,0.10201041930555266,
55,0.32544021516531363,0.5949399487803362,75,60,0.782572703420536,15,8.554168567023261,skglm_huber_l1,0.8886986929154539,0.018218940905128357,76,5,5,5,5,0.23372012236147335,0.44220696409478605,0.105679773125503,0.0914238570364421,0.6363636363636364,0.5213532203851744,0.1233548377878757,
123,0.32392983199685377,0.5775766870634996,114,30,0.7782932693504486,10,9.30772668289571,skglm_huber_l1,1.1534266855931832,0.001679837590542121,75,3,3,3,3,0.19377392254849354,0.45299609205384284,0.0855012163053239,0.07351638418607183,0.9151515151515152,0.36763465349064317,0.06716201030329061,
65,0.32188202430010243,0.4699861753209773,108,41,0.726920590334421,9,10.763858045028286,skglm_huber_l1,1.1776360207131842,0.007097735443545028,46,3,3,3,3,0.19346114048796628,0.4497394702561876,0.08504611548191685,0.0700720647209244,0.9151515151515152,0.3551075425258903,0.06800297983717796,
52,0.32141522184013416,0.6817443228159652,59,80,0.7628394645816138,10,5.667503655658536,skglm_huber_l1,0.23793697143971904,0.011253317246453086,83,3,3,3,3,0.2081882412763482,0.4415979157620495,0.09540926775179316,0.11854500043985765,0.8303030303030303,0.9232125925463299,0.13906515985010515,
121,0.32037788101719433,0.5417183604702988,106,22,0.7458451093252336,9,9.978941243560183,skglm_huber_l1,1.0557059367491841,0.00021104651980039148,69,3,3,3,3,0.19409214066087488,0.44691706469821973,0.08574938012779844,0.07712300142706388,0.9030303030303031,0.4209661794263263,0.06797441352906897,
57,0.31666770365661234,0.7153306870546645,58,46,0.7312285945218817,9,9.867704146827284,skglm_huber_l1,0.11066491398577738,0.007150967988065309,83,3,3,3,3,0.20929761401241614,0.4331306990881459,0.09596581238841037,0.1171789941598319,0.8424242424242424,0.9659645967705305,0.1487353872001782,
125,0.31501461671541314,0.5515239006795051,86,35,0.707305511997456,8,10.295576442528029,skglm_huber_l1,1.02507410526321,0.00010336261916658468,70,3,3,3,3,0.19358324257576567,0.4382327399044724,0.08593743168380778,0.07953943497852856,0.9151515151515152,0.4385566888853561,0.06720023354642124,
83,0.3131941675660714,0.5657500589729902,120,33,0.7412054462287425,10,10.983517409323387,skglm_huber_l1,0.861937103757173,0.00418289121153247,73,3,3,3,3,0.19685072789790475,0.43356491532783326,0.087066578821487,0.08341204024104378,0.806060606060606,0.5383519372274709,0.07636702013317298,
137,0.30830547144907416,0.7401554739380186,108,17,0.7008519093460559,11,12.665763631820923,skglm_mcp,0.7470720505602835,0.01530474205884531,83,3,3,3,3,0.19683818316285687,0.4254233608336952,0.08801709967141798,0.09571060503282669,0.8787878787878788,0.6133578988008721,0.08059287027358475,9.298696511966895
139,0.3082329864257071,0.5681918344872274,110,34,0.6944401182454544,8,13.568898804198033,skglm_huber_l1,0.6896941462733853,0.0027066045588497343,73,3,3,3,3,0.19855053949689316,0.42444637429439863,0.0885215609737924,0.10038117435991141,0.8545454545454545,0.6516439038653706,0.08487725098350607,
149,0.3074344626598776,0.5635377381799038,90,30,0.786928852388611,10,13.323388816796506,skglm_huber_l1,0.7225228005864405,0.0017066843766333063,73,3,3,3,3,0.1974085504497007,0.4236864958749457,0.08850023194080153,0.09884836203248978,0.9030303030303031,0.6296990682912428,0.08299419116363116,
53,0.30702098390308713,0.6368893254430266,54,67,0.7946030724527484,13,6.693376881853111,skglm_huber_l1,0.4194562910924017,0.004018162572793936,81,3,3,3,3,0.20145799092315794,0.4209726443768997,0.09283128234037874,0.1201138789396892,0.8909090909090909,0.8275339525799419,0.10806522413451347,
136,0.30690412006831735,0.7496733855719463,66,30,0.7685258770994094,9,11.624217831640976,skglm_huber_l1,0.7742692513973336,0.008522117791348519,83,3,3,3,3,0.19737760676991592,0.422818063395571,0.0879827847132674,0.09525977787770269,0.9030303030303031,0.5953538051871367,0.08369005080294345,
33,0.30593255045237866,0.6407452085461511,49,31,0.8245670613563664,11,7.285438334011316,skglm_huber_l1,0.5034735649274806,0.004672483455602969,81,3,3,3,3,0.2004351768589204,0.4196699956578376,0.0910100063367264,0.10424476307932415,0.7212121212121212,0.7750598996184593,0.10136287441490355,
132,0.30160691685605184,0.7212451017452991,105,34,0.7483844844270294,10,10.181179367271573,skglm_mcp,0.7954937371794943,0.005175719293550107,83,3,3,3,3,0.19643758795699442,0.4144594007815892,0.0873803006209776,0.08754161698197968,0.9030303030303031,0.5813942132994186,0.07780086209813453,8.347996545227057
77,0.2972035504190803,0.5398522770175271,112,40,0.7202410655027778,9,8.347195117655192,skglm_huber_l1,0.5276089125833012,0.0011246368845924965,69,3,3,3,3,0.19934545754109415,0.40566652192792013,0.08985139650863101,0.10344229074320341,0.8303030303030303,0.7594370997229288,0.09647933665318398,
64,0.29007036452468404,0.5316261314089339,132,30,0.7480692978272866,8,12.018552963658045,skglm_huber_l1,1.0826445491428012,0.0020853730992915435,54,5,5,5,4,0.20518461354804962,0.397524967433782,0.07546529538611242,0.0340336323967267,0.5636363636363636,0.4058326543763626,0.5083291617586814,
23,0.28042689425535805,0.7056684818343425,104,23,0.7364248613609469,18,14.228879465397181,skglm_mcp,1.3117788376296664,0.0014823053740514098,83,6,6,6,6,0.19664081266477015,0.3890577507598784,0.09746104392703074,0.07264227074452348,0.7212121212121212,0.2908524091853652,0.14033090883329846,7.368389988662357
14,0.27741311669886504,0.6239285474796098,54,25,0.7295264229563236,20,13.753330075789236,skglm_mcp,1.1919680461681332,0.0005194325849286225,81,6,6,6,6,0.19332523919161418,0.38569257490230135,0.0979663779394293,0.07510380365748257,0.7212121212121212,0.3478235643963481,0.13232141530292263,7.564106790190948
63,0.27461581088318854,0.5091966411946447,116,33,0.949606241289476,10,10.856292853560479,skglm_huber_l1,1.213109160871915,0.011049242802678435,53,5,5,5,4,0.20707803222461038,0.3708206686930091,0.07956891755338948,0.06208847563088073,0.5272727272727272,0.3372601176417151,0.5639853246596824,
20,0.2689551108867284,0.5540529660105857,92,47,0.8072137811775316,23,11.970384034354495,skglm_mcp,0.7047222514129056,0.0029119259799779695,70,8,8,8,8,0.18910351769016598,0.3803734259661311,0.10913406412639252,0.11059465310956454,0.806060606060606,0.6415881489598474,0.2041313583459261,5.87577803026265
19,0.266738147814272,0.5483887452359779,86,36,0.6824584861156542,15,11.564414042969034,skglm_mcp,0.9443286443367648,0.014215513204385634,70,6,6,6,6,0.19139376815207484,0.368866695614416,0.0991717650248205,0.09114434231006213,0.7454545454545455,0.48675395167151164,0.11779248090425143,5.35372338211445
108,0.256812007283043,0.5204030941012726,80,27,0.894450525814594,13,9.946556094748336,skglm_huber_l1,0.7034842595539843,0.0007916096705656232,54,5,5,5,5,0.19788399590801556,0.34574468085106386,0.07604173781128082,0.029764212621961807,0.5272727272727272,0.6424160979514898,0.4505094388059423,
16,0.25612194682292494,0.6832944182457176,57,28,0.7139850006893367,19,12.906291590205967,skglm_mcp,1.119432471897579,0.00796001034085964,83,7,7,7,7,0.20314483962926352,0.34863082489024316,0.12280077292178276,0.1390405431658815,0.806060606060606,0.3856914076694222,0.1549613369065277,6.487738477571406
17,0.2535803391863702,0.6731467267100172,56,26,0.6700899167401327,17,12.8060538188425,skglm_mcp,1.1536714107634412,0.0008607250637262906,82,8,8,8,8,0.19451949796817283,0.3520408163265306,0.1389477934226817,0.1453962657990435,0.7575757575757576,0.3675065506336301,0.10110974396885997,6.502122093305884
117,0.25240021254699074,0.6055204030393312,90,30,0.7238407000168424,22,9.649483924053948,skglm_huber_l1,1.1700017192872345,0.0001774410484093344,78,9,9,9,9,0.19768662540992882,0.3518237082066869,0.13410830216301986,0.14729975250020577,0.8303030303030303,0.35902766737827035,0.21248752151491623,
66,0.2458818886466459,0.5090814824106148,99,36,0.6895131305028572,14,10.485751193897217,skglm_huber_l1,0.824220286286096,0.0038875648347139746,53,6,6,6,6,0.1661629607080989,0.3467216673903604,0.11771004590036127,0.10598567262043086,0.8666666666666667,0.5626515588095021,0.10144622042759321,
164,0.24482731059388127,0.5618823492822065,108,26,0.7237420874804781,25,9.851512103209968,skglm_huber_l1,1.3135881105393854,0.0018981319095161752,73,14,14,14,14,0.1512828141521328,0.37907077724706906,0.14572794741730308,0.19162408228545919,0.806060606060606,0.2900462660678597,0.27211968876791026,
12,0.22332525180164645,0.6112012640576854,40,16,0.7632482856156554,30,15.34082960476676,skglm_mcp,1.494024797621153,0.0001647009751735772,78,17,17,17,17,0.1589693914738068,0.3493907239325074,0.13842095583528746,0.1968261839821473,0.7454545454545455,0.21772003173828125,0.3030159725907067,9.969955688618613
10,0.22078364418362298,0.6021971040025423,40,15,0.7540552674219866,30,14.891977543390214,skglm_mcp,1.446172524439964,0.00024529388533257916,78,18,18,18,18,0.16641009198854223,0.34476769431176724,0.13426053769963703,0.17045774735238706,0.7575757575757576,0.2353607177734375,0.3731342468692793,9.946538658222357
79,0.21719965995102736,0.4855957006761664,91,30,0.6823837894121236,5,10.236944099966312,skglm_huber_l1,1.220494772898164,0.0023826167024642813,46,5,5,5,5,0.17765351985412653,0.28983933999131567,0.09801685548722762,0.0706537910148109,0.5151515151515151,0.33362093193586484,0.3517717214571241,
11,0.21456032125802774,0.6119601176725925,41,18,0.7651650683834907,30,15.29952261180255,skglm_mcp,1.446438796250158,0.00012218427332478266,78,18,18,18,18,0.15400585797319366,0.34059760644344944,0.14155339137926104,0.20207380023893787,0.9151515151515152,0.23525947748228562,0.3162788106873924,9.80730909086565
8,0.2117498115841821,0.47439292868626487,72,63,0.841267241406564,28,9.666579101943391,skglm_mcp,1.1411775729253462,0.06403036652671171,46,27,27,27,7,0.20433031709128865,0.34075119409465915,0.0981501357621197,0.07831371470881383,0.8181818181818182,0.37407868851062864,0.8496457339884416,8.396770259681926
13,0.1976171238930664,0.6045024263564688,40,16,0.7559496586274635,21,15.926402309883407,skglm_mcp,1.294182733368788,0.000843914981900611,78,7,7,7,7,0.18042297919486458,0.26248371689101174,0.1020207443529419,0.16350259002616727,0.7333333333333333,0.2987767774005269,0.16395058078162483,9.972118925528495
69,0.19214439391042157,0.4066277270169311,116,27,0.7118558006529344,28,11.598993131488111,skglm_huber_l1,0.9272824374039019,0.013030564455427307,116,14,14,14,14,0.1626031830593441,0.28560573165436387,0.14936435554603758,0.21124360390415436,0.696969696969697,0.49724362395530525,0.2776876640574224,
6,0.1601951747297076,0.4927013306774357,68,50,0.6922772674924288,25,4.89460772415725,skglm_huber_l1,0.2980735223012586,0.00010656401760606463,46,23,23,23,23,0.11697421826967243,0.2851715154146765,0.15814989245101133,0.2794561184534709,0.7696969696969697,0.8950956832530886,0.390763281220303,
3,0.09298802154408581,0.3760206371941118,135,78,0.8925192044349384,12,5.172065368076606,skglm_huber_l1,0.18305735226716824,0.029914693021302164,135,5,5,5,3,0.04238155104360921,0.15045592705167174,0.06841704487206433,0.09165746229966414,0.6848484848484848,0.9447665902071221,0.5694538071459789,
95,0.09088433286750114,0.5843543807371928,89,20,0.7154458528071235,8,11.126338082900048,skglm_huber_l1,1.369708470798462,0.0005930970059574919,75,5,5,5,5,0.01865193022703017,0.15881458966565348,0.045513747722805434,-0.02033676712575795,0.40606060606060607,0.26584531207417333,0.183045828334234,
43,0.09059502344247503,0.5864859333575554,87,70,0.8133122873047169,10,5.079605351257644,skglm_huber_l1,0.43771067756940985,0.015953601075539975,75,5,5,5,5,0.021161295394442076,0.15707772470690404,0.05167089148536842,-0.00493654622094989,0.44242424242424244,0.8164380450581395,0.2326878051937813,
35,0.08089058761266041,0.5823493179809134,73,34,0.8710084044019908,5,7.153663130403787,skglm_huber_l1,0.7274564432031404,0.03300921843725945,75,5,5,5,5,0.02615577257483998,0.13840642640034737,0.05995765715732542,0.031143139875966407,0.38181818181818183,0.6264092733693677,0.4060854830113034,
145,0.07093313820368885,0.5706056517960055,93,28,0.8009454863456144,9,12.919711923528045,skglm_huber_l1,0.8460362137173147,0.004099731501036148,73,5,5,5,5,0.012938221570553536,0.128419452887538,0.03904204435912864,-0.028740166354845255,0.2727272727272727,0.5485502376112827,0.20765716043317717,
118,0.07061417525560787,0.5662101544324373,92,28,0.7651508587055444,8,9.23249031072793,skglm_huber_l1,1.1113448239702595,0.00025599338917493375,73,5,5,5,5,0.012526336103147984,0.12809379070777246,0.040078928593052045,-0.02880328201429119,0.3575757575757576,0.39006638637808866,0.19937140438701162,
58,0.07053363243244748,0.6730267334229004,44,28,0.6998908048216588,6,9.089188444420325,skglm_huber_l1,0.4810942717603618,0.0031105200429520827,82,5,5,5,5,0.05112021347796582,0.10866261398176291,0.024595516794536143,-0.05294063282621215,0.12727272727272726,0.7893576688544695,0.38003946583051684,
124,0.06956317477952878,0.5640843157324734,96,28,0.8119988137719963,9,9.734073901972083,skglm_huber_l1,1.099021490370303,0.00021979765050971422,73,5,5,5,5,0.01227962298053958,0.12646547980894485,0.04004691758936528,-0.028469670671505534,0.3575757575757576,0.396790402434593,0.19997154326260924,
120,0.06927389233140213,0.5784270626388306,102,26,0.7383946572176285,7,10.407252786854984,skglm_huber_l1,1.0523703837778047,0.00012607586920968965,75,5,5,5,5,0.012400888752669134,0.12592270950933565,0.040114220986429694,-0.02702702702702703,0.34545454545454546,0.42286217268123183,0.201127368515144,
75,0.06819499202140758,0.567446401087844,97,24,0.7252507160087733,6,9.485344234850439,skglm_huber_l1,0.7942987285545923,0.00146967152927974,73,5,5,5,5,0.0124953924233632,0.12407729049066435,0.040110415970724296,-0.03123774316434867,0.3090909090909091,0.582177805346112,0.20829635366693022,
29,0.061315630047758245,0.7119643693929953,48,34,0.8200892930452641,10,8.758693931313061,skglm_huber_l1,0.6230488423071108,0.020450367312082048,83,5,5,5,4,0.059255892314354096,0.08923143725575336,0.030151363350442207,-0.03723381474169174,0.18787878787878787,0.6962853720021802,0.43806709851565695,
7,0.03374534470142013,0.6761845713819337,111,63,0.8813811040057837,6,8.30158874253127,skglm_mcp,0.9349471902413369,0.004513257622008946,82,5,5,5,4,0.05441529721721025,0.045701259227095094,-0.009949976436030662,-0.06337263034510741,0.10303030303030303,0.4925142155137173,0.4249176567475015,3.4449084520021653
5,0.029031664415485478,0.7257995766256756,130,54,0.926562270506935,7,6.351794349029742,skglm_mcp,0.583015934534223,0.002273762810253686,83,5,5,5,5,0.0020117573438458054,0.06404689535388623,0.02547339326205476,0.0017987962942091382,0.07878787878787878,0.722971006881359,0.1962268756277703,8.801162564063505
48,0.004024264149818086,0.7338155740795076,60,66,0.864114736225539,11,6.809189124014427,skglm_huber_l1,0.319346097825761,0.007201085575313266,83,5,5,5,4,0.011141815511696422,0.017802865827181935,0.036471424620318264,-0.037089466447264616,-0.01818181818181818,0.8841878491778706,0.3130070568449981,
46,-0.0006040730452917618,0.6915869781453533,51,57,0.7536561934037502,8,4.400405929750025,skglm_huber_l1,0.20471710026910464,0.0027855079103827262,83,5,5,5,5,0.005049674014608594,0.01313504125054277,0.03479295888502201,-0.023059757004711134,0.18787878787878787,0.9367755268895349,0.3121071190920519,
68,-0.019421469026637564,0.3562782280604372,124,19,0.7369948203377642,7,12.268868159637945,skglm_huber_l1,0.7535933491957765,0.003297962047629569,124,5,5,5,5,0.027865619961866685,-0.029635258358662615,0.0182111891584798,0.14247458467641955,0.40606060606060607,0.6090304352516351,0.31627808508241984,
