date,0,1
2015-01-05,-0.55432343,3.2079186
2015-01-06,13.488998,2.4489532
2015-01-07,-3.9755282,3.0069716
2015-01-08,12.231723,2.6115735
2015-01-09,11.922696,3.30145
2015-01-12,11.794652,3.1741765
2015-01-13,7.975229,1.260764
2015-01-14,-0.41622707,0.5951502
2015-01-15,3.6102583,0.41346905
2015-01-16,13.2823925,2.6026633
2015-01-19,7.5621266,3.1124258
2015-01-20,13.205652,2.718214
2015-01-21,2.8298995,1.7755935
2015-01-22,8.4966955,1.3887798
2015-01-23,-5.479282,2.5278041
2015-01-26,11.599591,2.8159583
2015-01-27,-0.34517205,2.2156742
2015-01-28,7.064432,2.458799
2015-01-29,3.774037,0.47753718
2015-01-30,-2.5024426,1.3821343
2015-02-02,11.421733,3.210279
2015-02-03,12.502119,2.6917317
2015-02-04,2.8105197,2.3375359
2015-02-05,11.996986,3.2445319
2015-02-06,-4.993045,2.5636299
2015-02-09,3.765642,-0.17455728
2015-02-10,9.313502,1.1355162
2015-02-11,10.009668,2.8743055
2015-02-12,8.139679,2.5293136
2015-02-13,9.57221,2.6514273
2015-02-16,12.462977,2.3054612
2015-02-17,-3.3718882,3.1228046
2015-02-25,0.8002029,-0.115183175
2015-02-26,2.269955,0.6203131
2015-02-27,11.776445,2.4403608
2015-03-02,11.295665,2.007158
2015-03-03,0.54750186,0.17834249
2015-03-04,12.334013,2.8781354
2015-03-05,0.92436385,2.0894084
2015-03-06,-6.1180286,2.906367
2015-03-09,13.058018,2.8067362
2015-03-10,12.238044,2.9140894
2015-03-11,-0.002711818,1.846467
2015-03-12,-3.0517745,2.0209587
2015-03-13,10.659023,1.5053847
2015-03-16,12.332413,2.6451862
2015-03-17,0.6477003,0.28109634
2015-03-18,11.100099,1.8000778
2015-03-19,1.7605561,1.3108172
2015-03-20,9.18175,3.0187008
2015-03-23,12.555689,2.4246032
2015-03-24,9.27687,1.0807669
2015-03-25,8.125861,1.761865
2015-03-26,-5.6668696,2.27056
2015-03-27,9.345681,1.097377
2015-03-30,-2.823937,1.942852
2015-03-31,12.118746,3.0819004
2015-04-01,10.7479725,2.1615255
2015-04-02,7.8535657,0.9384306
2015-04-03,8.991008,2.265806
2015-04-07,8.727334,2.406818
2015-04-08,-6.0659137,2.930058
2015-04-09,-0.7675477,3.1803894
2015-04-10,12.417289,3.015665
2015-04-13,9.247443,1.7691668
2015-04-14,1.2324353,0.15368082
2015-04-15,-5.703507,2.9013953
2015-04-16,13.314162,3.1303186
2015-04-17,-0.49471846,1.7380905
2015-04-20,0.37133116,-0.27969176
2015-04-21,13.937008,2.8933296
2015-04-22,8.850063,2.6377356
2015-04-23,11.959827,3.205766
2015-04-24,10.24133,2.0964477
2015-04-27,-2.3805158,0.9860751
2015-04-28,-6.4548006,2.848954
2015-04-29,13.9031315,2.9410007
2015-04-30,11.837087,3.2827024
2015-05-04,-1.3113261,1.3400469
2015-05-05,-5.290683,2.339328
2015-05-06,13.03856,3.1441574
2015-05-07,3.8427022,0.17297994
2015-05-08,13.589695,2.8412979
2015-05-11,13.538341,2.6621647
2015-05-12,8.270513,0.39161715
2015-05-13,6.883001,2.6268628
2015-05-14,4.2191935,0.3086999
2015-05-15,10.2742815,1.3853637
2015-05-18,13.104387,2.9712944
2015-05-19,-0.75274765,3.2535965
2015-05-20,13.442193,3.0267324
2015-05-21,13.153325,2.8132217
2015-05-22,-5.9351764,3.0484655
2015-05-25,10.456473,2.243866
2015-05-26,13.579015,2.9951825
2015-05-27,-3.077341,3.1328058
2015-05-28,-4.11552,1.2065785
2015-05-29,11.908316,2.2270596
2015-06-01,13.66171,2.936241
2015-06-02,13.267964,2.646611
2015-06-03,1.449134,2.8075225
2015-06-04,-6.103854,2.8516488
2015-06-05,-4.661864,1.6612734
2015-06-08,-6.586288,2.8870952
2015-06-09,7.864544,3.0486236
2015-06-10,13.363451,2.5339234
2015-06-11,3.7681892,1.1957107
2015-06-12,2.7003202,2.481634
2015-06-15,-6.566241,2.8321686
2015-06-16,-3.859811,2.9952712
2015-06-17,11.353465,1.5646969
2015-06-18,-6.204153,2.3736918
2015-06-19,0.4942537,-0.3615228
2015-06-23,1.4934499,2.9254014
2015-06-24,-2.9271333,1.9106894
2015-06-25,-6.042378,2.4159508
2015-06-26,-6.8574343,2.8465042
2015-06-29,-6.8977003,2.8506737
2015-06-30,13.751978,2.549874
2015-07-01,13.058135,3.1882012
2015-07-02,0.39023432,-0.50511974
2015-07-03,11.462061,1.7317519
2015-07-06,-6.846328,2.85451
2015-07-07,-6.859615,2.8712983
2015-07-08,7.4872,1.9579931
2015-07-09,13.968597,2.9511597
2015-07-10,5.548302,1.3336072
2015-07-13,1.8623608,2.5133767
2015-07-14,13.913456,2.995474
2015-07-15,-6.8497214,2.8455443
2015-07-16,14.008165,2.9666123
2015-07-17,13.782663,2.8114488
2015-07-20,8.296262,2.84303
2015-07-21,13.002594,3.0905528
2015-07-22,4.439197,0.49601233
2015-07-23,8.6897745,0.44274744
2015-07-24,0.22929488,-0.32648155
2015-07-27,-4.575079,1.3406445
2015-07-28,11.652041,2.9359303
2015-07-29,-5.2696743,2.8555133
2015-07-30,0.38106558,-0.34187528
2015-07-31,11.402537,3.249638
2015-08-03,-6.041306,2.3060567
2015-08-04,13.533492,2.5057154
2015-08-05,-4.0168614,1.5074575
2015-08-06,11.862675,3.2850456
2015-08-07,11.9822235,2.738989
2015-08-10,13.521965,2.4416122
2015-08-11,-3.4986134,2.7352655
2015-08-12,7.071635,2.7449205
2015-08-13,7.653305,1.0883925
2015-08-14,-2.94246,1.5757459
2015-08-17,-1.3368305,2.6483817
2015-08-18,-5.932244,2.088795
2015-08-19,12.711896,2.5716498
2015-08-20,1.0213398,-0.28686327
2015-08-21,-5.773134,2.4792228
2015-08-24,-6.753418,2.8646023
2015-08-25,-3.863451,1.0282078
2015-08-26,10.203375,1.5183067
2015-08-27,-3.3205616,1.3141752
2015-08-28,9.304642,0.6807834
2015-08-31,-6.131788,2.973165
2015-09-01,-5.315957,2.410371
2015-09-02,13.871035,2.9565887
2015-09-07,11.141364,3.3172295
2015-09-08,9.564942,0.8762706
2015-09-09,9.731056,3.111379
2015-09-10,9.196924,2.8473032
2015-09-11,6.524946,2.436245
2015-09-14,-6.842627,2.8331258
2015-09-15,0.28967777,-0.42289963
2015-09-16,13.700821,2.7519457
2015-09-17,9.569123,1.7930772
2015-09-18,7.7183876,0.21142206
2015-09-21,13.997468,2.9290617
2015-09-22,-3.6959467,3.1145313
2015-09-23,12.422523,3.0748029
2015-09-24,3.6738524,0.32926401
2015-09-25,-6.5305448,2.6888416
2015-09-28,13.702071,2.7272842
2015-09-29,6.259772,2.2445533
2015-09-30,-3.9420362,3.1763244
2015-10-08,11.380216,2.1873791
2015-10-09,9.293329,1.1517853
2015-10-12,13.921401,2.9374228
2015-10-13,9.502502,2.553598
2015-10-14,-3.869577,2.3960097
2015-10-15,13.625487,2.7630937
2015-10-16,2.0301979,0.680297
2015-10-19,-4.237649,2.1204522
2015-10-20,13.482568,2.8390093
2015-10-21,-6.5064282,2.5143669
2015-10-22,13.329752,2.917889
2015-10-23,9.265697,1.0267204
2015-10-26,-5.5007234,2.8854103
2015-10-27,8.754745,0.3874511
2015-10-28,0.20206682,-0.35885167
2015-10-29,-1.0065674,3.00586
2015-10-30,8.839085,1.0205662
2015-11-02,12.983936,3.150672
2015-11-03,4.0068593,1.2776183
2015-11-04,13.763185,2.8088129
2015-11-05,-4.2424803,2.235787
2015-11-06,13.289578,2.8012269
2015-11-09,11.481606,1.901258
2015-11-10,11.175207,3.2493522
2015-11-11,10.525103,1.5568849
2015-11-12,-1.8270012,3.0164032
2015-11-13,0.77825254,1.8656554
2015-11-16,13.390172,2.739395
2015-11-17,-6.064548,2.3407805
2015-11-18,-2.0088677,0.81866866
2015-11-19,12.02335,2.4014153
2015-11-20,7.358895,0.44519743
2015-11-23,7.352877,2.9876544
2015-11-24,7.7510405,0.3412258
2015-11-25,12.2150545,2.15146
2015-11-26,-4.763566,2.3971982
2015-11-27,-5.900589,2.1295874
2015-11-30,-3.0093822,2.1778111
2015-12-01,3.4427688,0.28682613
2015-12-02,-5.210884,3.029335
2015-12-03,12.736442,2.6146898
2015-12-04,4.1162252,0.2497286
2015-12-07,9.890171,2.8409922
2015-12-08,-0.440877,2.0718775
2015-12-09,2.452573,0.3064358
2015-12-10,8.55285,1.7396747
2015-12-11,3.1395292,1.3511853
2015-12-14,6.972136,0.31283757
2015-12-15,9.414099,2.9570863
2015-12-16,6.8034067,0.90161014
2015-12-17,10.5156975,2.3379712
2015-12-18,-1.5614368,2.778129
2015-12-21,1.5422665,2.652193
2015-12-22,-1.5728025,2.859106
2015-12-23,-2.5187147,1.2640946
2015-12-24,2.1510336,2.898079
2015-12-25,1.9682738,0.3764205
2015-12-28,-0.20251383,-0.23032331
2015-12-29,6.1192307,0.8412602
2015-12-30,6.129647,1.0961355
2015-12-31,-4.744698,2.3022523
2016-01-04,-6.88387,2.85401
2016-01-05,10.890508,3.3569865
2016-01-06,2.1018035,2.8487673
2016-01-07,-6.910996,2.896131
2016-01-08,-3.552411,3.1378047
2016-01-11,-0.034126986,-0.42656076
2016-01-12,8.26099,0.42263588
2016-01-13,-5.911504,2.2123635
2016-01-14,13.966543,2.8629858
2016-01-15,-2.895773,0.88081026
2016-01-18,13.992571,2.939542
2016-01-19,11.450782,1.6147956
2016-01-20,0.7030929,0.12623861
2016-01-21,7.4179277,3.0565357
2016-01-22,-0.6068941,3.1359344
2016-01-25,0.37225944,0.07486969
2016-01-26,-5.9828544,2.1532176
2016-01-27,-5.745386,3.03712
2016-01-28,-3.5445342,1.1165855
2016-01-29,13.592426,2.7534573
2016-02-01,4.025747,0.40700194
2016-02-02,13.715877,3.02385
2016-02-03,6.7497125,0.31349337
2016-02-04,9.071036,2.9550707
2016-02-05,-2.6519146,1.7957118
2016-02-15,13.480429,2.760786
2016-02-16,13.402171,2.904832
2016-02-17,0.9590561,2.7376428
2016-02-18,-3.3969667,2.0544062
2016-02-19,8.339731,1.630932
2016-02-22,0.27203363,2.2313886
2016-02-23,-4.249762,1.9295285
2016-02-24,-2.946412,2.0795372
2016-02-25,-6.7399464,2.7496371
2016-02-26,-1.3800275,1.4793648
2016-02-29,-6.844956,2.8733068
2016-03-01,8.546417,0.4629759
2016-03-02,12.788984,2.1914346
2016-03-03,8.75858,2.8730633
2016-03-04,-6.280333,2.4685051
2016-03-07,7.752997,3.0705416
2016-03-08,1.9892461,3.1570287
2016-03-09,7.755045,3.0950923
2016-03-10,0.097822696,1.6297003
2016-03-11,10.474542,2.4719625
2016-03-14,13.631423,2.9739215
2016-03-15,-0.40376902,0.5912629
2016-03-16,-5.6981254,3.029165
2016-03-17,13.542275,2.498667
2016-03-18,12.516024,2.3099713
2016-03-21,3.3795633,0.719522
2016-03-22,9.719294,2.6445625
2016-03-23,7.6024113,1.5615282
2016-03-24,6.3837385,2.102532
2016-03-25,3.7332294,0.5826522
2016-03-28,0.49900138,-0.4459574
2016-03-29,-4.539633,2.6768918
2016-03-30,10.382248,1.4121867
2016-03-31,1.1506214,0.22055697
2016-04-01,-3.7070196,2.744862
2016-04-05,12.760783,2.273013
2016-04-06,6.5593314,1.2779104
2016-04-07,-4.353662,2.7809389
2016-04-08,0.42005864,0.9814381
2016-04-11,10.262897,2.7246418
2016-04-12,-3.3212528,2.4302042
2016-04-13,10.500952,2.6980717
2016-04-14,3.0431426,1.3653119
2016-04-15,-1.63337,2.1775436
2016-04-18,-2.2472167,2.7713695
2016-04-19,-0.9894058,2.2188332
2016-04-20,-6.6616416,2.6472454
2016-04-21,3.3376381,0.17660528
2016-04-22,10.225334,2.6360347
2016-04-25,-3.2947319,3.1649156
2016-04-26,6.7848945,1.3916471
2016-04-27,1.0931975,0.97308016
2016-04-28,-0.45246574,2.2518108
2016-04-29,4.275224,0.8628843
2016-05-03,12.921835,2.5238407
2016-05-04,5.2400026,1.3076642
2016-05-05,5.899576,0.94526213
2016-05-06,-6.075895,2.3525803
2016-05-09,-5.068829,2.7742488
2016-05-10,4.4527597,1.1877383
2016-05-11,-0.6879896,1.7259685
2016-05-12,7.042176,0.2974299
2016-05-13,4.293477,0.092535764
2016-05-16,9.362755,1.7549511
2016-05-17,8.095102,0.33165628
2016-05-18,-4.885261,2.4240022
2016-05-19,10.62171,3.2667437
2016-05-20,7.957018,1.8725648
2016-05-23,9.450954,2.9237092
2016-05-24,-1.5394588,2.227933
2016-05-25,-2.9583437,1.0386865
2016-05-26,-0.8311708,3.1386578
2016-05-27,2.9890263,1.7006288
2016-05-30,2.647283,1.5112292
2016-05-31,13.753904,2.8995588
2016-06-01,4.385019,1.1519073
2016-06-02,5.9639907,0.9089797
2016-06-03,10.153286,1.7207283
2016-06-06,0.068441726,1.427447
2016-06-07,0.90742743,2.2926757
2016-06-08,1.8782817,2.5896192
2016-06-13,-4.057195,1.2480983
2016-06-14,3.891702,0.733563
2016-06-15,13.825525,2.975766
2016-06-16,1.091838,0.31774527
2016-06-17,7.6538267,3.0682735
2016-06-20,-0.7796224,2.973658
2016-06-21,-2.4436338,0.85861206
2016-06-22,10.437194,1.6853448
2016-06-23,1.9197943,1.3175375
2016-06-24,1.1079836,2.7631006
2016-06-27,12.968468,2.5667102
2016-06-28,8.226987,1.1098036
2016-06-29,-1.3372401,1.6059216
2016-06-30,6.215787,1.1700354
2016-07-01,-0.5938552,0.73784554
2016-07-04,11.88176,2.576879
2016-07-05,0.5625429,1.8155923
2016-07-06,2.145291,1.6807126
2016-07-07,0.15805918,2.154906
2016-07-08,6.860709,0.60887617
2016-07-11,1.4600885,1.1252168
2016-07-12,1.9730296,2.80111
2016-07-13,9.2613535,1.614664
2016-07-14,1.3302644,2.4402404
2016-07-15,-2.4881916,2.2366366
2016-07-18,-0.4379049,2.4894278
2016-07-19,6.1206555,0.80546284
2016-07-20,3.8092422,1.2663122
2016-07-21,6.5487204,1.3180844
2016-07-22,1.5395659,1.1584159
2016-07-25,3.6386912,0.48159233
2016-07-26,8.457218,2.2992709
2016-07-27,-6.5342526,2.5674691
2016-07-28,-0.51854646,0.9725529
2016-07-29,-1.6803916,2.4039395
2016-08-01,-3.1796522,3.1775718
2016-08-02,5.5306544,1.0880668
2016-08-03,1.7532256,1.426262
2016-08-04,7.84569,1.0591946
2016-08-05,0.3072903,1.317257
2016-08-08,6.73592,0.2161187
2016-08-09,6.7892385,1.1558315
2016-08-10,-0.04799251,0.7486146
2016-08-11,-0.30024812,1.1778228
2016-08-12,6.007256,1.0782696
2016-08-15,12.732824,2.335239
2016-08-16,5.356967,1.2296282
2016-08-17,5.7624354,0.7735231
2016-08-18,2.0645242,1.9428529
2016-08-19,2.3505552,2.00307
2016-08-22,-2.3949263,1.0865138
2016-08-23,6.139827,1.9039533
2016-08-24,7.3892403,1.245918
2016-08-25,-1.4773283,2.9672427
2016-08-26,6.8128467,1.9846896
2016-08-29,6.3283,1.7918121
2016-08-30,3.6547768,1.03196
2016-08-31,0.9827489,2.2231357
2016-09-01,2.4848645,0.96341145
2016-09-02,3.8552012,0.4745415
2016-09-05,6.754299,2.3166432
2016-09-06,8.347615,0.51553077
2016-09-07,3.2588143,0.7703156
2016-09-08,4.0097885,1.217056
2016-09-09,0.48748532,1.3038219
2016-09-12,0.8446014,-0.09864555
2016-09-13,0.51744527,0.5285676
2016-09-14,6.041031,1.8529412
2016-09-19,7.6499143,2.6325426
2016-09-20,1.7330067,1.4499974
2016-09-21,3.1730666,1.8424252
2016-09-22,1.7557304,1.0633627
2016-09-23,0.5904538,1.4157122
2016-09-26,0.91167724,0.49556494
2016-09-27,4.300464,1.009395
2016-09-28,0.4484656,2.1473134
2016-09-29,4.291263,1.1590827
2016-09-30,3.268458,1.5922953
2016-10-10,11.108274,1.992558
2016-10-11,0.68343675,2.1265194
2016-10-12,4.0461426,0.80849504
2016-10-13,1.889382,1.9910396
2016-10-14,-1.8385906,2.7671227
2016-10-17,-0.3171688,0.32125697
2016-10-18,8.12464,0.9292935
2016-10-19,-0.72103333,1.3299251
2016-10-20,5.619461,0.9957126
2016-10-21,-0.5142049,0.9488201
2016-10-24,7.987426,1.3419397
2016-10-25,2.1515145,0.9040784
2016-10-26,-0.7805069,1.5145649
2016-10-27,1.7124438,1.1615278
2016-10-28,1.6711881,0.41888374
2016-10-31,1.0096706,2.3914633
2016-11-01,5.7735868,0.84955835
2016-11-02,-1.1347946,0.8071707
2016-11-03,8.337916,1.7865306
2016-11-04,3.7628872,0.33628935
2016-11-07,0.16947863,1.156674
2016-11-08,6.91685,0.64372516
2016-11-09,-3.069267,2.052074
2016-11-10,4.1209803,1.1756049
2016-11-11,2.182412,2.2500794
2016-11-14,7.7277727,2.870774
2016-11-15,3.1512053,2.2242775
2016-11-16,4.486009,0.36987126
2016-11-17,-0.8966148,2.1687815
2016-11-18,2.2497215,0.81239885
2016-11-21,2.5664182,0.81234956
2016-11-22,3.5987492,1.73125
2016-11-23,0.14822774,1.7003441
2016-11-24,2.9986134,0.23989613
2016-11-25,7.03339,0.6508619
2016-11-28,2.1944008,1.7086817
2016-11-29,5.6322484,0.72495633
2016-11-30,9.123524,2.997677
2016-12-01,2.190945,1.239026
2016-12-02,-2.697542,1.1365161
2016-12-05,6.5576606,2.359355
2016-12-06,-0.7593964,1.3046131
2016-12-07,1.5280781,2.4426033
2016-12-08,-0.7650488,1.9544854
2016-12-09,0.58506435,1.3034283
2016-12-12,-6.531717,2.5876763
2016-12-13,2.0628798,2.69757
2016-12-14,-0.5950991,1.9454674
2016-12-15,7.971161,2.5415704
2016-12-16,9.657271,2.7691362
2016-12-19,-0.7866354,1.6185408
2016-12-20,2.6810098,0.88024616
2016-12-21,4.024487,0.83063334
2016-12-22,0.061417017,2.2508867
2016-12-23,0.91072536,0.09771794
2016-12-26,2.096853,2.9020119
2016-12-27,3.2943826,0.90975875
2016-12-28,1.0156857,1.1235431
2016-12-29,6.350566,1.7276095
2016-12-30,2.1030803,2.0141647
2017-01-03,2.4527836,0.7082003
2017-01-04,8.345043,1.0425587
2017-01-05,2.0155268,1.7776501
2017-01-06,-0.872258,1.486477
2017-01-09,1.0181,1.8996087
2017-01-10,2.8221607,0.98596746
2017-01-11,2.3463917,0.5489104
2017-01-12,5.697518,1.714126
2017-01-13,-0.80451596,0.33326897
2017-01-16,-5.9377604,2.2649815
2017-01-17,8.668952,0.67387265
2017-01-18,0.3449427,1.6278092
2017-01-19,3.3718512,1.3170552
2017-01-20,12.031227,3.1231823
2017-01-23,6.631505,2.3030603
2017-01-24,-2.5371056,2.3021052
2017-01-25,7.1889644,1.8980165
2017-01-26,7.276169,2.0004652
2017-02-03,0.387254,1.9602355
2017-02-06,8.024914,1.2333438
2017-02-07,0.4911323,0.672584
2017-02-08,6.631542,0.54172426
2017-02-09,6.776766,1.3917407
2017-02-10,0.32812968,1.9994698
2017-02-13,7.0331006,1.0608333
2017-02-14,2.3892746,0.7410654
2017-02-15,2.5044112,0.19061583
2017-02-16,5.9284616,1.5388689
2017-02-17,0.0477892,0.45705724
2017-02-20,3.526621,1.8910495
2017-02-21,9.564445,2.1300623
2017-02-22,-0.31656682,2.0529845
2017-02-23,1.6661774,2.5141315
2017-02-24,6.309127,1.1365204
2017-02-27,0.8311792,0.40543273
2017-02-28,0.74835885,1.5506914
2017-03-01,6.623828,1.879185
2017-03-02,0.6165499,1.3597099
2017-03-03,6.1246724,0.41473308
2017-03-06,10.42266,2.8497906
2017-03-07,2.8796384,2.0160458
2017-03-08,-0.982915,1.7739608
2017-03-09,1.3677621,1.0909754
2017-03-10,3.1114726,1.5939606
2017-03-13,8.416203,1.3559241
2017-03-14,-1.2425109,1.6243074
2017-03-15,2.8012142,2.1228166
2017-03-16,5.454161,1.2129344
2017-03-17,3.4165468,0.09426738
2017-03-20,3.2359364,1.3945649
2017-03-21,5.4460444,0.75199634
2017-03-22,0.82962024,1.6115407
2017-03-23,3.3568175,0.077936366
2017-03-24,6.678184,1.0339206
2017-03-27,-0.32860476,1.6355315
2017-03-28,2.955352,1.1466593
2017-03-29,-0.39851558,1.8330547
2017-03-30,-2.9539106,1.7795238
2017-03-31,5.551768,1.2248807
2017-04-05,9.807553,2.4089613
2017-04-06,2.0885062,1.724945
2017-04-07,3.3370442,2.0601466
2017-04-10,-3.976348,2.3497477
2017-04-11,2.4066918,0.950143
2017-04-12,0.47051263,1.5413241
2017-04-13,7.620615,2.3685484
2017-04-14,-1.7017479,1.7119907
2017-04-17,-1.0443094,0.8740543
2017-04-18,1.3923364,-0.09106894
2017-04-19,-1.5755664,2.9845521
2017-04-20,3.9354765,0.9622371
2017-04-21,3.394685,0.05420415
2017-04-24,-3.759327,2.933516
2017-04-25,6.68422,2.14618
2017-04-26,3.3596594,1.6688328
2017-04-27,8.529189,0.43511805
2017-04-28,7.2131104,2.106049
2017-05-02,1.4894068,1.2417562
2017-05-03,1.725473,0.48423073
2017-05-04,6.663377,1.5466185
2017-05-05,0.5549966,1.3189961
2017-05-08,1.4751208,0.30420426
2017-05-09,6.3990045,0.31461072
2017-05-10,0.7068021,-0.3776889
2017-05-11,-0.09926841,2.3434565
2017-05-12,0.59606975,1.9467162
2017-05-15,4.217739,0.67653143
2017-05-16,8.517149,0.5047448
2017-05-17,6.0761395,1.6471773
2017-05-18,5.9512243,1.803455
2017-05-19,-1.0112367,1.2355956
2017-05-22,0.94866586,-0.2072143
2017-05-23,-0.73538834,0.56792426
2017-05-24,7.818654,1.4379978
2017-05-25,1.6839216,3.0142403
2017-05-26,1.9119915,0.66721725
2017-05-31,-3.9416509,2.8751194
2017-06-01,-1.8824247,0.7656722
2017-06-02,8.162222,0.4100387
2017-06-05,6.625277,1.9674486
2017-06-06,6.1155233,1.8401948
2017-06-07,10.937764,2.0216484
2017-06-08,0.725712,1.3516946
2017-06-09,2.488746,2.198152
2017-06-12,0.2414369,1.6738944
2017-06-13,9.088718,1.6610712
2017-06-14,2.5858583,1.5007893
2017-06-15,10.542815,2.3791485
2017-06-16,1.5205107,1.8466989
2017-06-19,5.290404,0.8695399
2017-06-20,6.1109962,2.034289
2017-06-21,-0.9117578,1.3861988
2017-06-22,0.1564282,0.22545984
2017-06-23,1.3648494,0.80096334
2017-06-26,6.1259604,0.6414102
2017-06-27,2.616041,0.60081637
2017-06-28,-0.6729713,1.9072746
2017-06-29,6.7276273,1.3135523
2017-06-30,2.9843106,2.2833784
2017-07-03,6.941132,0.89099824
2017-07-04,-0.8501265,2.0286503
2017-07-05,2.713795,2.226365
2017-07-06,0.5951815,0.7428304
2017-07-07,3.1345751,1.5401194
2017-07-10,-2.551482,1.6139123
2017-07-11,0.74089277,1.1427393
2017-07-12,0.34548557,2.2286062
2017-07-13,1.4056295,1.1694338
2017-07-14,-1.0356691,1.0595797
2017-07-17,-6.334429,2.7731495
2017-07-18,8.087042,0.5991772
2017-07-19,6.784371,0.2514653
2017-07-20,7.5084167,2.876023
2017-07-21,5.4653544,1.5139593
2017-07-24,5.9278803,0.49684805
2017-07-25,2.0859578,1.1866741
2017-07-26,0.3558325,1.2441382
2017-07-27,13.404771,2.4502203
2017-07-28,-1.116398,1.8337253
2017-07-31,3.338634,1.5801306
2017-08-01,1.0427142,1.9889399
2017-08-02,0.8351218,0.7356044
2017-08-03,9.863096,2.931942
2017-08-04,0.32468688,1.503349
2017-08-07,7.9996977,2.7461236
2017-08-08,8.6404705,1.0382477
2017-08-09,3.51562,1.0908334
2017-08-10,2.3876028,0.43438864
2017-08-11,6.1710925,1.7115258
2017-08-14,11.2192745,2.5014398
2017-08-15,1.7979054,1.1996778
2017-08-16,10.894618,2.3291879
2017-08-17,7.765817,0.8333847
2017-08-18,1.8196367,0.62634075
2017-08-21,1.3674722,1.7974079
2017-08-22,-0.06971886,0.5249809
2017-08-23,2.1534264,1.6564028
2017-08-24,1.8474201,1.0240685
2017-08-25,9.070942,1.4837548
2017-08-28,11.383109,3.0977144
2017-08-29,2.487693,0.5702636
2017-08-30,7.3002286,2.3933027
2017-08-31,3.9423862,1.5985653
2017-09-01,2.063645,2.8398173
2017-09-04,8.9866,2.065105
2017-09-05,2.722469,1.7211345
2017-09-06,7.231956,0.7599135
2017-09-07,3.451602,0.1748897
2017-09-08,2.2723577,0.3468736
2017-09-11,6.5991464,1.5075341
2017-09-12,0.06806984,1.6921343
2017-09-13,2.718562,1.9627879
2017-09-14,1.3899028,0.8716033
2017-09-15,2.964888,1.0136703
2017-09-18,7.852681,1.7232589
2017-09-19,0.18135388,0.29959407
2017-09-20,6.5901923,0.70390123
2017-09-21,0.14505778,0.24640515
2017-09-22,2.1107662,1.9998397
2017-09-25,1.023431,0.34753606
2017-09-26,1.291243,0.72259253
2017-09-27,6.0545645,0.7787478
2017-09-28,5.734081,1.054918
2017-09-29,6.516181,1.740606
2017-10-09,1.7218653,2.0554972
2017-10-10,8.038364,1.5468609
2017-10-11,-1.4592065,1.6035248
2017-10-12,2.119125,0.4007651
2017-10-13,8.222537,1.1859648
2017-10-16,-5.135779,2.3050218
2017-10-17,2.0202692,1.7494377
2017-10-18,3.6446178,0.6889313
2017-10-19,3.4628465,1.1217972
2017-10-20,6.6869855,0.92028767
2017-10-23,7.6280117,1.4161409
2017-10-24,0.45511016,1.8581166
2017-10-25,4.2706356,1.1931455
2017-10-26,3.0588193,1.2219077
2017-10-27,-0.973417,1.2227998
2017-10-30,-5.089132,2.8166687
2017-10-31,5.6544213,1.0471839
2017-11-01,3.297741,1.0153924
2017-11-02,-1.1028044,1.0791001
2017-11-03,1.0430079,-0.12117213
2017-11-06,6.5244913,0.19357103
2017-11-07,0.65126556,2.3673882
2017-11-08,7.44832,1.5625093
2017-11-09,6.1406736,0.5974872
2017-11-10,8.337974,2.2402298
2017-11-13,3.159552,1.1575294
2017-11-14,0.7855981,0.4911165
2017-11-15,-3.3396018,1.9266504
2017-11-16,5.9999175,0.74428034
2017-11-17,-3.5974138,1.2783995
2017-11-20,6.8142037,0.21884537
2017-11-21,2.2527685,0.75175065
2017-11-22,1.7430364,0.63675106
2017-11-23,-3.905716,1.673865
2017-11-24,2.7651806,0.77453506
2017-11-27,3.8690586,0.49138507
2017-11-28,7.892829,1.0729737
2017-11-29,-1.283495,2.8563075
2017-11-30,1.0001385,0.2518136
2017-12-01,9.7801895,2.7183447
2017-12-04,2.7765312,0.9337466
2017-12-05,-4.324017,1.7030448
2017-12-06,2.5071328,1.0387727
2017-12-07,3.0978506,1.268096
2017-12-08,9.404243,2.4549103
2017-12-11,6.6146183,1.217032
2017-12-12,-0.8860623,1.0082439
2017-12-13,3.3288298,1.816228
2017-12-14,-1.0263299,2.0860543
2017-12-15,0.22518119,1.305412
2017-12-18,0.34504676,1.8121568
2017-12-19,7.823782,2.4896607
2017-12-20,-0.9499783,0.8338304
2017-12-21,7.415338,0.53069043
2017-12-22,1.9907357,0.70058167
2017-12-25,-3.4224708,2.3775585
2017-12-26,1.7879492,2.4585252
2017-12-27,0.2418988,0.81793004
2017-12-28,6.7465525,2.277026
2017-12-29,2.4317505,2.0005603
2018-01-02,2.0089505,2.1550126
2018-01-03,9.2591095,1.717345
2018-01-04,3.8912523,1.4600385
2018-01-05,4.223773,1.337827
2018-01-08,1.655738,2.39408
2018-01-09,2.3173347,1.7054809
2018-01-10,-0.74915504,1.1570715
2018-01-11,7.2883854,0.40144095
2018-01-12,-1.0801655,1.2776552
2018-01-15,-5.125096,2.1723018
2018-01-16,2.5872223,0.34409085
2018-01-17,2.3863301,2.87112
2018-01-18,6.221689,2.1760387
2018-01-19,1.5329344,0.6905842
2018-01-22,12.067089,2.3497684
2018-01-23,1.9308593,0.98414344
2018-01-24,11.201061,1.8744081
2018-01-25,7.3594227,2.9420402
2018-01-26,7.780643,2.3125648
2018-01-29,-3.1254601,1.8821124
2018-01-30,-0.22763978,0.5601601
2018-01-31,-5.4787517,2.7179296
2018-02-01,-3.521695,1.1214602
2018-02-02,8.995388,3.0303884
2018-02-05,6.3080683,1.5100749
2018-02-06,-5.3937025,2.0011258
2018-02-07,-3.3462794,3.1176581
2018-02-08,11.668578,3.19945
2018-02-09,3.5990868,-0.018628005
2018-02-12,11.314172,1.8209527
2018-02-13,2.2548082,0.2234614
2018-02-14,-0.6387368,2.591977
2018-02-22,7.7670636,1.3930174
2018-02-23,0.049701594,1.9194803
2018-02-26,11.243147,1.8195611
2018-02-27,7.834888,2.7075083
2018-02-28,10.518184,3.0942507
2018-03-01,11.257109,2.0172722
2018-03-02,0.89791495,0.06709087
2018-03-05,2.2020476,2.7407668
2018-03-06,3.6971743,0.5463489
2018-03-07,-0.3934363,1.4693232
2018-03-08,3.8951094,1.1078982
2018-03-09,12.562338,2.2031949
2018-03-12,4.068786,0.8227536
2018-03-13,2.5506716,2.189752
2018-03-14,-0.798424,0.94806176
2018-03-15,0.9852366,0.6680167
2018-03-16,0.18341783,0.6645155
2018-03-19,10.395372,2.419534
2018-03-20,9.550173,1.2124928
2018-03-21,-0.0055512832,-0.010446673
2018-03-22,0.28711557,1.5724908
2018-03-23,-4.002095,1.0924317
2018-03-26,12.1182785,2.4886396
2018-03-27,11.756899,2.9262846
2018-03-28,8.584054,2.7357068
2018-03-29,-0.18540703,1.731809
2018-03-30,10.561611,1.6772358
2018-04-02,-0.3926158,1.608804
2018-04-03,1.0507334,0.6241591
2018-04-04,-3.7947123,1.7914764
2018-04-09,6.9936795,1.5988308
2018-04-10,-1.3934817,2.3402538
2018-04-11,3.297989,0.32116655
2018-04-12,6.3734903,2.254469
2018-04-13,-0.55337703,1.4284221
2018-04-16,6.160941,1.9990414
2018-04-17,-5.421969,2.1205184
2018-04-18,2.084112,3.0976257
2018-04-19,7.3807225,1.9629495
2018-04-20,-0.5998081,0.05687843
2018-04-23,-5.1010327,2.1262555
2018-04-24,12.025231,2.324571
2018-04-25,7.9940524,2.135086
2018-04-26,-3.3112473,2.2201016
2018-04-27,6.7826285,1.1376852
2018-05-02,-0.018295195,0.23216112
2018-05-03,2.176421,3.08309
2018-05-04,2.2387745,0.79278064
2018-05-07,10.162115,2.24454
2018-05-08,1.4507984,2.0954046
2018-05-09,2.2477956,1.0408758
2018-05-10,2.6194556,1.5861026
2018-05-11,-3.350504,2.075363
2018-05-14,2.9014091,0.8496427
2018-05-15,7.6344113,1.0370618
2018-05-16,3.0575438,1.1790508
2018-05-17,-1.1282654,1.6297148
2018-05-18,1.9691325,2.3283243
2018-05-21,8.211177,2.3828053
2018-05-22,5.5459986,0.8764832
2018-05-23,-0.24481954,0.4558311
2018-05-24,2.5334156,0.8705884
2018-05-25,-3.9359033,2.068211
2018-05-28,3.0092816,1.1042314
2018-05-29,3.2725503,0.009965344
2018-05-30,-1.0272074,2.0688875
2018-05-31,1.1635566,2.6446812
2018-06-01,-3.2259445,1.093992
2018-06-04,-0.6930212,2.3455946
2018-06-05,9.6384,1.2786666
2018-06-06,2.429194,0.77247316
2018-06-07,-1.614543,1.6896092
2018-06-08,-2.093103,1.4004511
2018-06-11,-1.4011934,1.1825322
2018-06-12,7.591931,0.70579815
2018-06-13,-0.7089687,0.7022971
2018-06-14,3.5291584,0.0618839
2018-06-15,-4.8729005,2.5602267
2018-06-19,-6.382638,2.4339888
2018-06-20,8.253327,0.40660635
2018-06-21,-3.9260173,1.2874954
2018-06-22,11.708049,2.8459878
2018-06-25,-1.924445,0.82429594
2018-06-26,11.953537,2.942209
2018-06-27,-1.0659868,0.83578616
2018-06-28,6.9072375,2.6411433
2018-06-29,12.987141,2.4397337
2018-07-02,-3.234922,1.1367716
2018-07-03,1.9154242,3.0179236
2018-07-04,-3.9988616,2.1471388
2018-07-05,-0.46415225,-0.021448119
2018-07-06,9.833647,1.5076226
2018-07-09,10.318868,2.3191984
2018-07-10,3.5220277,1.2206949
2018-07-11,0.9369685,0.5674898
2018-07-12,13.161844,2.8024013
2018-07-13,3.8387341,1.4441714
2018-07-16,2.2505538,2.0129728
2018-07-17,-0.23431268,2.1771116
2018-07-18,1.6228013,0.14769396
2018-07-19,-3.1160538,1.9256076
2018-07-20,8.885686,1.2905298
2018-07-23,3.5817044,1.6429776
2018-07-24,6.998545,1.9632791
2018-07-25,4.344739,0.44045663
2018-07-26,-3.1353612,1.9275745
2018-07-27,1.7659885,1.9131311
2018-07-30,-4.297858,1.8584706
2018-07-31,5.9031277,1.7818741
2018-08-01,0.15918909,-0.14025554
2018-08-02,-5.511616,2.8210156
2018-08-03,-1.083663,0.74890804
2018-08-06,-3.8414576,1.1652309
2018-08-07,8.450002,0.89976066
2018-08-08,-3.0177808,1.0230678
2018-08-09,13.433222,2.8820076
2018-08-10,6.4301696,1.5187445
2018-08-13,9.457503,1.3378923
2018-08-14,-1.1387696,1.4737383
2018-08-15,-5.3567667,2.2309415
2018-08-16,8.487837,2.7458289
2018-08-17,-5.462263,2.3740966
2018-08-20,-0.29430595,2.2554834
2018-08-21,10.001697,2.2226777
2018-08-22,-0.96396923,0.91701293
2018-08-23,6.935626,1.4554662
2018-08-24,5.4471564,0.8094266
2018-08-27,11.74243,2.213024
2018-08-28,0.65832543,1.4943249
2018-08-29,-1.3135266,1.6876384
2018-08-30,-3.0755243,1.847689
2018-08-31,-0.47583616,1.7372079
2018-09-03,2.0736206,2.876799
2018-09-04,6.4839277,0.42555034
2018-09-05,0.518292,-0.09649072
2018-09-06,4.2690873,0.11300556
2018-09-07,4.0954914,0.02938094
2018-09-10,-4.3859057,2.2116005
2018-09-11,3.5568223,1.4536004
2018-09-12,1.6177064,0.7332136
2018-09-13,-3.7576818,2.7990963
2018-09-14,-2.8668091,1.7252394
2018-09-17,0.075596884,0.8399786
2018-09-18,8.519498,0.9815115
2018-09-19,9.846719,1.782076
2018-09-20,3.9112008,0.6007349
2018-09-21,7.9671936,0.3233512
2018-09-25,4.894964,1.0736555
2018-09-26,7.8278084,0.9507609
2018-09-27,-1.3458331,0.72082967
2018-09-28,2.5616739,2.476561
2018-10-08,-3.3573318,1.4315255
2018-10-09,-2.1792138,0.9544687
2018-10-10,1.5205679,1.7261283
2018-10-11,-6.0028467,2.2984076
2018-10-12,8.157032,0.42950538
2018-10-15,0.64384145,-0.18923503
2018-10-16,-5.18179,1.946074
2018-10-17,-0.86640537,2.9470308
2018-10-18,2.0015118,1.0753491
2018-10-19,13.494524,2.6623666
2018-10-22,13.197696,2.841467
2018-10-23,-5.0231733,2.1617546
2018-10-24,2.6879208,0.8407184
2018-10-25,8.523421,0.80391216
2018-10-26,-3.2131035,2.0001311
2018-10-29,-0.055406887,0.121595524
2018-10-30,8.779669,0.6383123
2018-10-31,9.014812,2.7613034
2018-11-01,4.964923,1.3404187
2018-11-02,-0.70896703,3.183471
2018-11-05,0.86732155,0.18901443
2018-11-06,0.30251402,2.6214912
2018-11-07,4.7742457,1.1867914
2018-11-08,-3.80095,1.8445154
2018-11-09,6.6435695,2.2502043
2018-11-12,12.675758,2.3265758
2018-11-13,11.912695,2.3619642
2018-11-14,2.7974706,1.1523982
2018-11-15,8.343189,1.1645824
2018-11-16,1.6961797,2.313017
2018-11-19,-1.2072018,2.935418
2018-11-20,-3.7069845,1.2693741
2018-11-21,5.8731875,0.51826686
2018-11-22,-0.6257533,1.4970473
2018-11-23,-6.155621,2.8061018
2018-11-26,0.6385722,1.0993001
2018-11-27,2.8282275,0.6295129
2018-11-28,9.643044,1.310707
2018-11-29,-3.7880833,1.2674127
2018-11-30,8.00223,1.5231076
2018-12-03,7.3867145,1.4578325
2018-12-04,4.2493696,1.1934161
2018-12-05,9.850121,2.4267304
2018-12-06,-3.5174582,1.1677363
2018-12-07,-0.7577581,1.997948
2018-12-10,2.7401865,0.6249525
2018-12-11,4.089657,0.9503036
2018-12-12,-0.05994257,2.001545
2018-12-13,7.537941,1.2625235
2018-12-14,-4.3511066,1.7645317
2018-12-17,0.7181903,1.7984802
2018-12-18,3.8455467,0.5610034
2018-12-19,-3.6428711,1.6886274
2018-12-20,6.556458,1.2639678
2018-12-21,-0.26595291,0.8903038
2018-12-24,7.8905168,2.2178845
2018-12-25,-1.1983846,3.1578405
2018-12-26,1.787305,0.58922106
2018-12-27,-4.957198,2.2612667
2018-12-28,2.6077156,1.748084
2019-01-02,-4.140771,2.3648121
2019-01-03,0.75003463,-0.109917596
2019-01-04,12.593428,2.3418417
2019-01-07,9.528829,1.9762028
2019-01-08,3.6993194,1.3276266
2019-01-09,7.2709656,2.6199944
2019-01-10,5.0981097,1.3829052
2019-01-11,2.7457256,1.8990775
2019-01-14,-2.8005083,1.7385352
2019-01-15,8.42913,0.96386266
2019-01-16,3.8849268,0.8807531
2019-01-17,-0.7127444,1.0905647
2019-01-18,6.605493,0.61375713
2019-01-21,5.966054,1.6893331
2019-01-22,-3.6545887,1.7827005
2019-01-23,2.8451638,1.5588578
2019-01-24,9.480156,2.0040376
2019-01-25,6.2442746,1.6755496
2019-01-28,-0.28142625,0.057145946
2019-01-29,-3.4331589,2.9585388
2019-01-30,6.752024,2.5052931
2019-01-31,2.281618,0.19732526
2019-02-01,12.210056,2.3352785
2019-02-11,12.680504,2.6106772
2019-02-12,8.408857,2.556726
2019-02-13,10.268374,2.1956518
2019-02-14,3.3954053,2.171675
2019-02-15,5.933538,1.7698796
2019-02-18,12.375748,2.3427694
2019-02-19,-2.507201,0.9768089
2019-02-20,0.025914453,2.2119143
2019-02-21,10.9951105,2.7623253
2019-02-22,11.7599325,1.8555281
2019-02-25,12.088023,2.1515262
2019-02-26,7.2915115,0.44654846
2019-02-27,0.17376141,-0.3227059
2019-02-28,7.660063,2.786505
2019-03-01,0.38713783,2.3518012
2019-03-04,11.457421,3.0549667
2019-03-05,12.020882,2.5155175
2019-03-06,-0.7548432,2.9193578
2019-03-07,0.7362489,2.7116945
2019-03-08,12.12864,3.269249
2019-03-11,11.208249,1.8767756
2019-03-12,7.529896,1.9086729
2019-03-13,-6.4092035,2.6964934
2019-03-14,-4.3741274,1.8471695
2019-03-15,1.2677743,0.05517829
2019-03-18,8.331123,0.9582995
2019-03-19,3.0471406,0.5314209
2019-03-20,-4.771426,2.643004
2019-03-21,9.197198,1.5039295
2019-03-22,-3.481651,3.1061318
2019-03-25,7.5016575,2.714832
2019-03-26,-5.3273673,2.0099514
2019-03-27,0.98604494,1.880087
2019-03-28,7.525311,2.882616
2019-03-29,12.852467,2.3302166
2019-04-01,13.093552,3.005325
2019-04-02,0.42421064,1.3310039
2019-04-03,7.9349136,1.5000917
2019-04-04,0.34922898,1.9581829
2019-04-08,-6.1278815,2.814882
2019-04-09,5.4906297,1.4645113
2019-04-10,1.0188667,2.0852783
2019-04-11,-4.992863,2.837305
2019-04-12,4.286316,0.8502276
2019-04-15,-4.9098134,1.786245
2019-04-16,8.701892,0.38362664
2019-04-17,8.933363,1.7107168
2019-04-18,2.2610862,0.82849306
2019-04-19,2.6214457,2.3941185
2019-04-22,-2.389515,0.92383903
2019-04-23,1.8176256,1.7353157
2019-04-24,7.7348437,0.31041902
2019-04-25,0.29442242,-0.36909524
2019-04-26,4.784634,1.1862258
2019-04-29,-4.3462744,2.7712417
2019-04-30,6.409075,2.2363622
2019-05-06,-6.4835825,2.606724
2019-05-07,0.84567696,0.06546833
2019-05-08,10.416855,3.1596406
2019-05-09,5.3626847,1.4486432
2019-05-10,9.505514,1.2897751
2019-05-13,0.23675968,0.22453298
2019-05-14,6.336739,2.2822733
2019-05-15,7.986403,0.44920656
2019-05-16,2.8281672,2.360653
2019-05-17,-5.882822,2.2239287
2019-05-20,-1.0967487,2.1676648
2019-05-21,10.1729965,2.5201576
2019-05-22,1.0520273,0.077088214
2019-05-23,-3.9168122,1.9157448
2019-05-24,0.90118754,0.311028
2019-05-27,11.616801,1.8049679
2019-05-28,3.272162,0.7715958
2019-05-29,6.3741016,1.4699489
2019-05-30,-2.2882557,2.7080188
2019-05-31,3.9089577,0.58538914
2019-06-03,-3.0076904,2.083221
2019-06-04,-0.17903256,0.53104234
2019-06-05,-2.4888418,2.466419
2019-06-06,-4.9552436,2.3157797
2019-06-10,7.837251,1.4629819
2019-06-11,13.273426,2.5310757
2019-06-12,-1.4012712,1.5343338
2019-06-13,6.4738708,0.50099
2019-06-14,-0.6747537,0.0594523
2019-06-17,0.4308899,0.5862307
2019-06-18,6.231935,1.278914
2019-06-19,-4.40283,2.417532
2019-06-20,10.802097,2.2256417
2019-06-21,-4.049914,2.7417443
2019-06-24,-1.2913456,1.8026454
2019-06-25,-4.0177283,2.7850692
2019-06-26,8.703629,2.6375756
2019-06-27,8.8529825,2.586
2019-06-28,-3.472398,2.728745
2019-07-01,9.461076,1.9901583
2019-07-02,4.898602,0.84685755
2019-07-03,-2.8466117,1.7687609
2019-07-04,-1.7036368,1.5858816
2019-07-05,7.8640995,1.3276341
2019-07-08,-5.8432717,3.014895
2019-07-09,6.0521636,0.88949186
2019-07-10,-0.042961344,0.96985036
2019-07-11,1.3726059,-0.00017791726
2019-07-12,5.5053306,1.1575203
2019-07-15,11.377297,2.0817175
2019-07-16,3.0521328,1.2146491
2019-07-17,7.556688,2.0333526
2019-07-18,-1.4684939,1.9035615
2019-07-19,7.709944,2.8318574
2019-07-22,-4.021692,2.8333368
2019-07-23,8.094626,1.7448806
2019-07-24,8.331248,2.758925
2019-07-25,7.3794737,1.8094093
2019-07-26,2.334209,2.126122
2019-07-29,2.730888,1.9212188
2019-07-30,8.982297,2.9550536
2019-07-31,2.5774224,1.7200073
2019-08-01,5.7636847,1.3750463
2019-08-02,6.105425,1.1072627
2019-08-05,0.5716483,-0.25223556
2019-08-06,2.3398454,2.8074813
2019-08-07,-0.8232379,1.5996324
2019-08-08,8.044628,1.8412623
2019-08-09,-3.0727544,1.0672355
2019-08-12,6.7497706,0.47540772
2019-08-13,0.45502108,1.483733
2019-08-14,1.3230093,0.6463455
2019-08-15,10.545173,1.7882982
2019-08-16,9.567029,2.084474
2019-08-19,10.67484,1.5525048
2019-08-20,-0.6789685,0.67411655
2019-08-21,2.6182008,0.9449328
2019-08-22,0.38162273,2.1110277
2019-08-23,3.0088563,1.6744798
2019-08-26,2.9600947,0.8654709
2019-08-27,10.488947,3.0705242
2019-08-28,1.6075543,2.5513408
2019-08-29,1.4070274,1.4262145
2019-08-30,-0.54767835,0.06473571
2019-09-02,11.945011,2.3305252
2019-09-03,2.844491,1.7200137
2019-09-04,3.4083652,1.5278397
2019-09-05,8.624038,2.8281658
2019-09-06,-1.5970701,1.5910956
2019-09-09,8.324943,0.49479812
2019-09-10,0.76188797,2.3483913
2019-09-11,-3.4592676,1.9173415
2019-09-12,0.5204816,2.6112216
2019-09-16,3.057497,1.1880776
2019-09-17,-4.9179606,2.2573462
2019-09-18,1.3638413,2.1181457
2019-09-19,6.8326445,0.6385156
2019-09-20,2.1652427,0.72021824
2019-09-23,-3.832873,2.7583172
2019-09-24,7.911522,1.4756356
2019-09-25,0.6808354,1.4575517
2019-09-26,-6.10678,2.760062
2019-09-27,9.867055,2.5542846
2019-09-30,-0.5812032,2.1614754
2019-10-08,0.35907227,0.010809252
2019-10-09,3.3873053,2.2060072
2019-10-10,10.543411,2.0403545
2019-10-11,2.2489014,2.5302083
2019-10-14,4.2648215,0.42248747
2019-10-15,-1.6549789,2.2283292
2019-10-16,1.4581774,0.8447418
2019-10-17,3.2152174,0.9225629
2019-10-18,0.83794373,-0.11564479
2019-10-21,-1.165098,1.6287031
2019-10-22,6.2284365,0.97702646
2019-10-23,-1.5512937,1.208745
2019-10-24,2.480253,1.7355198
2019-10-25,7.8265953,0.54579675
2019-10-28,6.263599,0.41095415
2019-10-29,-0.40238947,0.78560436
2019-10-30,1.1212107,1.4660991
2019-10-31,-0.08142044,0.31384918
2019-11-01,7.3977013,0.67297846
2019-11-04,7.750806,2.261552
2019-11-05,6.920444,0.5939879
2019-11-06,-0.635357,0.5665493
2019-11-07,8.495124,2.7985473
2019-11-08,2.799007,0.62823313
2019-11-11,-3.7962193,1.860025
2019-11-12,0.5644678,2.496368
2019-11-13,5.861858,0.5230393
2019-11-14,6.5132456,0.56812555
2019-11-15,1.1861349,1.486898
2019-11-18,3.4667418,1.9437369
2019-11-19,11.999733,2.860026
2019-11-20,3.2221277,-0.0057228827
2019-11-21,3.156037,0.50979805
2019-11-22,-4.1994276,1.2986736
2019-11-25,-3.721389,2.592954
2019-11-26,3.3881812,2.190568
2019-11-27,6.356076,1.5768648
2019-11-28,4.2318196,0.4355708
2019-11-29,-1.3024071,1.8576912
2019-12-02,3.8931313,0.44132677
2019-12-03,2.1374323,2.789572
2019-12-04,4.2043643,0.77131516
2019-12-05,10.478009,2.2773767
2019-12-06,6.557606,0.6027808
2019-12-09,-1.4982978,2.1034768
2019-12-10,7.1365805,0.52743816
2019-12-11,-1.2646061,1.9600407
2019-12-12,6.5565968,1.8831202
2019-12-13,7.847052,1.5361404
2019-12-16,7.7680936,0.44368148
2019-12-17,8.918757,1.5988098
2019-12-18,0.72086793,1.2138644
2019-12-19,0.87181944,2.4495852
2019-12-20,-1.0151991,1.3735727
2019-12-23,-2.4583042,1.0787668
2019-12-24,8.6107435,1.1520158
2019-12-25,7.3516507,1.7561178
2019-12-26,3.0856185,1.2142702
2019-12-27,-0.3244072,-0.1616137
2019-12-30,9.573022,1.4190365
2019-12-31,5.7731,1.3809301
2020-01-02,9.562494,2.1758668
2020-01-03,2.1613812,1.497228
2020-01-06,11.4951,3.1924822
2020-01-07,9.194487,1.6329144
2020-01-08,0.94856,0.09136348
2020-01-09,8.815552,2.3229377
2020-01-10,-2.0696177,2.6245465
2020-01-13,7.9956217,0.8678538
2020-01-14,0.6097724,1.4332224
2020-01-15,0.8466648,2.4144292
2020-01-16,4.2606854,1.1741779
2020-01-17,3.392285,0.9054256
2020-01-20,11.221947,1.9208183
2020-01-21,0.700462,1.7433308
2020-01-22,8.691405,0.43892896
2020-01-23,-4.0440145,1.1385094
2020-02-03,13.10505,3.151296
2020-02-04,13.996348,2.8980389
2020-02-05,10.940105,3.2998314
2020-02-06,13.298849,2.5422761
2020-02-07,0.7609321,2.4538317
2020-02-10,6.7245245,1.7985013
2020-02-11,-1.3457714,2.8113508
2020-02-12,12.702871,2.533729
2020-02-13,-1.5928903,2.1167464
2020-02-14,7.1953564,2.8307776
2020-02-17,12.547224,2.798587
2020-02-18,2.9872947,2.1945357
2020-02-19,-0.640729,0.972722
2020-02-20,10.17486,1.398462
2020-02-21,11.663345,2.9540892
2020-02-24,9.896746,1.296237
2020-02-25,9.223944,1.2297087
2020-02-26,-4.8388195,2.206072
2020-02-27,6.817023,0.6722734
2020-02-28,-2.6581645,0.9356747
2020-03-02,8.711194,0.57942706
2020-03-03,7.327672,3.0283322
2020-03-04,0.91771686,0.5552051
2020-03-05,-0.2684248,3.0238256
2020-03-06,8.842452,2.6794744
2020-03-09,-4.0985084,1.5843104
2020-03-10,8.701739,0.4125652
2020-03-11,-4.3390265,1.7685059
2020-03-12,-4.15404,2.181541
2020-03-13,12.3050375,2.2253704
2020-03-16,-6.5037966,2.5228813
2020-03-17,-3.961501,3.1222804
2020-03-18,0.5879967,-0.5641222
2020-03-19,-3.5499985,2.9857957
2020-03-20,-2.9924104,2.6248908
2020-03-23,-0.9642453,0.6271548
2020-03-24,-0.4337672,2.2192767
2020-03-25,6.3033237,0.93894994
2020-03-26,7.5673246,2.745611
2020-03-27,-5.0674896,2.6093967
2020-03-30,-3.5245721,3.1282015
2020-03-31,0.843459,1.2388923
2020-04-01,7.0096564,2.771721
2020-04-02,10.492312,1.7237344
2020-04-03,4.132305,0.26677668
2020-04-07,8.345168,1.1668843
2020-04-08,3.8911529,1.2651321
2020-04-09,7.002854,0.5791398
2020-04-10,-5.30622,2.2618654
2020-04-13,-3.824638,2.5628173
2020-04-14,10.473797,1.8446528
2020-04-15,3.4653435,0.08514859
2020-04-16,10.484644,2.2310362
2020-04-17,3.8604472,0.32430622
2020-04-20,7.6016827,2.0113108
2020-04-21,-3.2659192,2.7429152
2020-04-22,8.552956,1.0556436
2020-04-23,-1.0380964,1.799638
2020-04-24,-2.6699357,1.1173142
2020-04-27,6.3940306,1.539667
2020-04-28,2.0373075,2.395784
2020-04-29,6.662624,2.482449
2020-04-30,9.683774,2.3169544
2020-05-06,10.656916,1.6948642
2020-05-07,1.2729505,1.5130196
2020-05-08,6.8019185,1.4469682
2020-05-11,-4.430062,2.0970607
2020-05-12,6.138995,0.84287965
2020-05-13,8.311493,1.6064923
2020-05-14,1.5703775,1.118989
2020-05-15,1.8438458,2.356355
2020-05-18,2.2178855,1.6615542
2020-05-19,3.469288,1.8853596
2020-05-20,-0.44660088,0.12649482
2020-05-21,0.1494086,-0.22659373
2020-05-22,-5.0432906,2.2617836
2020-05-25,3.248389,1.7994856
2020-05-26,11.043085,2.5912852
2020-05-27,-4.5830183,2.2935011
2020-05-28,-3.0686743,2.053078
2020-05-29,10.752537,2.9374373
2020-06-01,12.424283,2.6232736
2020-06-02,-2.0702121,2.50574
2020-06-03,1.9099647,1.5041701
2020-06-04,3.3247995,1.799344
2020-06-05,5.963522,0.7074227
2020-06-08,-3.2600772,1.8860154
2020-06-09,8.396606,2.174427
2020-06-10,7.19732,1.2060442
2020-06-11,4.354767,0.115461305
2020-06-12,12.246041,2.7843392
2020-06-15,7.4650245,2.8981173
2020-06-16,5.8837757,0.92956126
2020-06-17,2.4497313,1.058631
2020-06-18,2.2629454,2.4043422
2020-06-19,11.629862,2.55878
2020-06-22,7.7732935,2.813586
2020-06-23,9.409688,1.4043744
2020-06-24,-1.6751844,2.9379716
2020-06-29,1.7663206,0.50970787
2020-06-30,11.49446,3.1406686
2020-07-01,-3.402478,1.2555228
2020-07-02,2.6700997,1.045063
2020-07-03,8.35243,0.9302765
2020-07-06,11.544199,2.4516253
2020-07-07,13.18625,2.963559
2020-07-08,8.8601465,0.82104963
2020-07-09,13.077455,2.6823175
2020-07-10,8.685385,2.2964914
2020-07-13,13.10928,2.6211696
2020-07-14,-5.4876847,2.887911
2020-07-15,-0.561545,2.291558
2020-07-16,-6.426097,2.409476
2020-07-17,6.9657974,2.703793
2020-07-20,-3.8908074,3.1409543
2020-07-21,6.167874,0.8714329
2020-07-22,11.966885,3.3221889
2020-07-23,8.041057,0.4638659
2020-07-24,-6.597097,2.6030695
2020-07-27,3.127503,0.18409458
2020-07-28,-0.9294823,2.0489678
2020-07-29,13.484568,2.923676
2020-07-30,-0.84259146,0.7556574
2020-07-31,8.876315,2.5796478
2020-08-03,7.78487,1.3168303
2020-08-04,-2.539137,0.8068419
2020-08-05,6.798318,0.7301976
2020-08-06,-5.4688525,3.0063076
2020-08-07,-4.3158875,2.6489375
2020-08-10,2.0481873,2.8663645
2020-08-11,1.0159203,-0.38204336
2020-08-12,-6.126843,2.976643
2020-08-13,-1.6211455,2.2500527
2020-08-14,8.112086,1.6406794
2020-08-17,2.2933292,2.398381
2020-08-18,2.7548125,1.1684517
2020-08-19,-5.554903,2.6828668
2020-08-20,4.0057034,0.4904683
2020-08-21,7.9720006,2.5851617
2020-08-24,8.75235,0.7647795
2020-08-25,8.059738,2.8563704
2020-08-26,-3.9472337,1.1575409
2020-08-27,8.892873,1.4834654
2020-08-28,10.641073,1.5602148
2020-08-31,-0.8522838,0.8052054
2020-09-01,6.3016143,0.38228273
2020-09-02,7.277573,0.46567926
2020-09-03,2.6384919,0.25138676
2020-09-04,6.7197094,0.49007678
2020-09-07,-4.1113544,1.3618549
2020-09-08,1.9953111,2.7888799
2020-09-09,-5.9876795,3.0157282
2020-09-10,-3.4236453,1.1137798
2020-09-11,10.516621,2.1577296
2020-09-14,4.2274294,0.09000288
2020-09-15,6.8697386,0.8444404
2020-09-16,-4.2893567,2.5921066
2020-09-17,2.09582,2.8718705
2020-09-18,8.09761,0.37799037
2020-09-21,-2.8560095,1.6659085
2020-09-22,7.160286,2.5644891
2020-09-23,9.23859,1.5676761
2020-09-24,-3.0523653,2.0897274
2020-09-25,2.3825688,0.69685125
2020-09-28,-2.3573835,2.3334293
2020-09-29,7.8478165,1.5503064
2020-09-30,6.790327,2.5716472
2020-10-09,10.08384,2.5548797
2020-10-12,11.769223,2.3724337
2020-10-13,2.522403,2.413066
2020-10-14,0.5528385,1.2640452
2020-10-15,-1.1024781,1.8766159
2020-10-16,-0.05899233,1.56613
2020-10-19,-4.3025484,1.903695
2020-10-20,9.1870365,1.2793953
2020-10-21,-4.1389027,2.7458653
2020-10-22,-0.6486094,2.8148582
2020-10-23,-3.8947334,1.11544
2020-10-26,7.3621774,1.8699268
2020-10-27,9.04124,2.4268324
2020-10-28,8.036074,0.4654379
2020-10-29,11.232091,1.966773
2020-10-30,-3.0426002,1.5021781
2020-11-02,9.758465,1.7829353
2020-11-03,7.084002,0.9167563
2020-11-04,3.4032345,1.6147848
2020-11-05,1.8574555,2.6826763
2020-11-06,-5.7877693,3.0057383
2020-11-09,11.990303,2.9250789
2020-11-10,-3.8792171,2.5560856
2020-11-11,-5.343239,2.437856
2020-11-12,4.054959,0.70089626
2020-11-13,7.151391,1.9420214
2020-11-16,-0.17290874,2.0149837
2020-11-17,-5.608858,2.9554908
2020-11-18,-3.6665046,2.1735423
2020-11-19,7.8957105,1.2754265
2020-11-20,7.5353856,2.1540272
2020-11-23,7.0478425,0.64696985
2020-11-24,0.09660155,1.413683
2020-11-25,-4.4758773,2.5791523
2020-11-26,-0.7864516,2.2742033
2020-11-27,2.4533844,0.85778654
2020-11-30,6.665967,1.5776666
2020-12-01,11.997672,2.8096163
2020-12-02,-0.6560661,2.7612798
2020-12-03,9.491448,2.019872
2020-12-04,7.8383694,1.1356161
2020-12-07,4.694773,1.1869336
2020-12-08,7.2422137,2.1113095
2020-12-09,-2.5935757,1.0588682
2020-12-10,9.721272,2.0441544
2020-12-11,-3.7156646,1.7931285
2020-12-14,7.975482,1.1756551
2020-12-15,8.013955,1.5259612
2020-12-16,1.6430664,2.260011
2020-12-17,8.129298,1.0540296
2020-12-18,1.2621393,1.2876098
2020-12-21,12.685842,2.4992647
2020-12-22,0.3253255,-0.34154385
2020-12-23,7.5664573,1.9025849
2020-12-24,0.5908943,1.147524
2020-12-25,6.6392417,0.41616336
2020-12-28,1.7300963,1.291501
2020-12-29,1.017467,1.5172185
2020-12-30,12.882136,2.948963
2020-12-31,9.996169,2.4574294
2021-01-04,13.550336,2.9486854
2021-01-05,8.84611,2.4158723
2021-01-06,-1.0075674,2.8002992
2021-01-07,7.947687,1.0346993
2021-01-08,-3.6601474,2.6685295
2021-01-11,-4.0889173,2.0601075
2021-01-12,10.91997,1.6578538
2021-01-13,-3.903423,1.4151881
2021-01-14,1.1149645,1.4121749
2021-01-15,0.13162787,2.5203893
2021-01-18,12.060654,2.8695478
2021-01-19,-3.4169607,1.1194376
2021-01-20,12.829217,3.0492458
2021-01-21,11.397103,2.0082204
2021-01-22,9.480181,1.1904296
2021-01-25,7.2448387,2.2976
2021-01-26,-5.424355,2.7954962
2021-01-27,2.1346133,2.502387
2021-01-28,-2.8251264,0.95859355
2021-01-29,-5.121866,2.0910797
2021-02-01,8.568087,2.596624
2021-02-02,9.811695,1.8111885
2021-02-03,3.4850786,0.7292855
2021-02-04,2.070634,1.2145196
2021-02-05,6.308443,2.245111
2021-02-08,2.772669,1.4881992
2021-02-09,13.61262,2.7307706
2021-02-10,10.680173,1.6538543
2021-02-18,-6.7135525,2.8481534
2021-02-19,-3.7647908,3.1999404
2021-02-22,-6.0574,2.4910724
2021-02-23,5.1966195,1.4296852
2021-02-24,-6.3789563,2.7516575
2021-02-25,-3.6907887,1.8448441
2021-02-26,-3.7779322,2.6276097
2021-03-01,7.9051576,1.5150807
2021-03-02,-4.491379,1.9960562
2021-03-03,8.203405,1.0916551
2021-03-04,-6.4953465,2.8262482
2021-03-05,12.276533,2.8792782
2021-03-08,-6.4623427,2.4681532
2021-03-09,-3.5932977,2.0538087
2021-03-10,-0.4747413,1.6370676
2021-03-11,11.962213,3.211568
2021-03-12,-1.03184,2.9702122
2021-03-15,-6.4262204,2.7621853
2021-03-16,3.6562085,1.904703
2021-03-17,10.692817,2.8013291
2021-03-18,8.622173,2.698789
2021-03-19,-2.6301541,0.8823111
2021-03-22,6.7521663,2.116462
2021-03-23,-3.058286,2.054164
2021-03-24,0.011174095,0.5180011
2021-03-25,10.287007,2.2544122
2021-03-26,12.457588,2.442594
2021-03-29,3.4136903,0.45544174
2021-03-30,10.481767,2.8612902
2021-03-31,0.8391038,2.4202151
2021-04-01,10.04617,2.5169733
2021-04-02,7.940467,2.7050972
2021-04-06,-3.6616945,2.82174
2021-04-07,-4.23025,3.1093142
2021-04-08,9.751092,2.545446
2021-04-09,-3.6020637,2.6457036
2021-04-12,-4.3328214,1.7907454
2021-04-13,10.626791,3.275513
2021-04-14,10.273038,2.4898322
2021-04-15,-0.29397246,2.8058362
2021-04-16,-3.2470555,3.1608837
2021-04-19,13.625471,2.9297175
2021-04-20,6.5609975,1.6255423
2021-04-21,9.960031,2.139346
2021-04-22,2.2451575,2.1777565
2021-04-23,11.820142,3.1075816
2021-04-26,0.58123964,-0.49464014
2021-04-27,6.216481,0.80304796
2021-04-28,10.87769,2.6669216
2021-04-29,2.261258,2.5548315
2021-04-30,9.8618555,2.7212312
2021-05-06,-5.3304396,3.05085
2021-05-07,-5.2398906,1.918342
2021-05-10,4.214343,0.24534173
2021-05-11,7.6756105,0.44429484
2021-05-12,8.311724,0.55374795
2021-05-13,6.131975,1.474721
2021-05-14,11.8458605,2.2259343
2021-05-17,11.903183,3.2157505
2021-05-18,-0.7873285,2.0992413
2021-05-19,10.189623,2.820463
2021-05-20,8.551135,1.8633509
2021-05-21,-3.6599407,2.8151176
2021-05-24,6.3147182,0.33299145
2021-05-25,11.961232,2.6623235
2021-05-26,-1.8076695,2.5410242
2021-05-27,7.3892555,1.7620671
2021-05-28,7.504711,3.0399132
2021-05-31,10.705524,2.7952974
2021-06-01,2.5275939,2.4422135
2021-06-02,-5.052316,2.4719365
2021-06-03,0.63124174,0.2511408
2021-06-04,11.647204,3.2205095
2021-06-07,-1.3573574,2.873703
2021-06-08,1.0259686,-0.20242229
2021-06-09,3.6457458,1.3880721
2021-06-10,11.880505,3.2587562
2021-06-11,2.0972495,2.1120462
2021-06-15,-2.366446,2.2872102
2021-06-16,-6.38984,2.721246
2021-06-17,10.741916,2.841847
2021-06-18,8.640915,2.217366
2021-06-21,8.764509,2.831963
2021-06-22,1.6748848,2.606169
2021-06-23,9.493541,2.1021998
2021-06-24,-3.5683198,2.6219497
2021-06-25,10.409603,1.8930978
2021-06-28,11.25151,3.1823123
2021-06-29,-2.0187352,2.3723788
2021-06-30,10.525605,2.1497002
2021-07-01,-1.2437366,2.8089104
2021-07-02,-6.0419254,2.6218712
2021-07-05,6.2749577,2.09866
2021-07-06,-5.345206,2.3717053
2021-07-07,13.513644,2.8168836
2021-07-08,6.215113,2.123974
2021-07-09,1.7948477,2.6171417
2021-07-12,12.0794935,3.0767548
2021-07-13,-0.026256904,2.0269186
2021-07-14,2.4841213,1.5167888
2021-07-15,9.206786,1.1716115
2021-07-16,-3.9876463,1.9364673
2021-07-19,5.470532,1.3262228
2021-07-20,8.32118,1.9497533
2021-07-21,11.904718,2.361141
2021-07-22,-2.1348097,2.7360907
2021-07-23,-4.8197184,2.6879563
2021-07-26,-5.5675764,2.5116105
2021-07-27,0.22896485,-0.35143068
2021-07-28,10.922302,2.6919658
2021-07-29,11.115144,1.6860675
2021-07-30,1.0246772,1.3467408
2021-08-02,8.296079,0.6081336
2021-08-03,-0.7636226,2.0038528
2021-08-04,11.914867,2.4791462
2021-08-05,0.30267447,1.6320436
2021-08-06,-4.030775,2.4918454
2021-08-09,-0.50855,2.7571244
2021-08-10,2.4657454,0.87922
2021-08-11,-0.63336474,1.8495218
2021-08-12,-2.4514396,1.7097238
2021-08-13,3.8447819,-0.066969365
2021-08-16,-0.23387684,0.9311324
2021-08-17,-3.9373393,1.1219566
2021-08-18,4.4397335,0.83977216
2021-08-19,7.8580346,0.94111866
2021-08-20,-5.216864,2.4131203
2021-08-23,12.049039,2.5750074
2021-08-24,9.147758,2.3102295
2021-08-25,1.9959664,2.6669855
2021-08-26,-5.2757473,2.673566
2021-08-27,3.641825,0.2922308
2021-08-30,4.1189303,0.06923294
2021-08-31,-5.1186543,2.9038606
2021-09-01,-1.3077031,3.0178678
2021-09-02,-2.8190067,1.3533326
2021-09-03,-2.740145,1.0137733
2021-09-06,13.434356,2.8429906
2021-09-07,8.014536,1.0972202
2021-09-08,-1.9946479,0.7847018
2021-09-09,-0.013084947,2.2917957
2021-09-10,6.5793395,0.46764863
2021-09-13,-2.726973,1.6075232
2021-09-14,10.859756,3.3042507
2021-09-15,-1.3916776,1.3581944
2021-09-16,-4.80162,2.5301523
2021-09-17,10.469811,1.5324808
2021-09-22,5.326547,1.4149265
2021-09-23,2.3441436,1.0406148
2021-09-24,9.835109,2.9884195
2021-09-27,7.873354,2.9047816
2021-09-28,4.218652,0.05927765
2021-09-29,1.2617927,1.1565653
2021-09-30,10.720383,2.2986794
2021-10-08,-1.8535656,2.3645782
2021-10-11,-2.9502277,1.262205
2021-10-12,-3.2262013,1.0177612
2021-10-13,10.436076,1.6234405
2021-10-14,6.772648,2.3006759
2021-10-15,10.937939,2.3915832
2021-10-18,-1.1990924,2.9917347
2021-10-19,4.3377924,1.3228419
2021-10-20,2.81978,0.92094195
2021-10-21,-0.8825387,1.2606698
2021-10-22,3.3505828,1.0734327
2021-10-25,9.999178,2.4984972
2021-10-26,-1.6346363,1.1474147
2021-10-27,-2.0113318,2.378499
2021-10-28,0.88956296,-0.046719335
2021-10-29,8.602678,0.59980756
2021-11-01,1.5675492,2.0256262
2021-11-02,4.3359294,0.23751801
2021-11-03,4.2549424,0.49213827
2021-11-04,7.2750335,2.378975
2021-11-05,6.7420177,2.4069152
2021-11-08,8.125479,1.8576641
2021-11-09,6.0028515,0.8242255
2021-11-10,0.061622445,2.8372223
2021-11-11,8.795837,2.5384798
2021-11-12,2.2122755,2.0472465
2021-11-15,-1.7851889,2.5661287
2021-11-16,3.6225576,0.605013
2021-11-17,7.5917854,2.0689738
2021-11-18,-0.8371058,2.1130307
2021-11-19,7.690523,1.0640305
2021-11-22,10.7507105,2.2054598
2021-11-23,1.2899276,1.7042763
2021-11-24,0.8072171,1.2209985
2021-11-25,3.009559,2.0401535
2021-11-26,2.3849504,0.6877737
2021-11-29,9.069761,2.7924967
2021-11-30,-0.5954671,2.1146789
2021-12-01,0.13640971,1.8562623
2021-12-02,3.78221,1.0341977
2021-12-03,2.9091363,2.1357205
2021-12-06,-1.4880086,0.49750936
2021-12-07,-5.3998494,2.9459732
2021-12-08,9.6651945,2.241058
2021-12-09,9.484558,1.9777162
2021-12-10,7.6838694,1.5649325
2021-12-13,7.710403,1.314045
2021-12-14,5.504598,1.4990231
2021-12-15,2.7246475,0.08588135
2021-12-16,5.807018,0.7734406
2021-12-17,-3.515221,2.256384
2021-12-20,-5.541475,2.4327316
2021-12-21,2.7963142,2.452387
2021-12-22,5.998087,1.5707251
2021-12-23,1.6171174,1.8825526
2021-12-24,-5.5708666,2.8126457
2021-12-27,4.3021903,0.27521247
2021-12-28,6.0907063,0.5295105
2021-12-29,-2.370588,2.2093458
2021-12-30,9.58701,2.6819992
2021-12-31,0.031113995,1.726752
2022-01-04,-6.061872,3.0309737
2022-01-05,-6.1488333,2.885487
2022-01-06,-0.4940403,2.6024258
2022-01-07,-1.3096647,2.167635
2022-01-10,2.957677,0.6736524
2022-01-11,-2.6850197,1.7748322
2022-01-12,9.167448,2.290456
2022-01-13,-3.7838895,1.90516
2022-01-14,9.634147,2.6631064
2022-01-17,11.847995,2.7188003
2022-01-18,1.2676538,0.2648748
2022-01-19,-5.10815,2.3560205
2022-01-20,3.6638515,1.0584567
2022-01-21,-0.64560413,1.1669458
2022-01-24,8.593928,1.7604116
2022-01-25,-1.5569348,0.40152663
2022-01-26,2.754891,1.8639593
2022-01-27,-4.397137,1.6215596
2022-01-28,1.6987671,2.093513
2022-02-07,-4.1887493,1.9586079
2022-02-08,-6.3635573,2.943681
2022-02-09,8.265124,0.60206145
2022-02-10,-5.9250875,3.055364
2022-02-11,-3.5367036,1.1075886
2022-02-14,3.5146163,-0.013835194
2022-02-15,11.898459,2.771233
2022-02-16,3.267298,0.4531295
2022-02-17,9.667966,2.633015
2022-02-18,3.2377548,1.4940913
2022-02-21,-2.3431935,2.0826995
2022-02-22,-1.3108091,2.351354
2022-02-23,11.8201685,2.5366836
2022-02-24,0.46442387,-0.17104796
2022-02-25,9.316233,3.0162196
2022-02-28,6.0915356,0.65410346
2022-03-01,0.23501529,1.9752641
2022-03-02,-3.8008652,2.9966872
2022-03-03,-4.974489,2.731497
2022-03-04,0.8924099,-0.19334567
2022-03-07,-6.4671855,2.8136199
2022-03-08,-1.080858,2.101209
2022-03-09,-5.5038085,2.750431
2022-03-10,4.287507,1.0472244
2022-03-11,9.282147,1.0018368
2022-03-14,-3.136972,1.0023911
2022-03-15,7.40504,3.0323384
2022-03-16,8.842663,0.39224526
2022-03-17,11.406242,3.2120986
2022-03-18,1.9912057,2.9507399
2022-03-21,2.4258714,0.41115418
2022-03-22,-1.9668716,2.096865
2022-03-23,3.6551983,1.1310927
2022-03-24,2.353648,2.9103522
2022-03-25,-4.001086,1.520353
2022-03-28,-3.5404835,2.0394888
2022-03-29,3.4223325,0.20905265
2022-03-30,12.380364,2.5589426
2022-03-31,-1.8008974,2.6590793
2022-04-01,9.871475,2.8298326
2022-04-06,-2.1591148,2.0962946
2022-04-07,-3.262302,1.9445829
2022-04-08,1.6303589,1.442699
2022-04-11,-6.042818,2.9956226
2022-04-12,9.402349,1.2263434
2022-04-13,1.3721299,1.3909639
2022-04-14,-3.5613163,2.9293318
2022-04-15,7.6157007,0.32686862
2022-04-18,10.161352,1.8066258
2022-04-19,-1.0862719,0.44094852
2022-04-20,-6.397514,2.8128695
2022-04-21,-0.37571022,-0.012146979
2022-04-22,5.312034,1.2880948
2022-04-25,-3.8924737,1.3454468
2022-04-26,7.155351,2.7954342
2022-04-27,13.54954,2.441404
2022-04-28,-1.2819822,0.6393183
2022-04-29,11.5958185,1.7131082
2022-05-05,8.497818,1.492642
2022-05-06,8.735568,2.8427129
2022-05-09,1.0601898,-0.14423263
2022-05-10,13.087841,2.9839735
2022-05-11,13.655458,3.0635931
2022-05-12,7.7290955,2.272722
2022-05-13,-1.3571287,2.799032
2022-05-16,-3.397125,1.9355026
2022-05-17,9.6446295,2.1183498
2022-05-18,3.1755505,1.8678044
2022-05-19,10.218294,1.4250904
2022-05-20,8.033113,1.0804129
2022-05-23,-1.4536451,2.9526534
2022-05-24,-5.836956,2.294468
2022-05-25,2.5675716,1.5832582
2022-05-26,1.4886026,2.346125
2022-05-27,0.81571376,-0.29012844
2022-05-30,6.4102845,1.5838459
2022-05-31,10.822693,1.5434219
2022-06-01,7.241292,2.001712
2022-06-02,10.3156,2.6313908
2022-06-06,13.629509,3.0005352
2022-06-07,2.2360256,1.0351713
2022-06-08,0.143957,2.5931888
2022-06-09,-4.6028433,2.0903447
2022-06-10,11.958128,2.3818326
2022-06-13,4.770807,0.87852365
2022-06-14,-0.8859682,3.0668087
2022-06-15,10.06524,1.4765272
2022-06-16,7.561548,2.565299
2022-06-17,13.034724,2.8187153
2022-06-20,10.750485,2.8678236
2022-06-21,-1.1043869,1.4026419
2022-06-22,3.4923735,0.23016202
2022-06-23,10.554231,1.4807839
2022-06-24,9.412842,1.9555587
2022-06-27,3.8574662,0.6021025
2022-06-28,-0.6144553,3.209787
2022-06-29,-1.388263,0.2841661
2022-06-30,10.318303,2.408311
2022-07-01,-2.2900739,1.06178
2022-07-04,11.486334,2.4796672
2022-07-05,-3.4744518,2.443699
2022-07-06,0.9425273,-0.2238995
2022-07-07,9.745941,2.1247668
2022-07-08,-3.564417,1.5867012
2022-07-11,-5.3630157,2.9797034
2022-07-12,-4.9091287,2.376224
2022-07-13,8.758514,0.9485213
2022-07-14,13.20169,3.0507815
2022-07-15,0.23968497,-0.2731158
2022-07-18,8.405398,0.8532639
2022-07-19,-4.430695,2.5515053
2022-07-20,4.176516,0.49969617
2022-07-21,6.4969463,2.3586633
2022-07-22,-3.8900008,1.6064278
2022-07-25,-1.8090855,1.8432156
2022-07-26,3.516222,0.9942445
2022-07-27,3.4206362,1.3674865
2022-07-28,-0.63110906,0.7255498
2022-07-29,-3.2777777,2.1171403
2022-08-01,12.092635,2.4033947
2022-08-02,-1.4775145,2.8195755
2022-08-03,-3.5475838,1.4750545
2022-08-04,2.0363622,0.79552126
2022-08-05,8.149133,1.7555239
2022-08-08,4.0804076,1.2761779
2022-08-09,6.3761835,1.4268192
2022-08-10,-2.2822595,1.2619591
2022-08-11,10.313603,1.379149
2022-08-12,-0.7348891,1.9032955
2022-08-15,9.143049,2.6959867
2022-08-16,7.6277013,2.8839588
2022-08-17,8.771586,0.99614507
2022-08-18,5.303348,1.3331593
2022-08-19,-2.638488,1.8536714
2022-08-22,10.345827,2.2694247
2022-08-23,4.160829,0.6297972
2022-08-24,-6.53206,2.7965539
2022-08-25,-2.5923169,2.5929224
2022-08-26,0.93710625,-0.11529449
2022-08-29,5.3742256,1.3406903
2022-08-30,-1.5395632,2.753505
2022-08-31,-3.2027028,2.4035301
2022-09-01,0.5774714,-0.016255282
2022-09-02,1.0223157,0.8920037
2022-09-05,3.8337302,1.0782956
2022-09-06,-0.71453565,3.0246086
2022-09-07,10.828934,3.0136037
2022-09-08,-3.8888438,1.9386775
2022-09-09,6.7809,1.0157986
2022-09-13,0.10711202,1.959651
2022-09-14,-1.0943382,1.4473855
2022-09-15,-6.384784,2.8057694
2022-09-16,-2.9955099,1.4511063
2022-09-19,1.269361,0.13811065
2022-09-20,4.327993,0.19347776
2022-09-21,-1.5861099,2.6419578
2022-09-22,4.3867764,0.49898502
2022-09-23,0.55194396,2.799766
2022-09-26,11.106195,3.2806654
2022-09-27,8.999361,1.1516216
2022-09-28,-4.4356146,2.591969
2022-09-29,3.4753988,0.49256313
2022-09-30,-2.33093,1.3006811
2022-10-10,-4.488013,1.9202996
2022-10-11,6.131441,1.712383
2022-10-12,8.815434,0.4411452
2022-10-13,9.959018,2.87636
2022-10-14,11.003512,1.7546871
2022-10-17,3.837721,1.8447121
2022-10-18,1.5965983,2.1786208
2022-10-19,2.7686033,0.09902384
2022-10-20,1.711963,2.391616
2022-10-21,-0.6479797,1.8951862
2022-10-24,-5.125775,2.1936588
2022-10-25,1.1678337,2.5008495
2022-10-26,11.951996,3.2654552
2022-10-27,-4.3577995,2.5998485
2022-10-28,-4.863852,2.0124638
2022-10-31,10.581586,3.1891541
2022-11-01,10.342527,1.7702123
2022-11-02,11.32797,2.0969574
2022-11-03,7.957548,2.6839306
2022-11-04,12.972821,2.6921697
2022-11-07,4.354047,1.1157949
2022-11-08,-3.3641913,2.47816
2022-11-09,-1.9422315,1.7724274
2022-11-10,-2.6191747,2.0588143
2022-11-11,-5.9607024,3.0151541
2022-11-14,-2.828039,1.2705544
2022-11-15,11.596825,2.1566257
2022-11-16,-1.6731673,0.765084
2022-11-17,-3.529331,2.8959947
2022-11-18,6.627667,2.4463105
2022-11-21,6.5464463,1.0011227
2022-11-22,-3.6447337,1.5968741
2022-11-23,1.2951374,2.8196135
2022-11-24,0.8675754,1.2606151
2022-11-25,-1.3924258,1.7736862
2022-11-28,6.950702,1.0264871
2022-11-29,9.924949,2.1194394
2022-11-30,2.2404401,1.3239933
2022-12-01,4.3532124,0.6369842
2022-12-02,6.3153577,2.1786325
2022-12-05,-2.076844,2.015073
2022-12-06,8.198289,2.6817198
2022-12-07,9.746267,2.8851185
2022-12-08,3.3318975,1.303885
2022-12-09,2.5803583,2.4459734
2022-12-12,1.3958881,1.4590378
2022-12-13,-2.5007246,2.4479687
2022-12-14,0.28623667,1.4865997
2022-12-15,7.3853793,0.75613165
2022-12-16,-0.78203386,1.1918894
2022-12-19,-2.764677,1.077665
2022-12-20,-2.3321896,1.9296772
2022-12-21,0.9437682,0.5897139
2022-12-22,-0.09466402,0.35978583
2022-12-23,3.9438097,0.55243254
2022-12-26,10.082359,2.571709
2022-12-27,7.5758758,0.4340435
2022-12-28,0.30102628,2.029022
2022-12-29,9.631294,2.7077658
2022-12-30,1.8938394,0.76069957
2023-01-03,7.015885,0.27282813
2023-01-04,-0.8610675,1.0539354
2023-01-05,11.087892,2.0150292
2023-01-06,9.49372,2.6068993
2023-01-09,4.2636743,0.757736
2023-01-10,8.926204,1.2340494
2023-01-11,-1.365144,0.9939874
2023-01-12,3.813015,0.79978657
2023-01-13,3.3857205,1.5668145
2023-01-16,11.585802,3.1893117
2023-01-17,4.038052,0.79783815
2023-01-18,0.3580585,1.7804384
2023-01-19,8.001602,1.2610788
2023-01-20,2.8459494,1.7865059
2023-01-30,-4.220897,2.343276
2023-01-31,-1.742172,0.6995338
2023-02-01,2.7966404,2.5075243
2023-02-02,-0.043194063,0.32584763
2023-02-03,-1.661609,2.8648815
2023-02-06,-2.4103892,2.5138328
2023-02-07,-1.254447,1.6829208
2023-02-08,0.85773087,0.5455725
2023-02-09,10.492385,2.2300904
2023-02-10,-2.7471182,1.9992534
2023-02-13,8.783051,2.415257
2023-02-14,-2.0615976,2.45709
2023-02-15,-1.1512253,1.792989
2023-02-16,0.5548882,-0.36499617
2023-02-17,-4.5802298,2.3092465
2023-02-20,7.8588047,0.3393903
2023-02-21,0.3972297,0.9400055
2023-02-22,1.9207555,0.52485156
2023-02-23,4.2387733,0.6798784
2023-02-24,-3.317383,2.467789
2023-02-27,1.2660402,0.6039649
2023-02-28,2.5756023,1.1363703
2023-03-01,6.087959,1.1044176
2023-03-02,-1.7738055,1.4828312
2023-03-03,1.3226417,2.2362258
2023-03-06,1.4490561,2.6353748
2023-03-07,-3.026378,1.2963061
2023-03-08,2.7615662,0.917318
2023-03-09,2.1793506,1.3153896
2023-03-10,5.873736,0.78971666
2023-03-13,0.004072436,1.8053739
2023-03-14,-1.2564534,3.0667934
2023-03-15,0.39635393,0.23649152
2023-03-16,-1.016153,0.7115669
2023-03-17,-0.8968514,1.555765
2023-03-20,3.0986724,0.5535465
2023-03-21,8.43218,1.2459501
2023-03-22,2.486602,0.75512207
2023-03-23,7.8783474,1.9278278
2023-03-24,3.4361691,1.4315717
2023-03-27,8.572768,2.2163258
2023-03-28,-1.6803031,1.7893469
2023-03-29,3.4678795,1.0629624
2023-03-30,3.102365,2.1795995
2023-03-31,2.9947593,2.0614142
2023-04-03,9.497781,1.9000441
2023-04-04,-2.12655,2.6627169
2023-04-06,6.1644793,0.8867533
2023-04-07,7.931399,2.4734473
2023-04-10,0.4360456,1.7559401
2023-04-11,1.4856278,0.09593853
2023-04-12,-0.7122504,2.3614457
2023-04-13,1.5190799,0.7519331
2023-04-14,5.935774,0.94383055
2023-04-17,3.7047474,1.133226
2023-04-18,0.68954444,1.7383727
2023-04-19,0.02867138,1.4319844
2023-04-20,-2.5510857,2.0694182
2023-04-21,-3.5025356,1.160418
2023-04-24,-4.1971803,2.210567
2023-04-25,-5.393808,2.9671154
2023-04-26,10.85261,2.514047
2023-04-27,7.6431303,1.9626634
2023-04-28,3.0102658,1.6629065
2023-05-04,-2.8104088,2.29009
2023-05-05,-3.0701272,2.45573
2023-05-08,1.031526,2.3917408
2023-05-09,-0.85850936,0.82593805
2023-05-10,7.424871,0.5573481
2023-05-11,6.8769717,2.4398265
2023-05-12,-0.2007303,0.4792189
2023-05-15,8.998406,2.1857219
2023-05-16,-0.75683576,1.4826953
2023-05-17,1.2298605,1.2684585
2023-05-18,-1.8593252,1.5497584
2023-05-19,4.4486885,1.2945889
2023-05-22,1.5677559,1.1381556
2023-05-23,-0.5296,0.801053
2023-05-24,5.89443,1.5767903
2023-05-25,2.5231962,0.84395564
2023-05-26,-1.5010359,2.8730366
2023-05-29,-3.7313921,2.568862
2023-05-30,2.7596495,1.9834629
2023-05-31,-1.3937937,1.7066838
2023-06-01,8.309024,2.7924628
2023-06-02,7.505391,1.8093646
2023-06-05,-4.0008736,2.8216014
2023-06-06,-2.2701437,1.5250077
2023-06-07,-3.8715,2.5216358
2023-06-08,1.6995362,1.0086955
2023-06-09,2.8668423,2.1720786
2023-06-12,7.4435673,0.52496964
2023-06-13,6.95225,0.9799581
2023-06-14,1.7971646,1.0173672
2023-06-15,11.959078,2.137337
2023-06-16,7.892106,0.49916846
2023-06-19,1.9784144,1.8803523
2023-06-20,5.8037543,0.93891865
2023-06-21,-4.493102,2.3221338
2023-06-26,1.6057413,2.1969888
2023-06-27,3.00283,1.8621085
2023-06-28,-0.6473242,2.543567
2023-06-29,5.470653,1.3169352
2023-06-30,10.678942,2.3572206
2023-07-03,3.9179914,1.3465111
2023-07-04,3.0282226,1.7775681
2023-07-05,-1.1576242,0.96472377
2023-07-06,0.80937004,-0.039826766
2023-07-07,0.4095266,1.6128609
2023-07-10,7.8891435,2.7831962
2023-07-11,6.023508,0.46388578
2023-07-12,-0.626738,0.8972351
2023-07-13,8.901212,2.5100014
2023-07-14,-0.893756,2.0298357
2023-07-17,-1.3047582,1.9024873
2023-07-18,0.40190575,1.8508645
2023-07-19,-2.5377352,2.1897738
2023-07-20,-0.26458856,0.22798644
2023-07-21,6.3437333,2.0280151
2023-07-24,1.3127893,0.3912384
2023-07-25,6.038255,0.44572297
2023-07-26,3.8018208,1.3274404
2023-07-27,1.0973419,0.28888348
2023-07-28,10.393006,1.4926432
2023-07-31,6.304758,2.2154958
2023-08-01,0.52773255,0.24165902
2023-08-02,2.324856,0.5424751
2023-08-03,8.177927,1.7145936
2023-08-04,1.8793979,2.5888367
2023-08-07,-1.2398871,1.841535
2023-08-08,1.6365817,1.2973334
2023-08-09,4.263767,1.0699475
2023-08-10,3.788563,1.7075977
2023-08-11,-4.92884,2.3676436
2023-08-14,-0.6358538,2.9093885
2023-08-15,-2.806155,2.3500824
2023-08-16,4.2809796,0.373227
2023-08-17,6.3026466,0.318927
2023-08-18,0.5498049,-0.09917664
2023-08-21,-1.5856133,1.4804131
2023-08-22,-3.3278227,2.790395
2023-08-23,-2.4261885,1.4519206
2023-08-24,9.120142,1.6639931
2023-08-25,0.588142,0.65088236
2023-08-28,-6.830535,2.8421822
2023-08-29,13.180843,2.91006
2023-08-30,4.0063944,0.6171149
2023-08-31,0.20385008,1.7174133
2023-09-01,-0.7984231,1.2362589
2023-09-04,2.5856712,1.9736233
2023-09-05,2.7654777,0.9679839
2023-09-06,0.9475217,2.4180553
2023-09-07,-4.2601805,2.1105707
2023-09-08,1.1688591,2.4166937
2023-09-11,6.8848877,0.59101546
2023-09-12,1.4573162,0.9443179
2023-09-13,-3.217336,2.003935
2023-09-14,-0.51982075,1.8302014
2023-09-15,0.30772096,1.1069065
2023-09-18,7.979469,2.6766355
2023-09-19,-1.43273,2.2913446
2023-09-20,0.64336187,1.4785105
2023-09-21,0.5536798,0.99118614
2023-09-22,10.595331,1.8283863
2023-09-25,2.5429444,1.4440975
2023-09-26,0.34133586,1.2105446
2023-09-27,8.852397,2.641347
2023-09-28,0.7657103,2.0591812
2023-10-09,0.46342123,2.3733735
2023-10-10,-1.0163561,1.3773441
2023-10-11,6.709727,2.4848244
2023-10-12,1.1033831,2.6074624
2023-10-13,-1.1124383,2.1707685
2023-10-16,-4.931985,2.6658654
2023-10-17,2.8819199,1.3013139
2023-10-18,-2.0643628,2.059782
2023-10-19,1.513277,0.304808
2023-10-20,0.76298445,0.29263395
2023-10-23,-4.027807,2.4906752
2023-10-24,6.3184543,1.4601446
2023-10-25,-3.4099326,1.9370911
2023-10-26,6.5791507,0.3880058
2023-10-27,12.438359,2.4563234
2023-10-30,12.551048,2.725125
2023-10-31,0.3388037,1.9994099
2023-11-01,-0.8730506,2.1899097
2023-11-02,-1.101874,0.775684
2023-11-03,9.682085,2.5607238
2023-11-06,12.063831,2.8866045
2023-11-07,0.9117882,2.5448453
2023-11-08,4.542288,0.35045484
2023-11-09,2.7109153,1.2364355
2023-11-10,1.3375853,1.6091046
2023-11-13,-1.220295,2.26059
2023-11-14,1.356868,0.3678165
2023-11-15,-2.1115599,1.936584
2023-11-16,-4.2098317,2.6595135
2023-11-17,5.968,1.0048796
2023-11-20,2.3787992,2.4605865
2023-11-21,0.85494995,0.37077004
2023-11-22,-1.065442,0.87002975
2023-11-23,5.8443913,0.6663698
2023-11-24,-2.3408282,2.2119117
2023-11-27,-0.01389904,2.406318
2023-11-28,5.5953884,1.1388034
2023-11-29,-1.0178009,1.0237712
2023-11-30,3.7654312,1.055394
2023-12-01,1.891244,2.902703
2023-12-04,-0.86924154,1.1298515
2023-12-05,-2.2424636,1.4697962
2023-12-06,8.96065,2.8449025
2023-12-07,2.4553275,2.5143285
2023-12-08,6.901564,0.53414243
2023-12-11,7.841235,0.2970581
2023-12-12,0.66750807,1.5591803
2023-12-13,-2.621103,1.390539
2023-12-14,-1.1019338,0.6782868
2023-12-15,-1.4511775,0.63479155
2023-12-18,-1.7426233,0.6853012
2023-12-19,4.344144,1.1067128
2023-12-20,-2.552975,1.6034683
2023-12-21,10.931778,2.1232786
2023-12-22,2.9160051,1.4228712
2023-12-25,3.5188181,1.7199887
2023-12-26,-3.3245845,2.7762403
2023-12-27,2.0085006,2.1838877
2023-12-28,13.544538,2.8759122
2023-12-29,7.123198,1.9834168
2024-01-02,-4.2417464,2.6569762
2024-01-03,-2.5667706,1.8725585
2024-01-04,-4.479649,2.7929971
2024-01-05,-0.7438273,0.08250259
2024-01-08,-2.6927955,1.1528944
2024-01-09,3.7172325,0.3120711
2024-01-10,6.5849934,2.1673138
2024-01-11,11.194792,1.9885749
2024-01-12,3.5395262,0.17999728
2024-01-15,3.5589457,0.386659
2024-01-16,2.6090715,0.92598915
2024-01-17,-4.1939707,2.0283604
2024-01-18,7.382656,0.8218863
2024-01-19,4.229251,0.4955223
2024-01-22,-1.9485977,0.80607414
2024-01-23,9.856721,2.7655592
2024-01-24,-3.486335,2.9887056
2024-01-25,9.960762,1.7332036
2024-01-26,-2.8053012,1.3891462
2024-01-29,-6.1753087,2.8599267
2024-01-30,-1.2771982,0.46863642
2024-01-31,2.750761,0.85949135
2024-02-01,10.577891,3.0731514
2024-02-02,-5.236339,2.255905
2024-02-05,8.84164,0.38717532
2024-02-06,14.050234,2.9357948
2024-02-07,11.411109,3.2303689
2024-02-08,7.778205,3.0860403
2024-02-19,-2.0018742,2.8674796
2024-02-20,2.785944,1.5921612
2024-02-21,11.393886,2.2173839
2024-02-22,3.7095857,1.6064936
2024-02-23,-1.5555815,2.8849406
2024-02-26,2.3591254,2.1986752
2024-02-27,10.56599,1.5143373
2024-02-28,0.12135686,-0.39349532
2024-02-29,12.516597,3.0494106
2024-03-01,6.472385,0.8807899
2024-03-04,5.5497003,1.4474686
2024-03-05,7.7673163,2.200337
2024-03-06,7.0979085,0.60288894
2024-03-07,-3.9345806,1.3003881
2024-03-08,2.6466522,2.4972372
2024-03-11,13.223848,2.615507
2024-03-12,3.4091492,1.8508254
2024-03-13,-0.37225816,1.9864227
2024-03-14,0.43882445,0.22088873
2024-03-15,-0.8808046,3.0852041
2024-03-18,7.9087353,1.4547291
2024-03-19,0.34345794,1.049445
2024-03-20,5.353893,1.239397
2024-03-21,-0.33166346,1.576197
2024-03-22,-3.6257193,2.9047918
2024-03-25,0.28536785,0.24863578
2024-03-26,5.773408,1.2359158
2024-03-27,-4.294196,2.6933901
2024-03-28,9.597518,2.2004008
2024-03-29,3.9976025,1.8049532
2024-04-01,11.220765,3.0465176
2024-04-02,-1.1703566,2.0945811
2024-04-03,-0.68683577,1.7818345
2024-04-08,-2.4012737,1.0334548
2024-04-09,6.7003436,0.7721188
2024-04-10,-5.1647615,2.8533783
2024-04-11,7.2440643,2.2021594
2024-04-12,0.27179268,0.8087779
2024-04-15,11.099298,3.2857914
2024-04-16,-2.4401512,2.3671105
2024-04-17,8.684409,2.4038012
2024-04-18,6.4663157,1.4891531
2024-04-19,-3.5669553,2.7979786
2024-04-22,6.61501,2.17447
2024-04-23,0.67744577,2.4188635
2024-04-24,2.9913437,2.194518
2024-04-25,6.216153,1.5010601
2024-04-26,12.870955,2.6734445
2024-04-29,13.2628765,2.998681
2024-04-30,-1.571478,2.0271628
2024-05-06,3.3820586,1.0925659
2024-05-07,2.1269035,0.90729195
2024-05-08,-3.3417597,2.1825948
2024-05-09,9.870697,2.6464355
2024-05-10,-3.6752157,2.9130569
2024-05-13,3.6427794,0.5126683
2024-05-14,0.059603024,1.6557024
2024-05-15,-0.1600301,0.41347376
2024-05-16,2.9070342,1.2194749
2024-05-17,7.589847,1.0602809
2024-05-20,4.12275,0.7800623
2024-05-21,0.41141632,1.3065298
2024-05-22,6.827645,0.50400686
2024-05-23,-3.962013,2.5872228
2024-05-24,-1.104842,0.40761396
2024-05-27,-0.6041631,3.0712962
2024-05-28,-0.9829505,0.9060734
2024-05-29,4.429706,0.3499572
2024-05-30,3.7805574,1.297039
2024-05-31,2.670467,0.4777684
2024-06-03,6.2468,1.8979828
2024-06-04,8.87621,2.3426495
2024-06-05,4.1574316,0.32329044
2024-06-06,-1.3177315,0.89834005
2024-06-07,-5.6356816,3.014233
2024-06-11,6.6487584,0.3079228
2024-06-12,3.2854135,1.0540425
2024-06-13,1.521491,0.82015175
2024-06-14,2.0816224,2.9563224
2024-06-17,9.695712,2.698157
2024-06-18,4.5842285,0.46786413
2024-06-19,-4.085688,2.8465834
2024-06-20,-1.9406606,1.5320743
2024-06-21,0.6584191,2.4479578
2024-06-24,1.0434265,0.36309674
2024-06-25,-3.8210847,2.0377293
2024-06-26,9.036793,1.0647426
2024-06-27,-2.0949595,1.9530097
2024-06-28,3.852318,-0.07475996
2024-07-01,-0.7953061,3.16679
2024-07-02,0.56228685,0.60107756
2024-07-03,1.6649666,2.2709768
2024-07-04,-1.1716468,0.85518575
2024-07-05,2.1611078,2.8612926
2024-07-08,-1.4719313,0.5944692
2024-07-09,8.232878,0.3728615
2024-07-10,7.9274464,2.86007
2024-07-11,7.4516444,1.4965956
2024-07-12,5.6721525,0.75180906
2024-07-15,1.3128024,1.744448
2024-07-16,8.966531,1.3681718
2024-07-17,5.787955,0.53816247
2024-07-18,9.621481,1.3517724
2024-07-19,9.047924,2.0129225
2024-07-22,1.3233765,0.62743217
2024-07-23,-5.3655934,2.543479
2024-07-24,-0.24013053,0.37858686
2024-07-25,4.635021,1.1545981
2024-07-26,5.53645,1.4494295
2024-07-29,-2.2274067,2.4137397
2024-07-30,1.3359847,1.517003
2024-07-31,13.423514,2.8369641
2024-08-01,-3.5359805,2.5990586
2024-08-02,0.7050439,-0.060464155
2024-08-05,3.79128,-0.004069962
2024-08-06,1.083146,0.7799286
2024-08-07,3.300206,0.89254993
2024-08-08,2.3101666,1.9511983
2024-08-09,-2.5540469,1.1238643
2024-08-12,1.8414998,1.0732361
2024-08-13,3.7967892,1.776747
2024-08-14,-2.3782413,2.3792439
2024-08-15,7.499994,2.710202
2024-08-16,2.1721382,0.79748493
2024-08-19,4.3037,0.37349188
2024-08-20,-3.7691038,2.4913397
2024-08-21,3.2778249,0.66342986
2024-08-22,-1.4457242,2.1393025
2024-08-23,5.587835,0.66058725
2024-08-26,2.2476482,0.9702506
2024-08-27,-0.86156344,1.986152
2024-08-28,2.7959929,1.8420204
2024-08-29,10.693707,2.2857316
2024-08-30,13.249904,3.003981
2024-09-02,-5.2218595,2.6398873
2024-09-03,9.638304,2.7889462
2024-09-04,8.248332,2.6808264
2024-09-05,6.837761,2.1273906
2024-09-06,-3.7525187,1.7975726
2024-09-09,4.5916533,0.54017574
2024-09-10,-0.7008445,2.983516
2024-09-11,8.988686,2.7850168
2024-09-12,0.7568476,0.426645
2024-09-13,-0.9324449,0.92336696
2024-09-18,1.4597683,2.1641605
2024-09-19,6.5232,1.5497365
2024-09-20,-1.98536,2.813156
2024-09-23,2.7377465,0.37466583
2024-09-24,12.9973,2.2895222
2024-09-25,4.031571,-0.010726849
2024-09-26,11.734266,1.7055709
2024-09-27,14.015313,2.9041076
2024-09-30,13.889891,2.7448978
2024-10-08,-6.8907413,2.881264
2024-10-09,-5.8821845,3.003262
2024-10-10,-4.0013623,2.682463
2024-10-11,-6.342359,2.7363605
2024-10-14,2.216459,3.077107
2024-10-15,0.35470325,-0.43968064
2024-10-16,4.5726385,0.6450754
2024-10-17,1.2694359,-0.05403945
2024-10-18,13.968348,2.7965126
2024-10-21,7.494879,2.0393887
2024-10-22,5.057635,1.0074917
2024-10-23,6.389073,1.5687697
2024-10-24,-0.73481745,1.0896432
2024-10-25,11.554916,2.1580596
2024-10-28,-1.1850027,2.087779
2024-10-29,-5.21128,2.2252054
2024-10-30,0.65496117,0.12220198
2024-10-31,9.817017,2.982322
2024-11-01,1.9363365,0.19090602
2024-11-04,11.624162,3.0896301
2024-11-05,13.837878,2.927881
2024-11-06,4.0128937,-0.12043935
2024-11-07,12.621653,2.3705125
2024-11-08,-5.730434,2.4134007
2024-11-11,13.224806,2.7507415
2024-11-12,0.7016702,-0.37816536
2024-11-13,8.0189705,0.37651435
2024-11-14,-5.4895062,2.1901567
2024-11-15,-3.9754028,1.1961608
2024-11-18,-5.0557265,2.0254085
2024-11-19,7.3189387,0.5884329
2024-11-20,7.734381,1.1436945
2024-11-21,5.5485597,1.4801294
2024-11-22,-5.0374117,1.7773683
2024-11-25,-1.9005361,1.6682565
2024-11-26,2.9221234,0.028435988
2024-11-27,10.605775,1.6906046
2024-11-28,-2.3589046,2.0840108
2024-11-29,12.620074,2.3433783
2024-12-02,10.332352,2.810194
2024-12-03,-0.9518667,2.4199753
2024-12-04,-0.9913577,0.8339401
2024-12-05,5.9827704,1.7752109
2024-12-06,11.262844,2.1108377
2024-12-09,-1.1656623,1.5863367
2024-12-10,-6.6122837,2.8584197
2024-12-11,3.6892743,1.0925297
2024-12-12,8.424744,1.0830419
2024-12-13,-2.5018945,2.3366914
2024-12-16,-4.0713735,2.4711301
2024-12-17,6.3224874,2.2493446
2024-12-18,0.3704486,1.7684512
2024-12-19,9.31783,1.3496937
2024-12-20,5.11095,1.3831443
2024-12-23,1.0190464,-0.10434899
2024-12-24,5.7622185,1.1200202
2024-12-25,-1.7607105,2.417072
2024-12-26,5.201984,1.3425226
2024-12-27,3.3184063,0.90830904
2024-12-30,4.2435284,0.87642914
2024-12-31,-5.0565586,2.2577581
2025-01-02,-6.0181727,2.3862972
2025-01-03,-3.0027246,1.1070095
2025-01-06,1.8632212,0.40634823
2025-01-07,6.173222,0.7677952
2025-01-08,-1.6174667,3.0819862
2025-01-09,8.51761,2.6532028
2025-01-10,0.28897655,-0.018971737
2025-01-13,9.24974,3.0236018
2025-01-14,13.278983,2.5124562
2025-01-15,-2.4828517,2.0531015
2025-01-16,2.385351,0.59136593
2025-01-17,9.281637,1.5496993
2025-01-20,7.980682,2.729171
2025-01-21,-1.7817008,3.0137172
2025-01-22,0.032248564,2.1321406
2025-01-23,-0.46594775,-0.03147463
2025-01-24,10.617347,2.9009993
2025-01-27,-5.2784657,2.8360791
2025-02-05,-1.9945976,2.0091064
2025-02-06,12.052588,2.543728
2025-02-07,11.976813,3.2456799
2025-02-10,0.773913,2.5009885
2025-02-11,-3.7163696,2.851025
2025-02-12,8.102779,1.5198109
2025-02-13,3.095611,1.299313
2025-02-14,10.525501,2.4058979
2025-02-17,-1.9301318,1.5626322
2025-02-18,-0.23105267,-0.18049191
2025-02-19,10.905161,2.6343813
2025-02-20,2.4679878,2.5699005
2025-02-21,11.267684,2.110385
2025-02-24,-0.724658,1.0517981
2025-02-25,7.457118,1.7662241
2025-02-26,6.8685193,0.90149313
2025-02-27,-2.7917979,2.377708
2025-02-28,-5.4704814,2.1943758
2025-03-03,10.331176,3.267072
2025-03-04,6.9410095,0.5973091
2025-03-05,1.008939,2.2908309
2025-03-06,9.666892,2.2856312
2025-03-07,-0.74482006,1.1759073
2025-03-10,-1.5430185,2.6979942
2025-03-11,6.4490223,1.5454084
2025-03-12,-0.71023846,2.0766296
2025-03-13,-2.5391715,1.5233754
2025-03-14,12.354822,2.7767477
2025-03-17,-1.2166903,1.6184522
2025-03-18,2.99119,1.7240684
2025-03-19,2.136987,1.6526842
2025-03-20,-0.6261675,0.8808868
2025-03-21,-4.234097,1.7038914
2025-03-24,0.7557816,0.58644265
2025-03-25,0.5980322,1.8186392
2025-03-26,4.252997,0.5919453
2025-03-27,6.7489934,1.4977771
2025-03-28,0.51386064,1.4634057
2025-03-31,-2.7231936,2.2793002
2025-04-01,3.5701644,0.22108044
2025-04-02,4.0966578,0.4374524
2025-04-03,-0.33406433,0.61576223
2025-04-07,-6.885849,2.8767514
2025-04-08,4.401068,0.42649373
2025-04-09,13.181077,2.948831
2025-04-10,1.0708325,0.15941791
2025-04-11,11.398308,1.9665653
2025-04-14,-2.137874,1.7608879
2025-04-15,0.46085563,2.0091884
2025-04-16,-3.824826,2.676503
2025-04-17,8.692395,2.784815
2025-04-18,5.892335,0.73054683
2025-04-21,10.27913,2.2984984
2025-04-22,2.2223408,1.7923065
2025-04-23,2.712162,2.3781607
2025-04-24,1.3083161,0.44183135
2025-04-25,6.0135436,1.4998406
2025-04-28,-0.9352892,2.0480483
2025-04-29,3.6150024,1.2611316
2025-04-30,7.86292,2.18634
2025-05-06,8.2110405,2.2666056
2025-05-07,-4.572387,2.707354
2025-05-08,10.766259,2.9115067
2025-05-09,-1.84224,2.6797993
2025-05-12,6.4797835,0.740623
2025-05-13,-3.9857302,2.8537648
2025-05-14,7.6658196,0.2746444
2025-05-15,-3.852222,2.4209754
2025-05-16,5.2795863,1.4002475
2025-05-19,0.76593214,2.3160763
2025-05-20,6.038027,0.4312712
2025-05-21,7.70079,2.0365996
2025-05-22,-1.6307526,1.8600234
2025-05-23,1.5757688,-0.21860892
2025-05-26,-1.9528844,1.8147241
2025-05-27,-0.9690402,2.4440253
2025-05-28,0.91673404,0.5382494
2025-05-29,8.928134,2.505407
2025-05-30,-0.36640048,2.356736
2025-06-03,8.230132,2.6793582
2025-06-04,8.046969,2.3998342
2025-06-05,7.6255836,0.3793009
2025-06-06,0.35722634,1.6230326
2025-06-09,7.8351617,2.8715186
2025-06-10,-2.056724,0.8365484
2025-06-11,8.974293,2.684723
2025-06-12,6.3269973,1.8976101
2025-06-13,-0.06748946,1.6926624
2025-06-16,7.495963,2.1302516
2025-06-17,-0.82428133,1.8360159
2025-06-18,2.6058507,2.5185046
2025-06-19,-1.8797324,0.67858505
2025-06-20,-0.798532,1.3613745
2025-06-23,6.2873154,0.8816953
2025-06-24,10.695307,2.9326425
2025-06-25,10.367288,1.4534788
2025-06-26,0.8128699,0.35219932
2025-06-27,6.3940225,2.2081165
2025-06-30,6.876225,1.163539
2025-07-01,1.100176,2.434288
2025-07-02,-2.2338386,2.1796217
2025-07-03,9.2525835,1.488476
2025-07-04,2.5166397,1.5275522
2025-07-07,-1.6504575,2.4172938
2025-07-08,11.756717,2.5923748
2025-07-09,6.818755,2.4708252
2025-07-10,1.1230975,2.6106405
2025-07-11,7.755813,1.5774157
2025-07-14,1.2208155,2.2364361
2025-07-15,8.799403,2.503584
2025-07-16,2.7509859,0.121207945
2025-07-17,10.2783985,2.2524896
2025-07-18,1.7013812,0.35285145
2025-07-21,5.867237,0.748649
2025-07-22,5.4304485,1.3471483
2025-07-23,5.113864,1.4160519
2025-07-24,6.7266965,0.7495877
2025-07-25,0.031491812,1.7748146
2025-07-28,6.46343,1.2707754
2025-07-29,9.179682,1.4415382
2025-07-30,-2.7620068,1.6872433
2025-07-31,-3.4641466,1.0610836
2025-08-01,4.2099624,0.41003343
2025-08-04,6.724785,0.6178664
2025-08-05,-0.5691416,2.8869436
2025-08-06,7.487223,1.1830075
2025-08-07,-1.6714004,2.476241
2025-08-08,3.3718972,0.880654
2025-08-11,10.336205,2.6421921
2025-08-12,7.697024,1.4386698
2025-08-13,12.463451,2.3446233
2025-08-14,0.12522815,0.5259994
2025-08-15,12.6266575,2.5788229
2025-08-18,12.020017,3.073903
2025-08-19,4.449734,0.6366659
2025-08-20,6.2834063,0.41594848
2025-08-21,0.9578456,1.5152657
2025-08-22,12.973937,2.6822865
2025-08-25,7.6542583,1.8140082
2025-08-26,3.2094722,1.2841971
2025-08-27,10.634624,3.174593
2025-08-28,12.374691,2.7573154
2025-08-29,11.947564,3.094208
2025-09-01,8.165989,0.5341325
2025-09-02,-5.6705923,2.2346168
2025-09-03,5.862398,1.1498704
2025-09-04,-6.7232966,2.817646
2025-09-05,13.855662,2.843647
2025-09-08,-4.8765416,3.1082146
2025-09-09,0.60968757,-0.016256144
2025-09-10,7.8360233,0.9390823
2025-09-11,13.581124,2.670956
2025-09-12,1.9060512,0.9508257
2025-09-15,10.554673,3.2322352
2025-09-16,1.866499,2.6672912
2025-09-17,11.079987,1.9816154
2025-09-18,0.25074422,-0.16504997
2025-09-19,4.1291456,0.54178655
2025-09-22,1.5134039,2.5167537
2025-09-23,-5.369562,2.8388937
2025-09-24,12.350242,2.375923
2025-09-25,11.857565,2.923803
2025-09-26,-3.059372,1.0107609
2025-09-29,12.325168,2.9565465
2025-09-30,2.3632853,1.1919376
2025-10-09,9.665106,3.0156114
2025-10-10,-6.1883783,2.6204264
2025-10-13,12.560991,3.0340283
2025-10-14,-6.6455092,2.6706822
2025-10-15,9.407714,1.1748446
2025-10-16,7.875376,3.002525
2025-10-17,-5.3593936,2.6251347
2025-10-20,3.5058308,-0.047586884
2025-10-21,11.317802,2.559195
2025-10-22,3.8145704,0.41237876
2025-10-23,0.60686463,2.603525
2025-10-24,10.70696,1.5971073
2025-10-27,-0.5223315,2.9693253
2025-10-28,8.134471,2.770783
2025-10-29,9.033246,1.2033808
2025-10-30,-2.2056458,1.5436392
2025-10-31,-4.159241,1.6419517
2025-11-03,1.9774514,3.0257196
2025-11-04,-4.3640003,1.8934933
2025-11-05,11.56414,1.8936591
2025-11-06,9.460146,1.836348
2025-11-07,3.8282907,1.1626956
2025-11-10,-5.326126,3.094565
2025-11-11,-4.531544,2.2518625
2025-11-12,0.8192997,2.6721663
2025-11-13,11.954899,2.8585336
2025-11-14,-1.6375738,1.5855523
2025-11-17,3.09007,1.3558509
2025-11-18,0.73541576,0.16670686
2025-11-19,4.3422112,0.85372096
2025-11-20,-5.589571,2.8270118
2025-11-21,-5.529015,2.7796817
2025-11-24,-0.9179012,2.882095
2025-11-25,7.200369,2.7794762
2025-11-26,12.077393,2.8818157
2025-11-27,7.443631,2.9859567
2025-11-28,6.9224353,0.9770782
2025-12-01,6.3992944,0.6011695
2025-12-02,-2.1636727,1.8193809
2025-12-03,-2.727751,0.9572646
2025-12-04,7.751227,1.4025308
2025-12-05,2.4582944,2.9269085
2025-12-08,12.03832,3.0894878
2025-12-09,6.711039,2.4632742
2025-12-10,-0.8967415,3.1568167
2025-12-11,0.80523145,-0.38323665
2025-12-12,7.03613,0.3783676
2025-12-15,1.3318346,-0.019321458
2025-12-16,-4.282427,2.8459613
2025-12-17,11.804933,2.0312374
2025-12-18,-2.3392482,2.1488287
2025-12-19,1.9408448,0.7518786
2025-12-22,8.829447,2.4072266
2025-12-23,4.456202,1.3238984
2025-12-24,3.0506477,2.3662422
2025-12-25,2.4463444,2.6636028
2025-12-26,3.7308705,0.8367444
2025-12-29,1.2031529,1.2104958
2025-12-30,8.45061,1.9790492
2025-12-31,-2.741739,1.6696606
2026-01-05,10.167002,2.1488204
2026-01-06,3.3840067,2.1866965
2026-01-07,1.9561013,0.49266613
2026-01-08,2.0335772,0.61050653
2026-01-09,8.314711,2.1516285
2026-01-12,8.744706,0.6420186
2026-01-13,-3.5849986,1.2845497
2026-01-14,7.7970333,3.0754967
2026-01-15,6.4305034,0.69664663
2026-01-16,-2.0643065,1.8922336
2026-01-19,3.6893053,0.19495359
2026-01-20,-4.942799,2.727753
2026-01-21,10.5264435,3.1991534
2026-01-22,1.8371946,2.4455779
2026-01-23,3.056564,2.0892923
2026-01-26,-3.8453321,2.9229498
2026-01-27,6.928865,0.28604615
2026-01-28,-1.9666969,2.5574129
2026-01-29,4.2597346,0.31068012
2026-01-30,9.832486,1.2499752
2026-02-02,-4.18578,1.618391
2026-02-03,0.1420474,2.9600027
2026-02-04,-1.1327778,3.166592
2026-02-05,-0.64125544,2.525396
2026-02-06,9.582165,2.2047517
2026-02-09,7.6201005,1.3236127
2026-02-10,0.5612385,1.3889383
2026-02-11,-0.7259423,1.4772378
2026-02-12,8.380702,1.8145658
2026-02-13,-0.3064559,0.69781166
2026-02-24,0.90996134,1.2759067
2026-02-25,8.436248,1.4183967
2026-02-26,0.9371038,2.3099964
2026-02-27,0.043980982,2.1332738
2026-03-02,8.699106,1.7752103
2026-03-03,-5.2165055,2.2289193
2026-03-04,0.8661073,0.14808093
2026-03-05,3.0187974,0.38670942
2026-03-06,8.09787,1.4596231
2026-03-09,-0.6767188,3.2410667
2026-03-10,6.723929,0.87435824
2026-03-11,9.493532,2.9824176
2026-03-12,-3.5913527,2.7209997
2026-03-13,7.1323557,2.6126406
2026-03-16,7.6590195,0.28378144
2026-03-17,-5.120511,1.9282012
2026-03-18,6.760903,0.271873
2026-03-19,6.825987,2.5948174
2026-03-20,9.258329,2.924057
2026-03-23,-3.9374304,1.1388918
2026-03-24,-5.7846384,3.0864108
2026-03-25,6.9513793,1.6559715
2026-03-26,-0.20443295,-0.08639936
2026-03-27,9.68195,2.0278175
2026-03-30,6.2858577,0.3576327
2026-03-31,-3.9487994,1.5378908
2026-04-01,-1.1395183,2.9940875
2026-04-02,-4.8293657,2.2537873
2026-04-03,-2.0120153,1.7048434
2026-04-07,1.986897,1.9019877
2026-04-08,12.13492,2.345042
2026-04-09,2.7484043,1.3149904
2026-04-10,12.860858,2.8731518
2026-04-13,8.876267,2.6032956
2026-04-14,7.2518997,1.867419
2026-04-15,-5.355394,2.4981568
2026-04-16,12.0495405,2.7162259
2026-04-17,7.0117903,1.133575
2026-04-20,4.5223265,0.7215547
2026-04-21,2.0859761,2.8536398
2026-04-22,10.997501,2.0439565
2026-04-23,-3.503882,2.6796937
2026-04-24,-0.8844576,2.8526952
2026-04-27,-0.8935031,1.2448874
2026-04-28,-0.572537,1.1825525
2026-04-29,12.613397,2.5245628
2026-04-30,0.56749713,2.0421808
2026-05-06,8.198515,2.8050344
2026-05-07,2.3490155,2.9346466
2026-05-08,3.7826033,0.47655284
2026-05-11,11.92503,2.2716043
2026-05-12,0.47461975,1.291815
2026-05-13,11.909842,1.9095727
2026-05-14,-5.926045,3.0365255
2026-05-15,0.47559726,1.6261548
2026-05-18,4.253909,0.07006782
2026-05-19,-0.7204542,3.1535668
2026-05-20,7.9094644,1.9810783
2026-05-21,0.0076313657,-0.4327432
2026-05-22,9.306584,1.3152394
2026-05-25,6.813894,0.17539649
2026-05-26,6.2260046,1.3946795
2026-05-27,7.648892,3.0796547
2026-05-28,8.68792,0.36387143
2026-05-29,-3.9486468,1.9901962
2026-06-01,-2.9414604,0.98046184
2026-06-02,11.310895,2.0562274
2026-06-03,11.085876,3.2961442
2026-06-04,7.1889424,2.191521
2026-06-05,-3.900052,1.0707974
2026-06-08,7.4609146,3.0257723
2026-06-09,9.07086,0.7401922
2026-06-10,-3.9917881,2.415559
2026-06-11,-0.34155488,0.13069363
2026-06-12,-4.783267,2.396313
2026-06-15,12.079277,2.1810348
2026-06-16,9.664102,2.485975
